model,subset,model_group,role,matrix,mean_row_norm,mean_vec_norm,mu_over_row_norm,sigma1,sigma1_centered,sigma1_over_mean_row,sigma1_c_over_mean_row,sigma1_over_mean_sqrt_n,sigma1_c_over_mean_sqrt_n,cos_v1_mu,cos_v1_v1_centered,rank1_energy_frac,rank5_energy_frac,rank10_energy_frac,participation_ratio,effective_rank,isotropy_pr_over_d,sigma_ratio,rank1_centered_energy_frac,rank5_centered_energy_frac,participation_ratio_centered,effective_rank_centered,isotropy_pr_over_d_centered,sigma_ratio_centered,tied,vocab_size,hidden_dim
DeepSeek-R1,other_models,deepseek_r1,,E,3.157231330871582,0.2487489879131317,0.07878706431196549,105.24668884277344,98.53364562988281,33.33512112769993,31.20887743207645,0.09271208879823539,0.08679855113445509,0.6771774291992188,0.8598442077636719,0.00842201802879572,0.03058130294084549,0.05088023096323013,1330.3250732421875,3784.923583984375,0.18559222561972483,22.022963645961358,0.007427269127219915,0.028900988399982452,1397.23193359375,3838.98779296875,0.1949263300214495,20.691667960058258,False,129280,7168
DeepSeek-R1,other_models,deepseek_r1,,U,6.671839237213135,0.5322810411453247,0.07978025582158084,256.1433410644531,235.04615783691406,38.39171358263207,35.22958954495046,0.10677555198177247,0.0979810099295774,0.7969073057174683,0.7498265504837036,0.011168965138494968,0.028381329029798508,0.037673018872737885,2104.526123046875,4921.236328125,0.293600184576852,90.05016472490222,0.009464128874242306,0.024081798270344734,2468.456787109375,5013.21484375,0.34437176159449984,89.40519932307093,False,129280,7168
DeepSeek-R1-0528,other_models,deepseek_r1,,E,3.157231569290161,0.24874790012836456,0.0787867138248242,105.24674987792969,98.53412628173828,33.33513794225498,31.20902731372715,0.09271213556310286,0.08679896798732495,0.6771613955497742,0.85985267162323,0.008422025479376316,0.030581289902329445,0.050880420953035355,1330.3125,3784.8876953125,0.18559047154017858,22.02158553748174,0.0074273403733968735,0.028901057317852974,1397.21630859375,3838.944091796875,0.19492415019444057,20.690790982204508,False,129280,7168
DeepSeek-R1-0528,other_models,deepseek_r1,,U,6.672057151794434,0.5328844785690308,0.0798680926205365,256.2407531738281,235.07093811035156,38.40505969061023,35.232152957072586,0.10681267035741122,0.09798813932596936,0.7973263263702393,0.749396800994873,0.011176681146025658,0.02840118482708931,0.03770466893911362,2103.25830078125,4920.6875,0.2934233120509556,90.12082049859836,0.009465591982007027,0.024096837267279625,2467.7607421875,5012.86572265625,0.3442746571132115,95.34524450638168,False,129280,7168
DeepSeek-R1-Distill-Llama-70B,other_models,deepseek_r1_distill_llama,,E,0.81513911485672,0.07679086178541183,0.09420583601721731,28.86534881591797,18.911739349365234,35.411561400769905,23.200627972182907,0.09887949299928066,0.06478297596627576,0.9906260967254639,0.0317830927670002,0.009572796523571014,0.02228377014398575,0.03317110240459442,2534.339599609375,5681.82177734375,0.3093676269054413,24.084900084586362,0.0041452208533883095,0.015684762969613075,3210.800048828125,5839.25,0.3919433653354645,15.821573237727682,False,128256,8192
DeepSeek-R1-Distill-Llama-70B,other_models,deepseek_r1_distill_llama,,U,0.9398330450057983,0.12526004016399384,0.13327903379181677,56.53783416748047,36.05907440185547,60.15731673611418,38.36753197120559,0.16797691894305417,0.1071334321017547,0.9896788597106934,0.9668831825256348,0.027555126696825027,0.03362967073917389,0.03650546073913574,1099.49658203125,6517.69580078125,0.13421589136123657,73.59066999217002,0.011406805366277695,0.016843870282173157,3541.924560546875,7075.14794921875,0.4323638379573822,53.825450342661924,False,128256,8192
DeepSeek-R1-Distill-Llama-8B,other_models,deepseek_r1_distill_llama,,E,0.6813199520111084,0.08688030391931534,0.1275176276033948,31.824626922607422,19.005783081054688,46.71025239855084,27.895532818250437,0.13042876090001282,0.07789253093915899,0.995525062084198,0.26804375648498535,0.016750987619161606,0.03247135877609253,0.04220901429653168,1546.9017333984375,3396.888916015625,0.3776615560054779,16.13080678649478,0.006071644369512796,0.01889616623520851,2618.989501953125,3574.79296875,0.6394017338752747,9.637110282519032,False,128256,4096
DeepSeek-R1-Distill-Llama-8B,other_models,deepseek_r1_distill_llama,,U,0.9040384888648987,0.23978981375694275,0.2652429257276649,99.0086669921875,51.47425842285156,109.51819885069467,56.93812714487644,0.3058070174876742,0.15898799492901083,0.9962831139564514,0.9669657945632935,0.0917370393872261,0.10054655373096466,0.10577625036239624,115.44671630859375,2418.332275390625,0.02818523347377777,63.34078022009587,0.02663445472717285,0.03446444496512413,1015.2073974609375,3455.173095703125,0.2478533685207367,33.6089477867827,False,128256,4096
DeepSeek-R1-Distill-Qwen-1.5B,other_models,deepseek_r1_distill_qwen,,E,1.1660845279693604,0.5936571955680847,0.509103054991982,239.97193908691406,68.36502838134766,205.7929192361426,58.62784964688597,0.5279588613080698,0.15040892978923479,0.9996163845062256,0.9281848669052124,0.27299413084983826,0.28536340594291687,0.2920489013195038,13.341595649719238,349.30255126953125,0.008685934667785963,84.84644156551443,0.029695186764001846,0.04314638301730156,619.2021484375,1304.097412109375,0.40312639872233075,24.279966729568596,False,151936,1536
DeepSeek-R1-Distill-Qwen-1.5B,other_models,deepseek_r1_distill_qwen,,U,1.1393234729766846,0.6330536007881165,0.5556399177260446,255.93145751953125,71.68305206298828,224.6345867437146,62.917208117992686,0.5762968962577967,0.161413219064849,0.9997068643569946,0.9485995173454285,0.3265666961669922,0.33724522590637207,0.34389621019363403,9.345450401306152,248.46041870117188,0.006084277605017026,127.9016148697062,0.03678766265511513,0.04955868050456047,484.15509033203125,1271.0738525390625,0.3152051369349162,40.16382795652433,False,151936,1536
DeepSeek-R1-Distill-Qwen-14B,other_models,deepseek_r1_distill_qwen,,E,1.1442793607711792,0.07765588909387589,0.06786444967559341,36.06441116333008,36.03929901123047,31.51713855873859,31.495192735925983,0.08082274117911147,0.08076646317805372,0.10195019096136093,0.9965070486068726,0.006118642166256905,0.01911015622317791,0.028949681669473648,1809.4132080078125,2554.555419921875,0.3534010171890259,28.345841705430587,0.006136787589639425,0.016377730295062065,1878.41748046875,2574.753173828125,0.36687841415405276,28.34097718391985,False,152064,5120
DeepSeek-R1-Distill-Qwen-14B,other_models,deepseek_r1_distill_qwen,,U,1.185399055480957,0.1837417483329773,0.15500412918620637,79.12639617919922,37.907508850097656,66.75085138067276,31.97868993974968,0.17117628792889292,0.08200634633853283,0.9952236413955688,0.8831984400749207,0.02835329994559288,0.0352097824215889,0.039601776748895645,974.9403686523438,4249.65185546875,0.1904180407524109,67.36330865154046,0.006662541534751654,0.012613654136657715,3677.694091796875,4684.189453125,0.7182996273040771,33.50602745796868,False,152064,5120
DeepSeek-R1-Distill-Qwen-32B,other_models,deepseek_r1_distill_qwen,,E,1.2084529399871826,0.06891073286533356,0.05702392752345363,38.822959899902344,38.205196380615234,32.126166121383356,31.614964154930565,0.08238453515272509,0.08107360573101173,0.37601780891418457,0.9766110777854919,0.006294552236795425,0.0186427254229784,0.029352718964219093,1604.5919189453125,2282.4453125,0.31339685916900634,32.937304142103336,0.006114467978477478,0.017084039747714996,1635.4949951171875,2293.221435546875,0.3194326162338257,32.445862147555125,False,152064,5120
DeepSeek-R1-Distill-Qwen-32B,other_models,deepseek_r1_distill_qwen,,U,1.2312781810760498,0.20179881155490875,0.16389376069228392,92.08597564697266,50.681949615478516,74.78892833664611,41.16206263899364,0.1917891812021716,0.10555624295871696,0.9939929246902466,0.9550842046737671,0.03556575998663902,0.0464051328599453,0.05083318427205086,663.2512817382812,4055.21630859375,0.12954126596450805,77.09852276085914,0.01106097362935543,0.021544866263866425,2665.978271484375,4555.3125,0.520698881149292,42.45983083816234,False,152064,5120
DeepSeek-R1-Distill-Qwen-7B,other_models,deepseek_r1_distill_qwen,,E,1.0362468957901,0.08136723190546036,0.07852108627396258,49.24584197998047,42.29948806762695,47.523270930941926,40.81989363681051,0.12186896406467548,0.1046787826952663,0.8761921525001526,0.9499003887176514,0.012972052209079266,0.03085947036743164,0.044732414186000824,1018.9144897460938,1635.19140625,0.28429533754076275,28.64169097879917,0.009622731246054173,0.026921363547444344,1106.1285400390625,1655.7979736328125,0.3086296149662563,24.60886174403145,False,152064,3584
DeepSeek-R1-Distill-Qwen-7B,other_models,deepseek_r1_distill_qwen,,U,1.0287798643112183,0.43358558416366577,0.42145613381921804,178.6538543701172,61.7621955871582,173.6560566236668,60.03441331786642,0.4453246443208037,0.15395261344511846,0.9991861581802368,0.9330716133117676,0.1934138536453247,0.20848411321640015,0.21260663866996765,26.532264709472656,1116.0621337890625,0.007402975644384112,198.88067229857288,0.027960414066910744,0.04337046295404434,860.2504272460938,2982.23193359375,0.2400252308164324,85.85360279360056,False,152064,3584
DeepSeek-V2-Lite,other_models,deepseek_v2_moe,,E,5.785749435424805,0.8541661500930786,0.1476327586644553,294.0365905761719,191.23440551757812,50.820830362243804,33.052659409461135,0.1588150948820119,0.10328956065456604,0.9853805303573608,0.18097016215324402,0.0238303504884243,0.05628024414181709,0.08101116865873337,570.127685546875,1304.9564208984375,0.27838265895843506,30.312422343513468,0.010291991755366325,0.04059717059135437,787.72119140625,1378.626220703125,0.384629487991333,19.71597888192301,False,102400,2048
DeepSeek-V2-Lite,other_models,deepseek_v2_moe,,U,6.739804744720459,1.5701016187667847,0.23295951117822872,532.0665893554688,200.8365478515625,78.9439174439373,29.79857064982265,0.24669974201230402,0.09312053328069578,0.9984201192855835,0.8330446481704712,0.05935639142990112,0.0742378756403923,0.08456746488809586,241.6748809814453,1420.349609375,0.11800531297922134,51.66272785989104,0.008929827250540257,0.023496145382523537,1329.4906005859375,1744.8953857421875,0.6491653323173523,19.59974897267257,False,102400,2048
DeepSeek-V2-Lite-Chat,other_models,deepseek_v2_moe,,E,5.785707950592041,0.8541279435157776,0.14762721361149525,294.0210876464844,191.23361206054688,50.81851523743049,33.05275926362275,0.1588078601169703,0.10328987269882109,0.9853852987289429,0.18090473115444183,0.023828215897083282,0.056276895105838776,0.08100509643554688,570.1883544921875,1305.0167236328125,0.2784122824668884,30.30283386802229,0.010292056016623974,0.040594346821308136,787.7880859375,1378.683349609375,0.3846621513366699,19.710873729603236,False,102400,2048
DeepSeek-V2-Lite-Chat,other_models,deepseek_v2_moe,,U,6.738327503204346,1.5701062679290771,0.23301127277984462,532.04345703125,200.7992401123047,78.9577913478147,29.79956673474487,0.24674309796192098,0.09312364604607773,0.9984205961227417,0.8326816558837891,0.05937753990292549,0.07426176220178604,0.08457832783460617,241.5390625,1420.3720703125,0.11793899536132812,51.5251695107355,0.0089306915178895,0.023497281596064568,1329.826904296875,1745.114990234375,0.6493295431137085,19.557463311397314,False,102400,2048
DeepSeek-V3,base_instruct,deepseek_v3_moe,base,E,3.157227039337158,0.24874719977378845,0.07878660504124262,105.24723052978516,98.53486633300781,33.33533800973693,31.209306491209656,0.09271269199348392,0.0867997444395073,0.6771459579467773,0.859865128993988,0.008422126062214375,0.030581478029489517,0.05088045820593834,1330.31005859375,3784.88037109375,0.18559013094220841,22.02331651712557,0.007427471224218607,0.02890126220881939,1397.2135009765625,3838.940185546875,0.1949237585067749,20.692380144612187,False,129280,7168
DeepSeek-V3,base_instruct,deepseek_v3_moe,base,U,6.672220230102539,0.5329777002334595,0.07988011214451005,256.23529052734375,235.0500946044922,38.40330230277874,35.22816791089043,0.10680778268665515,0.09797705606174212,0.7973135113716125,0.7493739128112793,0.011175662279129028,0.02840595319867134,0.03771703690290451,2103.1201171875,4920.38720703125,0.29340403420584543,90.10455135299283,0.009463475085794926,0.024104513227939606,2467.43505859375,5012.564453125,0.34422922134399414,97.35088655648964,False,129280,7168
DeepSeek-V3-Base,base_instruct,deepseek_v3_moe,base,E,3.157236337661743,0.24874533712863922,0.07878578304748025,105.24549102783203,98.53364562988281,33.3346888772277,31.208827940596006,0.09271088661738804,0.08679841348808169,0.6771398782730103,0.8598593473434448,0.008421797305345535,0.030581189319491386,0.050879962742328644,1330.3359375,3784.923583984375,0.18559374128069198,22.020643250093592,0.0074272421188652515,0.02890104055404663,1397.2381591796875,3838.98779296875,0.19492719854627336,20.68997118282723,False,129280,7168
DeepSeek-V3-Base,base_instruct,deepseek_v3_moe,base,U,6.672492980957031,0.5337426662445068,0.07999149160108258,256.3831481933594,235.1259765625,38.4238917785398,35.23810024731956,0.10686504641453408,0.0980046800098737,0.7975395321846008,0.749174952507019,0.01118769682943821,0.028441645205020905,0.037767864763736725,2100.817138671875,4919.28466796875,0.2930827481406076,90.16718145902382,0.009469018317759037,0.024132512509822845,2465.55078125,5011.69482421875,0.3439663478306362,100.32872432262957,False,129280,7168
DeepSeek-V3.1,base_instruct,deepseek_v3_moe,base,E,3.155202865600586,0.24884195625782013,0.07886718124238697,105.28929901123047,98.56958770751953,33.37005685407454,31.240332842673503,0.09280925251194941,0.08688603534695538,0.6771912574768066,0.8599218726158142,0.008440273813903332,0.03063010796904564,0.05095834285020828,1327.412353515625,3781.229248046875,0.18518587521144322,22.139668989341498,0.007442868314683437,0.028945229947566986,1394.298095703125,3835.368896484375,0.19451703344072616,20.80169283170505,False,129280,7168
DeepSeek-V3.1,base_instruct,deepseek_v3_moe,base,U,6.668075084686279,0.527777910232544,0.07914996509931696,254.40463256835938,234.21630859375,38.152634656532015,35.125025681196185,0.10611062244569955,0.09769019550042517,0.7911380529403687,0.7506957650184631,0.011030501686036587,0.028076432645320892,0.037274278700351715,2129.397216796875,4933.77880859375,0.297069924218314,89.41012364741101,0.009407282806932926,0.02390473708510399,2488.364013671875,5023.935546875,0.34714899744306293,84.43394264183758,False,129280,7168
DeepSeek-V3.1-Base,base_instruct,deepseek_v3_moe,base,E,3.1552069187164307,0.24883738160133362,0.0788656300559087,105.2882308959961,98.57015991210938,33.36967546294187,31.240474064442243,0.09280819178178366,0.08688642811484465,0.6771366596221924,0.859948456287384,0.008440081030130386,0.03063155524432659,0.05095967277884483,1327.4091796875,3781.268798828125,0.18518543243408203,22.138123659634065,0.0074429321102797985,0.02894684299826622,1394.28759765625,3835.4052734375,0.1945155688694545,20.800720953221997,False,129280,7168
DeepSeek-V3.1-Base,base_instruct,deepseek_v3_moe,base,U,6.669333457946777,0.5296940803527832,0.07942234163170107,254.7626953125,234.3738555908203,38.199123933283026,35.14202087339845,0.10623991904965652,0.09773746275835903,0.7921059131622314,0.7496278285980225,0.011057499796152115,0.028155511245131493,0.03738759458065033,2124.104736328125,4931.21044921875,0.2963315759386335,89.53537157330258,0.009416874498128891,0.02396468259394169,2484.2666015625,5021.95263671875,0.3465773718697684,85.57853895935705,False,129280,7168
DeepSeek-V3.2,other_models,deepseek_v3_moe,,E,3.152761220932007,0.2489101141691208,0.07894987813112563,105.32757568359375,98.60216522216797,33.408040857739685,31.274859817331674,0.0929148941356059,0.0869820622348788,0.6771851778030396,0.8600099682807922,0.008460174314677715,0.030688846483826637,0.05105128139257431,1323.97998046875,3776.803466796875,0.18470702852521623,22.274419704040923,0.00746002234518528,0.02899910695850849,1390.8094482421875,3831.00732421875,0.19403033597128733,20.932660668530854,False,129280,7168
DeepSeek-V3.2,other_models,deepseek_v3_moe,,U,6.669526100158691,0.5255536437034607,0.07879924837402705,254.11753845214844,234.48179626464844,38.10128855273572,35.15718999271467,0.10596781796881256,0.09777965131773605,0.7860739231109619,0.7556476593017578,0.01100082229822874,0.02801959402859211,0.03718860447406769,2133.60107421875,4935.64208984375,0.2976563998631069,89.1839642837495,0.009423994459211826,0.023889891803264618,2488.66015625,5024.845703125,0.3471903119768415,95.0363399843419,False,129280,7168
DeepSeek-V3.2-Speciale,other_models,deepseek_v3_moe,,E,3.1527657508850098,0.24890702962875366,0.07894878633431082,105.32544708251953,98.60079956054688,33.40731770286255,31.27438171797849,0.09291288288750131,0.0869807325385049,0.6771717071533203,0.8600090742111206,0.008459808304905891,0.03068888932466507,0.05105089768767357,1324.0078125,3776.861083984375,0.1847109113420759,22.274409799936155,0.0074597932398319244,0.028999201953411102,1390.8348388671875,3831.06591796875,0.19403387819017684,20.93272674098163,False,129280,7168
DeepSeek-V3.2-Speciale,other_models,deepseek_v3_moe,,U,6.669405937194824,0.5250520706176758,0.07872546304154258,254.03781127929688,234.41525268554688,38.09002086116025,35.14784598403719,0.10593648011292495,0.0977536636346879,0.7865781784057617,0.7550991773605347,0.010994330048561096,0.027994003146886826,0.0371522456407547,2134.885009765625,4936.17919921875,0.2978355203356062,89.1589080309175,0.009418889880180359,0.02386639267206192,2490.146240234375,5025.27734375,0.3473976339612688,91.32202697780184,False,129280,7168
DeepSeek-V4-Flash,other_models,deepseek_v4_moe,,E,7.287117004394531,1.7236814498901367,0.23653818771547955,632.954345703125,383.6170654296875,86.85936363055771,52.64318731239602,0.24157443445384366,0.1464119430684594,0.9944315552711487,0.285088449716568,0.055334001779556274,0.09868241846561432,0.12530802190303802,227.14443969726562,1610.8798828125,0.05545518547296524,41.53843991255448,0.02146453782916069,0.05383990332484245,644.7848510742188,1967.9080810546875,0.1574181765317917,25.178063921535998,False,129280,4096
DeepSeek-V4-Flash,other_models,deepseek_v4_moe,,U,11.286922454833984,1.2406079769134521,0.10991552231158656,684.067138671875,556.7587280273438,60.607055768235696,49.32777116661186,0.16856116150467923,0.1371910629362547,0.9393850564956665,0.9630545377731323,0.027945751324295998,0.04936585575342178,0.058836761862039566,799.4027709960938,2948.91357421875,0.1951666921377182,95.87595436183985,0.018735036253929138,0.038763824850320816,1234.63818359375,3085.931396484375,0.30142533779144287,85.1970935986233,False,129280,4096
DeepSeek-V4-Pro,other_models,deepseek_v4_moe,,E,7.427170753479004,1.3341357707977295,0.1796290694101518,503.7834777832031,369.52618408203125,67.8297960966123,49.75329049879988,0.1886491443899315,0.1383745230460906,0.9680218696594238,0.48463672399520874,0.034781262278556824,0.07141488790512085,0.09331689774990082,455.9310302734375,2838.510009765625,0.06360644953591484,52.48860206334985,0.019322948530316353,0.045821256935596466,876.5968017578125,3195.857177734375,0.1222930806023734,38.50524597761606,False,129280,7168
DeepSeek-V4-Pro,other_models,deepseek_v4_moe,,U,9.535567283630371,1.0334105491638184,0.10837431255273776,573.6236572265625,478.0922546386719,60.15621726158835,50.137788389308405,0.1673072833651089,0.1394438937686688,0.9170883297920227,0.9528397917747498,0.0274245236068964,0.04928920790553093,0.05716570466756821,889.9595336914062,4757.7685546875,0.12415730101721627,135.27439660002625,0.019272683188319206,0.03916648402810097,1393.210693359375,4993.6083984375,0.1943653311048235,143.17709708237098,False,129280,7168
GLM-5-744B,other_models,glm5,,E,0.7069623470306396,0.03903050348162651,0.055208744349060694,24.482418060302734,24.29103660583496,34.63044130020926,34.35973175638191,0.08799547822509557,0.08730760897264568,0.2846551537513733,0.9739781618118286,0.007551261223852634,0.03006719797849655,0.04913398250937462,1375.924560546875,3375.88427734375,0.2239460547765096,14.381180314186102,0.007456070743501186,0.029760779812932014,1394.2645263671875,3393.04248046875,0.22693107525507608,14.270154192294438,False,154880,6144
GLM-5-744B,other_models,glm5,,U,1.5126715898513794,0.31212034821510315,0.206337152300037,134.6244354248047,60.199188232421875,88.9977945827829,39.796601348437086,0.22614218015302848,0.1011226203279149,0.9967048168182373,0.9279181957244873,0.05000196024775505,0.05858669430017471,0.06486644595861435,363.4927978515625,3864.819580078125,0.05916223923365275,90.20153049482002,0.010432799346745014,0.01884048618376255,2643.749267578125,4708.76953125,0.43029773235321045,40.39875219935987,False,154880,6144
GLM-5.1,other_models,glm5.1,,E,0.705330491065979,0.038924891501665115,0.05518674152713462,24.422021865844727,24.23624610900879,34.62493423322062,34.36154599297147,0.0879814848431146,0.08731221892303376,0.28118202090263367,0.9745570421218872,0.007548921275883913,0.030069973319768906,0.04913637787103653,1375.871826171875,3376.203125,0.22393747170766196,14.378647480414381,0.0074569000862538815,0.029765386134386063,1394.15283203125,3393.3369140625,0.2269128958384196,14.27079505482064,False,154880,6144
GLM-5.1,other_models,glm5.1,,U,1.5053002834320068,0.31098389625549316,0.206592597954254,134.15794372558594,59.9915771484375,89.12370853987535,39.8535613184499,0.22646212579777253,0.10126735483353423,0.9967327117919922,0.9284548759460449,0.05013981834053993,0.05872940272092819,0.06499434262514114,361.82086181640625,3869.03857421875,0.0588901142279307,89.30412199332184,0.010463000275194645,0.018875714391469955,2647.36962890625,4717.3232421875,0.43088698387145996,40.02583499195016,False,154880,6144
Gemma-2-27B,base_instruct,gemma2,base,E,0.9992181658744812,0.14210982620716095,0.1422210194535358,85.61847686767578,71.80679321289062,85.6854686911596,71.8629781415631,0.16935077715194446,0.142031681481396,0.8867964744567871,0.7331209182739258,0.028679855167865753,0.0678827166557312,0.08993613719940186,611.029541015625,2973.59423828125,0.1326018969217936,271.54795735382737,0.02058958262205124,0.05127386748790741,949.6524658203125,3201.265380859375,0.20608777470058864,232.65082391107393,True,256000,4608
Gemma-2-27B-Instruct,base_instruct,gemma2,instruct,E,0.9936172366142273,0.1479528248310089,0.14890323897274713,87.01699829101562,71.29094696044922,87.57597501783279,71.74890323297399,0.17308721835397295,0.1418062211470103,0.9094350337982178,0.6876587867736816,0.02995743602514267,0.0695292204618454,0.09165489673614502,580.2246704101562,2948.893798828125,0.12591681215498182,198.2409934213121,0.020564831793308258,0.051225826144218445,951.36572265625,3200.758544921875,0.20645957522922093,173.51906468291278,True,256000,4608
Gemma-2-2B,base_instruct,gemma2,base,E,1.7797690629959106,0.7348749041557312,0.4129046399529531,409.6663818359375,191.76483154296875,230.1795161819142,107.74703051651447,0.4549322136565208,0.21295376721990897,0.9955878257751465,0.9067185521125793,0.2028750628232956,0.2383703589439392,0.25363197922706604,23.874555587768555,651.6728515625,0.010362220307191214,222.475869077123,0.053373366594314575,0.08813517540693283,270.1596984863281,1527.071533203125,0.11725681357913548,135.21380582170357,True,256000,2304
Gemma-2-2B-Instruct,base_instruct,gemma2,instruct,E,1.77203369140625,0.7366922497749329,0.4157326428654462,410.54620361328125,192.2344207763672,231.68081149037303,108.4823735060104,0.45789940904105514,0.21440711641256174,0.9955140948295593,0.9056824445724487,0.20550543069839478,0.24136534333229065,0.2566915452480316,23.274322509765625,639.2216796875,0.010101702478196885,233.51357203805182,0.05424952134490013,0.08934205770492554,262.9160461425781,1516.3787841796875,0.11411286724938287,122.62930786999446,True,256000,2304
Gemma-2-9B,base_instruct,gemma2,base,E,1.722504734992981,0.8435725569725037,0.48973598727201245,446.399658203125,184.51974487304688,259.15728946019067,107.12292461349824,0.5122045668310945,0.21172026962322935,0.9982805848121643,0.3268817961215973,0.25839319825172424,0.32814663648605347,0.34395793080329895,14.475106239318848,503.5605773925781,0.004038813124809947,174.10188303152125,0.057806797325611115,0.12294954806566238,182.25271606445312,1826.9281005859375,0.05085176229476929,79.64142809435623,True,256000,3584
Gemma-2-9B-Instruct,base_instruct,gemma2,instruct,E,1.7215255498886108,0.8277376294136047,0.4808163488872776,438.94390869140625,185.93714904785156,254.97379851249235,108.00719690734907,0.5039362168527051,0.21346796619844827,0.9981328845024109,0.33458399772644043,0.25009390711784363,0.31988680362701416,0.3360719382762909,15.406484603881836,533.2888793945312,0.00429868432027953,181.8823077757495,0.058109115809202194,0.12200821936130524,183.0555419921875,1834.717041015625,0.05107576506478446,78.36768201652887,True,256000,3584
Gemma-3-12B,base_instruct,gemma3,base,E,0.9645566344261169,0.12159864604473114,0.126066880579883,81.34658813476562,78.96621704101562,84.3357302530654,81.86789061691356,0.16469811962653427,0.1598787086082812,0.4735181927680969,0.9570009708404541,0.02711757831275463,0.06314380466938019,0.0768384262919426,673.7057495117188,2720.892333984375,0.1754442056020101,33.011124476883474,0.025967780500650406,0.05018439143896103,837.6815185546875,2858.177978515625,0.2181462287902832,32.061376633677334,True,262208,3840
Gemma-3-12B-Instruct,base_instruct,gemma3,instruct,E,0.9502406120300293,0.12568947672843933,0.13227121124609156,81.51685333251953,78.43932342529297,85.78548664466412,82.54680175973593,0.16752932949329388,0.1612045450987085,0.5321645140647888,0.9390351176261902,0.028054339811205864,0.06333637237548828,0.07663910835981369,651.8692626953125,2741.568603515625,0.16975762049357096,29.26636908378371,0.02643989957869053,0.04885301738977432,845.317138671875,2899.130126953125,0.2201346715291341,28.216709520818,True,262208,3840
Gemma-3-1B,base_instruct,gemma3,base,E,1.046724796295166,0.2568020224571228,0.2453386251725971,143.8625946044922,81.3187484741211,137.44070563121002,77.68875712311875,0.2684388781859571,0.1517358537560913,0.985007643699646,0.7327244281768799,0.07205624133348465,0.10358638316392899,0.11932981014251709,157.97837829589844,800.1858520507812,0.13713400893741184,26.072778325957927,0.02449853904545307,0.048570044338703156,592.8047485351562,985.6022338867188,0.5145874553256564,15.206124044497273,True,262144,1152
Gemma-3-1B-Instruct,base_instruct,gemma3,instruct,E,0.9475315809249878,0.2861486077308655,0.3019937419410601,155.64996337890625,78.4717788696289,164.2688924700109,82.81705902934036,0.32083768060549006,0.16175206841668038,0.9915790557861328,0.6675198078155518,0.10284710675477982,0.13660839200019836,0.15016841888427734,85.30886840820312,694.9102172851562,0.07405283715989855,55.521696633307414,0.02876339666545391,0.052521634846925735,534.2814331054688,983.0174560546875,0.46378596623738605,29.22169466111203,True,262144,1152
Gemma-3-27B,base_instruct,gemma3,base,E,1.030797004699707,0.10149397701025009,0.09846165301946859,83.35383605957031,82.48023223876953,80.8634829937763,80.01597973482448,0.15791721439494036,0.15626213661583202,0.30009663105010986,0.9918380975723267,0.024930693209171295,0.05394725874066353,0.06524237245321274,869.926025390625,3737.01611328125,0.16181659698486328,39.77139107648466,0.02465103566646576,0.04661274701356888,975.8294067382812,3848.639892578125,0.18151588667006718,39.37369958740474,True,262208,5376
Gemma-3-27B-Instruct,base_instruct,gemma3,instruct,E,1.0202465057373047,0.10337293148040771,0.10132152465026369,83.67351531982422,82.54478454589844,82.01303787789561,80.90670644958058,0.1601621647529183,0.15800162490366973,0.3350076377391815,0.9897451996803284,0.02564224600791931,0.05297498404979706,0.06378564238548279,866.3421630859375,3787.27783203125,0.16114995593116396,35.26699447668223,0.025215160101652145,0.04490348696708679,983.7236328125,3909.273193359375,0.1829843066987537,34.7996984986199,True,262208,5376
Gemma-3-4B,base_instruct,gemma3,base,E,0.9722774028778076,0.16187116503715515,0.1664866061455699,94.28982543945312,77.45872497558594,96.97831622988274,79.66730970638497,0.18938765668693008,0.1555812235807305,0.8886079788208008,0.7395240664482117,0.035857584327459335,0.06926532834768295,0.08276193588972092,468.3674011230469,1883.35595703125,0.1829560160636902,28.961433594651915,0.024889549240469933,0.04512608423829079,835.1202392578125,2064.93701171875,0.326218843460083,23.81915167613623,True,262208,2560
Gemma-3-4B-Instruct,base_instruct,gemma3,instruct,E,0.9982267618179321,0.18435631692409515,0.1846838052992614,103.61170959472656,80.4430923461914,103.79576420695525,80.58599050148841,0.20270135965845032,0.1573753030181946,0.9331672191619873,0.6468247175216675,0.04106628894805908,0.07607868313789368,0.08857566118240356,387.90185546875,1850.6295166015625,0.15152416229248047,26.929301468132195,0.02562888152897358,0.04563414305448532,822.5277709960938,2085.90625,0.3212999105453491,20.91922455913515,True,262208,2560
Gemma-4-26B-A4B,base_instruct,gemma4,base,E,0.9999023675918579,0.24772877991199493,0.24775296863094673,135.8394012451172,79.20487976074219,135.85266486794077,79.21261347895137,0.2653372360701968,0.1547121357010769,0.9860190749168396,0.5391401052474976,0.07040093094110489,0.12632514536380768,0.1459903120994568,160.29910278320312,1579.183349609375,0.05692439729517156,61.6840816797313,0.02550138719379902,0.07378479093313217,567.5532836914062,2031.96435546875,0.2015459104017778,57.13594834446028,True,262144,2816
Gemma-4-26B-A4B-Instruct,base_instruct,gemma4,instruct,E,1.5153628587722778,0.4525117576122284,0.2986161070219485,234.08279418945312,77.95231628417969,154.4730972086139,51.44135335832065,0.301705267985574,0.10047139327797001,0.9995442032814026,0.2581630051136017,0.0896722748875618,0.11567258834838867,0.12834113836288452,116.55851745605469,1629.5389404296875,0.04139151898297397,61.07965446516606,0.01090274564921856,0.03297996148467064,1499.5810546875,2414.4619140625,0.5325216813520952,26.16039357601654,True,262144,2816
Gemma-4-31B,base_instruct,gemma4,base,E,0.9997997283935547,0.1735234409570694,0.17355819973654238,105.80403900146484,84.80497741699219,105.82523279083831,84.82196484815418,0.20668990779460608,0.16566790009405113,0.9105876088142395,0.7567300796508789,0.042718902230262756,0.06788814067840576,0.07365129142999649,413.8493957519531,3769.843994140625,0.07698091438838414,167.78175237518076,0.028298545628786087,0.03989637643098831,944.6445922851562,4301.7548828125,0.17571513993399485,192.60827109097562,True,262144,5376
Gemma-4-31B-Instruct,base_instruct,gemma4,instruct,E,1.1182231903076172,0.2208249568939209,0.197478427211989,122.24848937988281,80.16165924072266,109.32387240712913,71.68663638488003,0.21352318829517408,0.1400129616892188,0.9763619899749756,0.580020010471344,0.04533883184194565,0.0704064816236496,0.07869534939527512,393.1423645019531,3661.113525390625,0.07312916006360735,215.24253710002972,0.020282380282878876,0.03440891206264496,1435.5093994140625,4345.30029296875,0.2670218376886277,141.94296864371145,True,262144,5376
Gemma-4-E2B,base_instruct,gemma4,base,E,0.9999985098838806,0.25048354268074036,0.2504839159308611,141.22958374023438,82.47452545166016,141.22979418902725,82.4746483484631,0.27583944177544384,0.161083297555592,0.9793869853019714,0.7769939303398132,0.07608417421579361,0.10598468780517578,0.12088966369628906,149.0862579345703,1007.0822143554688,0.09706136584281921,39.802581389998096,0.027685100212693214,0.04920176789164543,618.926513671875,1271.1732177734375,0.40294694900512695,33.41160712171525,True,262144,1536
Gemma-4-E2B-Instruct,base_instruct,gemma4,instruct,E,1.193636178970337,0.4647550880908966,0.38936075856196567,240.2154998779297,85.71416473388672,201.24683225096788,71.80928849511423,0.39306021924017165,0.14025251659201998,0.999449610710144,0.2802659869194031,0.1538453996181488,0.18748100101947784,0.20073184370994568,40.625938415527344,663.6747436523438,0.02644917865594228,46.42866835741354,0.02307221107184887,0.045261308550834656,720.7073364257812,1293.6748046875,0.46921050548553467,26.275297879082732,True,262144,1536
Gemma-4-E4B,base_instruct,gemma4,base,E,0.9999986886978149,0.26543962955474854,0.2654399776267712,141.33062744140625,102.85607147216797,141.33081276880986,102.8562063477361,0.27603674368908176,0.20089102802292208,0.9890813827514648,0.09742581844329834,0.07619327306747437,0.16512535512447357,0.19215449690818787,112.52964782714844,1152.8568115234375,0.04395689368247986,55.58924265907415,0.04341661557555199,0.10790291428565979,263.781005859375,1512.2269287109375,0.10303945541381836,40.78424942536322,True,262144,2560
Gemma-4-E4B-Instruct,base_instruct,gemma4,instruct,E,1.2063525915145874,0.4184182286262512,0.3468457162270635,215.71038818359375,86.7239990234375,178.81205685708127,71.889429038781,0.34924229854898686,0.14040904109136915,0.9996746778488159,0.12347470968961716,0.12138362228870392,0.1672823429107666,0.1852148026227951,63.352840423583984,1120.6739501953125,0.024747203290462493,42.99595120304935,0.022289546206593513,0.05848788097500801,723.9588012695312,1934.034912109375,0.28279640674591067,24.577529083657026,True,262144,2560
Llama-3.1-70B-Base,base_instruct,llama,base,E,0.8177503347396851,0.07707828283309937,0.09425649805161589,28.968591690063477,19.01017189025879,35.424738406600675,23.246914226345513,0.09891628707455594,0.06491222079941476,0.990681529045105,0.029980257153511047,0.009578956291079521,0.02232060581445694,0.03321128338575363,2530.852294921875,5678.81494140625,0.30894193053245544,24.114323207472758,0.004161394201219082,0.01571415737271309,3206.401123046875,5836.2880859375,0.391406387090683,15.867584983754877,False,128256,8192
Llama-3.1-70B-Base,base_instruct,llama,base,U,0.9571791291236877,0.120981365442276,0.12639365168047104,56.27568054199219,37.239864349365234,58.79325909823529,38.905846582195025,0.1641680688861818,0.10863656479919014,0.9898083209991455,0.975652813911438,0.02632874809205532,0.03242938220500946,0.03521920368075371,1185.3065185546875,6575.97265625,0.14469073712825775,64.48679175711216,0.01171242818236351,0.017339983955025673,3449.177001953125,7078.51611328125,0.4210421144962311,74.71742118603193,False,128256,8192
Llama-3.1-70B-Instruct,base_instruct,llama,instruct,E,0.8143834471702576,0.07675015181303024,0.09424326105806104,28.849525451660156,18.917688369750977,35.42498997481316,23.229460809259283,0.09891698952698451,0.06486348572633906,0.9906150102615356,0.029132520779967308,0.00957927294075489,0.022313807159662247,0.0332069918513298,2531.3798828125,5679.2646484375,0.30900633335113525,24.118684236208185,0.004155159927904606,0.015707992017269135,3207.2041015625,5836.77197265625,0.3915044069290161,15.850421422861363,False,128256,8192
Llama-3.1-70B-Instruct,base_instruct,llama,instruct,U,0.9435045719146729,0.11987536400556564,0.1270532942541022,55.15385818481445,36.20438766479492,58.45637618150553,38.37224401713775,0.1632273927146523,0.10714658951968067,0.988343358039856,0.9697767496109009,0.026021786034107208,0.03230487182736397,0.03511640802025795,1206.7354736328125,6571.58447265625,0.14730657637119293,64.16418875019787,0.011392373591661453,0.01709524728357792,3530.79833984375,7074.49365234375,0.43100565671920776,53.199400083372026,False,128256,8192
Llama-3.1-8B,base_instruct,llama,base,E,0.6741189360618591,0.08579067140817642,0.12726340534113703,31.342636108398438,18.96033477783203,46.49422295047702,28.126097285735014,0.12982554315265896,0.07853633473505793,0.9953731298446655,0.26100465655326843,0.016594627872109413,0.03255815804004669,0.042322952300310135,1554.526123046875,3396.35107421875,0.37952297925949097,16.516462338159123,0.00617135688662529,0.019127003848552704,2605.552734375,3571.750244140625,0.6361212730407715,11.033379113001855,False,128256,4096
Llama-3.1-8B,base_instruct,llama,base,U,0.916771411895752,0.22394610941410065,0.24427693371351117,94.59779357910156,51.49285125732422,103.18580220939359,56.1676014207777,0.2881251038811032,0.15683646051685893,0.9970577955245972,0.9809700846672058,0.08143505454063416,0.0897631049156189,0.09521022439002991,145.3313446044922,2575.63134765625,0.0354812853038311,67.60436954839902,0.025629913434386253,0.03390868753194809,1070.0191650390625,3471.962890625,0.26123514771461487,47.353891600233716,False,128256,4096
Llama-3.1-8B-Instruct,base_instruct,llama,instruct,E,0.671326756477356,0.08547806739807129,0.12732706774060254,31.236738204956055,18.87353515625,46.52985733633526,28.11378359963612,0.1299250448370701,0.07850195130235268,0.9953810572624207,0.2621295750141144,0.016620175912976265,0.03256400674581528,0.04232266917824745,1552.835205078125,3395.93017578125,0.3791101574897766,16.48812440256813,0.006166001316159964,0.019107788801193237,2606.41650390625,3571.7158203125,0.6363321542739868,10.459789392618578,False,128256,4096
Llama-3.1-8B-Instruct,base_instruct,llama,instruct,U,0.9043439626693726,0.22527536749839783,0.24910363401271285,94.5262680053711,50.65098571777344,104.52468519428798,56.00854078603652,0.29186365890366833,0.15639231644929433,0.9971076846122742,0.9794285297393799,0.08355992287397385,0.09185896068811417,0.09705634415149689,138.30796813964844,2541.7138671875,0.03376659378409386,65.0689967339658,0.025547200813889503,0.033738452941179276,1075.2384033203125,3470.790771484375,0.26250937581062317,34.91777873323905,False,128256,4096
Llama-3.2-1B,base_instruct,llama,base,E,0.9870073795318604,0.35256609320640564,0.35720715013663673,130.95570373535156,38.98338317871094,132.67955888786173,39.49654682136301,0.37048034583176376,0.11028597357567563,0.9993231296539307,0.8950659036636353,0.13604238629341125,0.14657722413539886,0.15506289899349213,52.76493835449219,1005.3482666015625,0.02576413005590439,56.57939102690749,0.013801239430904388,0.024666033685207367,1311.7435302734375,1831.3641357421875,0.6404997706413269,20.772876322359497,True,128256,2048
Llama-3.2-1B-Instruct,base_instruct,llama,instruct,E,0.9297938346862793,0.3435477316379547,0.36948807232505554,128.1170196533203,39.898075103759766,137.79078207864018,42.91066859700326,0.38475238405087914,0.11981920557277621,0.9992084503173828,0.8997770547866821,0.14662745594978333,0.15705853700637817,0.16448856890201569,45.60842514038086,951.6902465820312,0.02226973883807659,44.93598198551004,0.01644410751760006,0.02665645070374012,1210.917724609375,1829.5697021484375,0.5912684202194214,15.453747124660284,True,128256,2048
Llama-3.2-3B,base_instruct,llama,base,E,1.1474523544311523,0.4260176718235016,0.37127264603043075,157.4339141845703,42.04733657836914,137.20300766877412,36.644080615629605,0.38311114505021066,0.10232104909724331,0.9996697306632996,0.9253665208816528,0.14527982473373413,0.15323829650878906,0.15983062982559204,46.72041320800781,1333.7244873046875,0.015208467841148376,58.49604969922211,0.01200064830482006,0.020607447251677513,1856.5701904296875,2712.110107421875,0.6043522755304972,21.221308389724783,True,128256,3072
Llama-3.2-3B-Instruct,base_instruct,llama,instruct,E,1.0861297845840454,0.41620734333992004,0.38320221878393174,154.09278869628906,42.36041259765625,141.8732741550789,39.001243865049695,0.3961519024771709,0.10890294206664308,0.9996242523193359,0.9244909286499023,0.15525232255458832,0.16306312382221222,0.16908639669418335,41.003700256347656,1262.767333984375,0.013347558677196503,58.290247031316106,0.013726867735385895,0.02193191833794117,1748.2720947265625,2719.953369140625,0.5690989891688029,17.217643834674888,True,128256,3072
MiniMax-M2.5-Chat,other_models,minimax_m2.5,,E,1.3246935606002808,0.12278395891189575,0.09268857535342483,62.9771842956543,46.1440544128418,47.54094544485925,34.83375762159798,0.10628778104461307,0.07787819043985547,0.9526883959770203,0.6017438769340515,0.011266052722930908,0.03177545219659805,0.0543549545109272,814.703857421875,1711.9278564453125,0.2652030785878499,25.54859636507225,0.006100799422711134,0.026418261229991913,877.5293579101562,1742.8115234375,0.28565408786137897,26.809743431955642,False,200064,3072
MiniMax-M2.5-Chat,other_models,minimax_m2.5,,U,0.9368242621421814,0.21450793743133545,0.2289735077322108,108.85186004638672,59.95446014404297,116.19240069368135,63.99755276080126,0.25977254613713996,0.14307998739992786,0.9878891706466675,0.8877812623977661,0.06639184802770615,0.08057992160320282,0.08753558248281479,207.4159698486328,1999.9039306640625,0.0675182193517685,72.52696553573539,0.02123761549592018,0.03194533661007881,1149.253662109375,2505.917724609375,0.3741060098012288,40.18898026389324,False,200064,3072
MiniMax-M2.7,other_models,minimax_m2.7,,E,1.3239060640335083,0.12099973112344742,0.09139600943801168,62.41447448730469,46.03776168823242,47.14418657253387,34.77419051014121,0.10540074315012822,0.07774501563567913,0.9508174657821655,0.607574999332428,0.011078640818595886,0.03156441077589989,0.0541381761431694,817.7789306640625,1713.9266357421875,0.2662040789922078,25.464354707852877,0.006078412756323814,0.026382233947515488,878.1600952148438,1743.80908203125,0.2858594059944153,24.29128350459972,False,200064,3072
MiniMax-M2.7,other_models,minimax_m2.7,,U,0.9450650811195374,0.2067040205001831,0.21871935026455386,103.9583740234375,56.37955856323242,110.00128573186404,59.65680003375472,0.2459310066951678,0.13337532185102216,0.9882405996322632,0.8729270100593567,0.05951639637351036,0.07307712733745575,0.07998043298721313,252.77040100097656,2076.7041015625,0.08228203157583873,63.97721409867835,0.018370511010289192,0.028606437146663666,1321.437255859375,2537.950927734375,0.43015535672505695,35.61923585982383,False,200064,3072
Qwen2.5-0.5B,base_instruct,qwen2.5,base,E,0.4632810950279236,0.18062296509742737,0.389877694203215,75.76860809326172,29.95703125,163.54780910862524,64.662753502157,0.4195796210429316,0.16589139137906483,0.9985896348953247,0.934538722038269,0.1730019450187683,0.1934814751148224,0.20589175820350647,32.41529083251953,412.2693786621094,0.0361777799470084,47.96444736638294,0.0317937433719635,0.053440842777490616,447.0179748535156,777.868896484375,0.4989039897918701,22.557726879254307,True,151936,896
Qwen2.5-0.5B-Instruct,base_instruct,qwen2.5,instruct,E,0.45263394713401794,0.17925512790679932,0.3960266989292445,75.20468139648438,29.75232696533203,166.14900820555872,65.73154124589516,0.42625296101181903,0.16863335141470884,0.9985879063606262,0.9348621368408203,0.17864802479743958,0.1992955058813095,0.2114461064338684,30.462718963623047,399.66693115234375,0.03399857027190072,54.90063492355092,0.0330597423017025,0.05484002083539963,431.1823425292969,773.1924438476562,0.48123029300144743,25.044587344796525,True,151936,896
Qwen2.5-1.5B,base_instruct,qwen2.5,base,E,1.0157537460327148,0.32493120431900024,0.3198917115374685,134.56517028808594,47.019493103027344,132.47814326421587,46.29024828771143,0.3398708270702198,0.11875698574256759,0.9995123744010925,0.9681873917579651,0.11323167383670807,0.12388826161623001,0.13217005133628845,74.4853515625,890.2522583007812,0.0484930674235026,48.776446083385,0.01536653470247984,0.026967383921146393,1020.9415893554688,1378.1871337890625,0.6646755139032999,20.55236143566921,True,151936,1536
Qwen2.5-1.5B-Instruct,base_instruct,qwen2.5,instruct,E,1.012560486793518,0.3269539177417755,0.3228981596715695,135.42539978027344,47.35041809082031,133.74549130306866,46.763051401270054,0.34312219077095996,0.11996995552978797,0.9995196461677551,0.9687939882278442,0.11545102298259735,0.1260528564453125,0.1342962384223938,71.7917709350586,880.3396606445312,0.04673943420251211,51.510280286348085,0.015721650794148445,0.02727358415722847,1011.1760864257812,1377.2542724609375,0.658317764600118,23.348210277021668,True,151936,1536
Qwen2.5-14B,base_instruct,qwen2.5,base,E,1.1415189504623413,0.07639114558696747,0.06692061095965801,36.018550872802734,35.97883987426758,31.553178208924518,31.518390351465758,0.08091516147652313,0.08082595128396948,0.12132633477449417,0.9953864812850952,0.006135089788585901,0.018952984362840652,0.028758756816387177,1820.1463623046875,2559.671630859375,0.35549733638763426,28.41542225670823,0.006147533189505339,0.016344204545021057,1885.6380615234375,2579.007080078125,0.3682886838912964,28.396356985307676,False,152064,5120
Qwen2.5-14B,base_instruct,qwen2.5,base,U,1.1992135047912598,0.14635974168777466,0.12204644219150172,66.47166442871094,36.55093765258789,55.42938281059575,30.479091093082797,0.1421434452962589,0.07816076596546795,0.9935144186019897,0.9385221004486084,0.019530488178133965,0.025446269661188126,0.029713589698076248,1648.6656494140625,4417.01318359375,0.32200500965118406,71.0845912198277,0.005991643760353327,0.01160819735378027,3762.289306640625,4671.38623046875,0.734822130203247,42.84308525442517,False,152064,5120
Qwen2.5-14B-Instruct,base_instruct,qwen2.5,instruct,E,1.1402835845947266,0.07637437433004379,0.06697840376013864,35.98284912109375,35.944427490234375,31.556052904052443,31.522358100953937,0.08092253336213578,0.08083612620480975,0.11965420842170715,0.9954999685287476,0.00613629724830389,0.018962275236845016,0.028768930584192276,1819.8095703125,2559.635009765625,0.35543155670166016,28.414216878857033,0.0061492398381233215,0.016347166150808334,1885.4879150390625,2579.002197265625,0.3682593584060669,28.395084599374677,False,152064,5120
Qwen2.5-14B-Instruct,base_instruct,qwen2.5,instruct,U,1.195603609085083,0.15002931654453278,0.12548416164395854,68.0229721069336,37.21134567260742,56.894251230127274,31.123480549780894,0.14589996275143963,0.07981324219455818,0.9937251806259155,0.9384341835975647,0.02058357186615467,0.026566173881292343,0.030857175588607788,1542.7430419921875,4398.0390625,0.30131700038909914,68.3763588487068,0.006255130283534527,0.011915354058146477,3722.94287109375,4670.16552734375,0.727137279510498,40.713161502732,False,152064,5120
Qwen2.5-32B,base_instruct,qwen2.5,base,E,1.2073743343353271,0.06851711869239807,0.05674886134640049,38.790225982666016,38.147239685058594,32.127754317405184,31.59520506625567,0.08238860793223121,0.08102293540423286,0.3822409510612488,0.9764522910118103,0.0062962244264781475,0.018600288778543472,0.02928665094077587,1607.5413818359375,2284.07958984375,0.3139729261398315,32.95770473804972,0.00610764417797327,0.017070945352315903,1638.0755615234375,2294.725341796875,0.3199366331100464,32.4320108192155,False,152064,5120
Qwen2.5-32B,base_instruct,qwen2.5,base,U,1.2422949075698853,0.18953990936279297,0.1525723950149336,88.89989471435547,51.46347427368164,71.5610232100661,41.42613316700452,0.1835115217277848,0.10623342702156195,0.9941775798797607,0.9706028699874878,0.03255245089530945,0.04293085262179375,0.047305911779403687,768.4029541015625,4117.61572265625,0.15007870197296141,98.74140252126085,0.011160259135067463,0.021404843777418137,2661.19140625,4549.41650390625,0.5197639465332031,64.90344387907038,False,152064,5120
Qwen2.5-32B-Instruct,base_instruct,qwen2.5,instruct,E,1.2060601711273193,0.06847798079252243,0.056778245755777855,38.74761962890625,38.10854721069336,32.12743489629408,31.597550539350646,0.08238778880679755,0.08102895014965604,0.3814292252063751,0.9764935374259949,0.006296199280768633,0.018605392426252365,0.029293783009052277,1607.42822265625,2284.09375,0.3139508247375488,32.954121244776104,0.006108692381531,0.017073482275009155,1637.99267578125,2294.7353515625,0.3199204444885254,32.43919549636278,False,152064,5120
Qwen2.5-32B-Instruct,base_instruct,qwen2.5,instruct,U,1.23796546459198,0.19087974727153778,0.1541882651261598,89.27420806884766,51.349853515625,72.11364987331974,41.479229416589064,0.18492868089309367,0.10636958736586968,0.9943650960922241,0.9703608155250549,0.03305725380778313,0.04347483441233635,0.04785360395908356,749.2022705078125,4107.3515625,0.14632856845855713,100.79181849970135,0.011194451712071896,0.021490124985575676,2652.56787109375,4549.212890625,0.5180796623229981,59.48133724737584,False,152064,5120
Qwen2.5-3B,base_instruct,qwen2.5,base,E,1.0920155048370361,0.29634010791778564,0.2713698721356609,123.35757446289062,45.1192741394043,112.96320786333482,41.317429962807665,0.2898055327394312,0.10599928975354546,0.9993069171905518,0.9605562090873718,0.08215958625078201,0.09137561172246933,0.09848587214946747,138.0684814453125,1350.5333251953125,0.067416250705719,43.529624548376674,0.011844964697957039,0.02146243304014206,1409.12548828125,1843.70556640625,0.6880495548248291,19.895310212745912,True,151936,2048
Qwen2.5-3B-Instruct,base_instruct,qwen2.5,instruct,E,1.0889760255813599,0.2987200617790222,0.27431279914500206,124.37484741210938,45.55430221557617,114.21265894785031,41.832236105709114,0.29301098205367115,0.10732001772615742,0.9993081092834473,0.9604164361953735,0.08404234796762466,0.09339036047458649,0.10047043114900589,132.3865509033203,1337.9368896484375,0.06464187055826187,45.58755952460427,0.012171195819973946,0.02192107029259205,1395.00830078125,1842.5655517578125,0.6811563968658447,22.439468011444234,True,151936,2048
Qwen2.5-72B-Base,base_instruct,qwen2.5,base,E,0.8054924607276917,0.054363541305065155,0.06749106162452777,26.81989288330078,19.881616592407227,33.29626804833327,24.682560746063263,0.08538515162743457,0.06329610840460163,0.9607757329940796,0.7548604607582092,0.006669255904853344,0.01888257823884487,0.03086615726351738,1366.673095703125,2932.998046875,0.16683021187782288,22.45394274132921,0.0036803814582526684,0.015760257840156555,1423.9757080078125,2962.09033203125,0.17382515966892242,16.647560297563576,False,152064,8192
Qwen2.5-72B-Base,base_instruct,qwen2.5,base,U,0.8684901595115662,0.19795717298984528,0.22793254571954533,90.59883880615234,49.33114242553711,104.31763424597074,56.80103785318726,0.2675127736411091,0.14566092580254866,0.9957516193389893,0.9712435603141785,0.06913771480321884,0.07709052413702011,0.080409474670887,203.32919311523438,5206.30078125,0.02482045814394951,150.90033494967196,0.021581819280982018,0.02893085405230522,1628.0784912109375,6891.19873046875,0.19874005019664764,179.53459705807765,False,152064,8192
Qwen2.5-72B-Instruct,base_instruct,qwen2.5,instruct,E,0.804684579372406,0.054312814027071,0.06749578085543896,26.795669555664062,19.866172790527344,33.29959370734144,24.688148996245804,0.08539367996755548,0.0633104389472461,0.9607419967651367,0.7545861005783081,0.006670758593827486,0.018887359648942947,0.03087080828845501,1366.8687744140625,2933.584228515625,0.1668540984392166,22.455814382815934,0.003682159585878253,0.015764258801937103,1424.2049560546875,2962.66796875,0.17385314404964447,16.651321163349596,False,152064,8192
Qwen2.5-72B-Instruct,base_instruct,qwen2.5,instruct,U,0.8641823530197144,0.1965460330247879,0.22743583265499076,89.89043426513672,48.86414337158203,104.01790079493335,56.543787547658134,0.2667441353622638,0.14500123155958056,0.9957690238952637,0.9710514545440674,0.06873348355293274,0.07659241557121277,0.07993682473897934,205.66177368164062,5216.84228515625,0.025105196982622147,148.10077534047804,0.021379519253969193,0.02865814045071602,1651.7188720703125,6894.3740234375,0.20162583887577057,122.52845943208168,False,152064,8192
Qwen2.5-7B,base_instruct,qwen2.5,base,E,0.7914946675300598,0.08192216604948044,0.10350311810075354,39.56800079345703,34.91995620727539,49.99149383650686,44.11900375304699,0.12819848984624482,0.11313904067677773,0.8121377229690552,0.8192459344863892,0.01540515385568142,0.03845314681529999,0.05475801229476929,881.66015625,1618.1719970703125,0.2459989275251116,29.878479584214165,0.012120389379560947,0.031255871057510376,1003.2166137695312,1656.179443359375,0.27991534982408794,26.374019346941573,False,152064,3584
Qwen2.5-7B,base_instruct,qwen2.5,base,U,0.7025941610336304,0.1915062814950943,0.27257027188122,86.87089538574219,46.148624420166016,123.64306480705869,65.68318807585004,0.3170710249240649,0.16843836567775647,0.9963102340698242,0.970084547996521,0.09758654981851578,0.1135803833603859,0.11937680095434189,101.58903503417969,2042.656494140625,0.02834515486444746,111.4361747017774,0.02968086302280426,0.04577186703681946,805.0460205078125,2948.154296875,0.22462221554347447,102.9815601732777,False,152064,3584
Qwen2.5-7B-Instruct,base_instruct,qwen2.5,instruct,E,0.7906553745269775,0.08188232779502869,0.1035626019035362,39.53239440917969,34.890804290771484,49.9995265735474,44.12896619041574,0.12821908904580662,0.11316458841155913,0.8122219443321228,0.8187236785888672,0.015410314314067364,0.038471825420856476,0.054780058562755585,881.3667602539062,1618.12255859375,0.24591706480298722,29.879118245406193,0.012126206420361996,0.03126418590545654,1003.0516967773438,1656.177734375,0.27986933503832134,26.378948918591544,False,152064,3584
Qwen2.5-7B-Instruct,base_instruct,qwen2.5,instruct,U,0.6989327669143677,0.19226357340812683,0.27508164234011756,87.20858001708984,46.33510971069336,124.77391838716659,66.29408707686225,0.31997099270020657,0.17000495877926436,0.9962818622589111,0.969793975353241,0.09938780963420868,0.11543996632099152,0.12124214321374893,98.05182647705078,2017.671142578125,0.027358210512569973,110.33913134223091,0.03028183802962303,0.04648119583725929,781.8909912109375,2935.0703125,0.21816154888698033,87.7752517495257,False,152064,3584
Qwen3-0.6B,base_instruct,qwen3,base,E,0.9250698089599609,0.30156904458999634,0.3259959861073024,122.32426452636719,37.50093078613281,132.23246866514228,40.538487390799645,0.3392405523160609,0.10400092345956313,0.9993292093276978,0.9002635478973389,0.11277338117361069,0.12780839204788208,0.1396578848361969,73.45362854003906,626.8176879882812,0.0717320591211319,34.27231689516583,0.011831372044980526,0.02802778035402298,801.3391723632812,940.1821899414062,0.7825577855110168,12.148440385476787,True,151936,1024
Qwen3-0.6B-Base,base_instruct,qwen3,base,E,0.955460250377655,0.29290056228637695,0.3065544193707746,118.74104309082031,36.75647735595703,124.27627736882486,38.4699178656869,0.3188290546185484,0.09869403722135435,0.9992320537567139,0.8842166066169739,0.09952942281961441,0.11445821076631546,0.12689876556396484,92.29437255859375,665.8187866210938,0.09013122320175171,28.524792551551702,0.010503845289349556,0.026435304433107376,814.1110229492188,940.662841796875,0.7950302958488464,14.355779890968273,True,151936,1024
Qwen3-1.7B,base_instruct,qwen3,base,E,1.5393816232681274,0.3476157486438751,0.2258151866889786,145.91287231445312,57.312522888183594,94.78667934509843,37.23087376248416,0.24317390258110672,0.09551528687238454,0.998704195022583,0.9498459100723267,0.057491131126880646,0.06712619215250015,0.07488452643156052,261.281494140625,1523.734375,0.12757885456085205,32.99254555347595,0.009332737885415554,0.019382350146770477,1507.6383056640625,1854.1766357421875,0.7361515164375305,24.472128365126608,True,151936,2048
Qwen3-1.7B-Base,base_instruct,qwen3,base,E,1.5786210298538208,0.34179356694221497,0.21651400841522098,143.75926208496094,57.361602783203125,91.0663543474224,36.33652516875109,0.2336294607375313,0.09322084804080373,0.998535692691803,0.9479008913040161,0.053042251616716385,0.062665194272995,0.07087498158216476,298.80322265625,1548.786865234375,0.14590001106262207,28.271482353540183,0.008848199620842934,0.018877167254686356,1510.4918212890625,1847.540771484375,0.7375448346138,42.148366306677964,True,151936,2048
Qwen3-14B,base_instruct,qwen3,base,E,1.3067489862442017,0.18805497884750366,0.14391056035023428,77.4837875366211,45.90762710571289,59.29508142135351,35.13117483845042,0.15212070359167656,0.09012853859582898,0.9888497591018677,0.49191662669181824,0.021869489923119545,0.03699374943971634,0.04719381779432297,1029.137939453125,2573.8583984375,0.2010035037994385,52.31316795288854,0.007830427959561348,0.019284600391983986,1875.971435546875,2743.2763671875,0.36640067100524903,31.0065213349578,False,151936,5120
Qwen3-14B,base_instruct,qwen3,base,U,1.4556870460510254,0.207358255982399,0.14244700229003107,89.63792419433594,43.96751403808594,61.57774395087522,30.203960499175018,0.15797684244383012,0.07748783899527749,0.9949881434440613,0.8633449077606201,0.02405446395277977,0.03080867789685726,0.03479790687561035,1239.414306640625,4301.08203125,0.24207310676574706,56.84783568999497,0.005902918986976147,0.011924995109438896,3740.507568359375,4652.73046875,0.7305678844451904,33.134171720336404,False,151936,5120
Qwen3-14B-Base,base_instruct,qwen3,base,E,1.3222134113311768,0.19097071886062622,0.1444325985684572,78.66761016845703,46.549957275390625,59.496908361605655,35.2060846429663,0.15263848778926864,0.0903207186535288,0.9887155294418335,0.4956977963447571,0.022020544856786728,0.03715241700410843,0.04736301675438881,1022.4017333984375,2571.65625,0.19968783855438232,52.64922818670623,0.007865679450333118,0.01932831108570099,1874.7069091796875,2742.423583984375,0.3661536931991577,31.170373208531775,False,151936,5120
Qwen3-14B-Base,base_instruct,qwen3,base,U,1.4914950132369995,0.2043507993221283,0.13701071576406057,88.9570083618164,44.697303771972656,59.64284665541894,29.9681214990896,0.15301289044466074,0.07688279733301187,0.9943681359291077,0.8743896484375,0.022557711228728294,0.028878459706902504,0.03300374746322632,1352.7237548828125,4311.01220703125,0.2642038583755493,65.88157136746626,0.005800104234367609,0.011483525857329369,3726.425048828125,4630.39404296875,0.7278173923492431,97.15692111696026,False,151936,5120
Qwen3-235B-A22B,other_models,qwen3,,E,0.992485523223877,0.061195679008960724,0.061659014239502104,26.691282272338867,20.322900772094727,26.893371890844257,20.476773007308086,0.06899457013840223,0.052532875282248884,0.9556546211242676,0.18598529696464539,0.004497392103075981,0.014264206402003765,0.024923071265220642,2060.426025390625,3107.217529296875,0.5030336976051331,9.778556753111062,0.0026167798787355423,0.012219728901982307,2123.00390625,3127.4541015625,0.5183115005493164,7.505858441303054,False,151936,4096
Qwen3-235B-A22B,other_models,qwen3,,U,1.3138355016708374,0.15591883659362793,0.11867454974031533,73.44587707519531,44.219940185546875,55.90188191884932,33.657136018406625,0.1434154976390969,0.0863469125814703,0.9893484115600586,0.9482886791229248,0.019861871376633644,0.02709721401333809,0.03212979435920715,1441.164794921875,3432.4658203125,0.3518468737602234,40.93986071603922,0.007299317046999931,0.014247463084757328,2786.37060546875,3607.4755859375,0.680266261100769,31.883818717018237,False,151936,4096
Qwen3-30B-A3B,base_instruct,qwen3,base,E,0.904628336429596,0.08544280380010605,0.09445072673417827,35.762977600097656,22.896419525146484,39.53333779179154,25.310305462588648,0.10142222619579751,0.06493323531726676,0.984007716178894,0.39623209834098816,0.009868931956589222,0.024090128019452095,0.03803343325853348,1196.2972412109375,1663.1927490234375,0.5841295123100281,9.92154021697753,0.004080222919583321,0.017982637509703636,1321.12744140625,1691.752685546875,0.6450817584991455,6.524164762316598,False,151936,2048
Qwen3-30B-A3B,base_instruct,qwen3,base,U,1.1776113510131836,0.31502795219421387,0.2675143644999453,130.73422241210938,46.9084587097168,111.01644213910586,39.83356535189482,0.28481113245193584,0.10219245580988615,0.999284029006958,0.9599927663803101,0.07943616807460785,0.08797862380743027,0.09465942531824112,147.08152770996094,1372.6190185546875,0.07181715220212936,50.353761809038566,0.010997854173183441,0.020098349079489708,1460.5352783203125,1852.2952880859375,0.7131519913673401,28.005606862418503,False,151936,2048
Qwen3-30B-A3B-Base,base_instruct,qwen3,base,E,0.9155182838439941,0.08660031855106354,0.09459157733852575,36.2341423034668,23.183242797851562,39.577737488027225,25.322533920908594,0.10153613299664384,0.06496460725636999,0.9839814305305481,0.3969598412513733,0.009891125373542309,0.02412601187825203,0.03807511925697327,1194.684326171875,1662.154052734375,0.5833419561386108,9.95935822933294,0.004084257874637842,0.017996855080127716,1319.802978515625,1690.7784423828125,0.6444350481033325,6.587403666802386,False,151936,2048
Qwen3-30B-A3B-Base,base_instruct,qwen3,base,U,1.2101800441741943,0.3164861500263214,0.26151988834214007,131.44500732421875,47.50404739379883,108.61607572938829,39.25370247384534,0.27865302593835634,0.10070482569148283,0.9992400407791138,0.9593346118927002,0.07600801438093185,0.08459236472845078,0.09177862852811813,159.35362243652344,1390.371337890625,0.07780938595533371,50.29980057815624,0.010639825835824013,0.019773028790950775,1462.05419921875,1845.12060546875,0.7138936519622803,33.533155715184925,False,151936,2048
Qwen3-32B,other_models,qwen3,,E,1.2745392322540283,0.19200822710990906,0.15064913048642814,78.55430603027344,45.108516693115234,61.633493926546144,35.392018975626684,0.1581198682281109,0.0907977305882145,0.9925500750541687,0.4196377992630005,0.02358950674533844,0.04005720093846321,0.051173366606235504,893.0802612304688,2300.138427734375,0.17442973852157592,59.26868044510631,0.00794897135347128,0.02052316628396511,1653.8271484375,2464.941162109375,0.3230131149291992,34.04909128224634,False,151936,5120
Qwen3-32B,other_models,qwen3,,U,1.3555337190628052,0.2228301465511322,0.16438554306505446,103.34998321533203,59.209625244140625,76.24301908681888,43.679935372671686,0.19560040106908022,0.11206026440056287,0.9929595589637756,0.9581435322761536,0.036912210285663605,0.04490832984447479,0.048900362104177475,628.6063232421875,4022.8447265625,0.12277467250823974,102.41724558923956,0.012439972721040249,0.019942469894886017,2553.85107421875,4525.66796875,0.4987990379333496,75.34421756273454,False,151936,5120
Qwen3-4B,base_instruct,qwen3,base,E,1.0973719358444214,0.3124660849571228,0.28474036445690765,126.67118835449219,39.12586975097656,115.43140863814732,35.6541555993679,0.2961376673696534,0.0914702384368385,0.9992396831512451,0.887742817401886,0.08559540659189224,0.0951344445347786,0.10172218084335327,129.5739288330078,1634.2669677734375,0.050614815950393674,57.89110536468379,0.008868299424648285,0.01845124363899231,1872.5244140625,2334.50146484375,0.7314548492431641,22.469355536988477,True,151936,2560
Qwen3-4B-Base,base_instruct,qwen3,base,E,1.1305712461471558,0.3158322274684906,0.2793563241103177,128.00897216796875,39.46270751953125,113.22503787727415,34.90510452482776,0.29047725398488894,0.08954855836230687,0.999235987663269,0.8881847858428955,0.08229155838489532,0.09167148172855377,0.09841474145650864,139.47483825683594,1655.836669921875,0.05448235869407654,56.673764655066336,0.008465313352644444,0.017975173890590668,1877.142578125,2324.93017578125,0.7332588195800781,27.82642330665742,True,151936,2560
Qwen3-8B,base_instruct,qwen3,base,E,1.3758325576782227,0.17923788726329803,0.13027594547244162,72.12850952148438,40.101837158203125,52.42535446552041,29.14732387629838,0.13449651499198437,0.07477705249056678,0.9978557825088501,0.18816953897476196,0.017193295061588287,0.029898500069975853,0.038992952555418015,1403.637451171875,2840.811767578125,0.34268492460250854,35.236701745075365,0.005401949398219585,0.0154286939650774,2305.691162109375,2986.114013671875,0.5629128813743591,19.600159272343696,False,151936,4096
Qwen3-8B,base_instruct,qwen3,base,U,1.6384881734848022,0.3764161169528961,0.22973380158876536,156.41360473632812,56.10248947143555,95.46215057729798,34.240399399474775,0.2449068145973322,0.08784326664289495,0.9994322657585144,0.9685795307159424,0.05804573372006416,0.06444598734378815,0.06912149488925934,275.1150207519531,2900.381591796875,0.0671667531132698,63.16743786169934,0.007869821041822433,0.014564631506800652,2807.2958984375,3677.830322265625,0.6853749752044678,37.481066566484365,False,151936,4096
Qwen3-8B-Base,base_instruct,qwen3,base,E,1.392439842224121,0.18219780921936035,0.13084788562810643,73.28388214111328,40.64368438720703,52.62983715264722,29.188826084068054,0.1350211124711076,0.07488352582520423,0.9977790117263794,0.19425848126411438,0.01732884906232357,0.030047528445720673,0.039152469485998154,1394.329345703125,2838.236572265625,0.340412437915802,35.46701436564371,0.00541848037391901,0.01545852143317461,2304.166015625,2984.946533203125,0.5625405311584473,19.690205162929733,False,151936,4096
Qwen3-8B-Base,base_instruct,qwen3,base,U,1.6785935163497925,0.3755277395248413,0.22371570953130457,156.22361755371094,56.589054107666016,93.06816452706731,33.712184371307764,0.23876507680694273,0.08648813836233023,0.9993927478790283,0.9665723443031311,0.05514078587293625,0.06151813268661499,0.06647766381502151,301.93096923828125,2927.29736328125,0.07371361553668976,62.251992326987875,0.007603316102176905,0.01423296332359314,2801.60009765625,3656.113525390625,0.6839843988418579,69.61294219548238,False,151936,4096
Qwen3.5-0.8B-Base,base_instruct,qwen3.5_dense,base,E,0.6313167214393616,0.2778785526752472,0.4401571243696855,144.86338806152344,45.26152420043945,229.46230179242554,71.69384662780053,0.46047440564419584,0.14387191776776787,0.999479353427887,0.9431222677230835,0.20997168123722076,0.22362782061100006,0.23462101817131042,22.318714141845703,377.0687255859375,0.021795619279146194,40.35467739494092,0.025364993140101433,0.041266411542892456,578.8180541992188,901.933349609375,0.5652520060539246,22.230998843709063,True,248320,1024
Qwen3.5-0.8B-Instruct,base_instruct,qwen3.5_dense,instruct,E,0.6272127628326416,0.2782159447669983,0.44357506934410756,145.0414581298828,45.28817367553711,231.24761918880793,72.20544025763279,0.464057098577038,0.14489856036129276,0.9994865655899048,0.943812370300293,0.21323782205581665,0.2270570546388626,0.23803110420703888,21.653196334838867,370.23779296875,0.02114569954574108,41.02924831682927,0.025821879506111145,0.04196611046791077,571.1150512695312,900.4765625,0.5577295422554016,21.482922731307788,True,248320,1024
Qwen3.5-122B-A10B-Instruct,other_models,qwen3.5_moe,,E,0.6591872572898865,0.07577326148748398,0.11494952405331717,38.271385192871094,17.900728225708008,58.058442073373904,27.155755861093535,0.1165090143240571,0.05449492331541103,0.9989128112792969,0.02442345768213272,0.013146624900400639,0.023228419944643974,0.03206544369459152,1582.3284912109375,2513.073486328125,0.5150808890660604,13.142058785069677,0.002913540229201317,0.012194326147437096,2119.0595703125,2598.14404296875,0.6897980372111002,6.208231359575707,False,248320,3072
Qwen3.5-122B-A10B-Instruct,other_models,qwen3.5_moe,,U,0.8457858562469482,0.2937200963497162,0.347274779047567,153.3572540283203,48.790164947509766,181.3192463501587,57.68619158992446,0.36386313369449047,0.11576199915521161,0.999443531036377,0.9385573863983154,0.13057732582092285,0.13994723558425903,0.1462266445159912,57.559425354003906,1439.9287109375,0.018736792107423145,66.87667447205504,0.015001890249550343,0.024808231741189957,1577.033935546875,2644.6015625,0.513357400894165,23.65483675056805,False,248320,3072
Qwen3.5-27B-Instruct,other_models,qwen3.5_dense,,E,0.8780956864356995,0.08854589611291885,0.10083855037750812,44.95647048950195,30.402870178222656,51.19768970963279,34.623641418433245,0.10274117166629647,0.06948113297413586,0.9966563582420349,0.1319577842950821,0.010253040120005608,0.021375086158514023,0.028808515518903732,2601.919677734375,4358.69775390625,0.5081874370574951,14.688369327126779,0.004736202768981457,0.01322130486369133,3497.545654296875,4485.53125,0.6831143856048584,9.938076634837186,False,248320,5120
Qwen3.5-27B-Instruct,other_models,qwen3.5_dense,,U,0.9822755455970764,0.25331899523735046,0.25788995396741804,135.2628936767578,50.768096923828125,137.70361512414343,51.68417064986457,0.2763372886702218,0.10371741926801845,0.9991599321365356,0.9601746201515198,0.07513879239559174,0.08134614676237106,0.08621517568826675,170.7830810546875,3223.092041015625,0.03335607051849365,94.15978396145753,0.011326786130666733,0.017580870538949966,2731.09716796875,4507.52099609375,0.5334174156188964,35.930243265041845,False,248320,5120
Qwen3.5-2B-Base,base_instruct,qwen3.5_dense,base,E,0.6810687780380249,0.2951818108558655,0.433409694254675,155.68528747558594,53.08304214477539,228.58967037671758,77.94079519794357,0.4587232490082005,0.1564080071709355,0.9994676113128662,0.9643465280532837,0.20826669037342072,0.21828892827033997,0.22551122307777405,22.861658096313477,659.054443359375,0.011162918992340565,58.211242548195024,0.029743514955043793,0.04104697331786156,699.4343872070312,1742.854736328125,0.3415206968784332,33.731658030454355,True,248320,2048
Qwen3.5-2B-Instruct,base_instruct,qwen3.5_dense,instruct,E,0.6756906509399414,0.2947574555873871,0.43623136590295447,155.47952270507812,53.058067321777344,230.10459370540838,78.52419927369012,0.4617633275480142,0.1575787556683196,0.9994671940803528,0.9644391536712646,0.21103009581565857,0.22127750515937805,0.22854143381118774,22.272279739379883,647.361083984375,0.010875136591494083,58.386410247963134,0.03027980774641037,0.04185144603252411,683.4627075195312,1737.7264404296875,0.3337220251560211,29.969739462221906,True,248320,2048
Qwen3.5-35B-A3B-Base,base_instruct,qwen3.5_moe,base,E,0.5683920979499817,0.08728201687335968,0.15355951848760654,44.10292053222656,23.303171157836914,77.59242377100676,40.998408038894986,0.15570891139568585,0.08227372176866905,0.9987086653709412,0.11655040085315704,0.02377208136022091,0.04237063229084015,0.056821368634700775,764.76025390625,1595.1026611328125,0.37341809272766113,11.876240496025076,0.006794259417802095,0.022566474974155426,1280.513427734375,1700.9342041015625,0.6252506971359253,6.380163567249501,False,248320,2048
Qwen3.5-35B-A3B-Base,base_instruct,qwen3.5_moe,base,U,0.8536590337753296,0.27377304434776306,0.32070537944991284,145.93084716796875,54.335201263427734,170.94746426168038,63.64977012324098,0.34304951788328175,0.1277294345866122,0.9991360306739807,0.9559081792831421,0.11628714948892593,0.1261565387248993,0.13388627767562866,71.47913360595703,1117.501708984375,0.03490192070603371,52.409423446805775,0.017946040257811546,0.02837049402296543,1117.504638671875,1793.38720703125,0.5456565618515015,20.88696003632216,False,248320,2048
Qwen3.5-35B-A3B-Instruct,base_instruct,qwen3.5_moe,instruct,E,0.5666108727455139,0.08709026873111725,0.15370384318451427,44.01227569580078,23.240440368652344,77.6763698206835,41.01658031382411,0.15587737047166095,0.082310189055155,0.9987000226974487,0.11750555783510208,0.02382356859743595,0.042436737567186356,0.056896939873695374,763.1991577148438,1594.6038818359375,0.37265583872795105,11.886349261414312,0.006800611037760973,0.022584397345781326,1279.949951171875,1700.71435546875,0.6249755620956421,6.3545145766144895,False,248320,2048
Qwen3.5-35B-A3B-Instruct,base_instruct,qwen3.5_moe,instruct,U,0.8458542227745056,0.27366381883621216,0.32353544082165986,145.8555908203125,54.257286071777344,172.4358487469487,64.1449609293275,0.34603633949132073,0.12872316074699663,0.9991426467895508,0.9558638334274292,0.11830787360668182,0.1284133791923523,0.13621005415916443,69.14208221435547,1105.0228271484375,0.033760782331228256,52.55536974586319,0.01826080121099949,0.02893613465130329,1102.82470703125,1791.364990234375,0.5384886264801025,20.77048907563994,False,248320,2048
Qwen3.5-397B-A17B-Instruct,other_models,qwen3.5_moe,,E,0.7368924021720886,0.07511384040117264,0.10193325399985748,38.21784210205078,18.620325088500977,51.86353121486746,25.268716346667553,0.10407735180996786,0.050708099109235044,0.9973173141479492,0.04040581360459328,0.01047386322170496,0.019478149712085724,0.028399374336004257,1965.6419677734375,3189.31103515625,0.4798930585384369,16.30946142038329,0.002511615166440606,0.011222508735954762,2448.9794921875,3274.123046875,0.5978953838348389,7.984898694142172,False,248320,4096
Qwen3.5-397B-A17B-Instruct,other_models,qwen3.5_moe,,U,1.1844565868377686,0.21151037514209747,0.17857165681925277,116.29005432128906,53.6317138671875,98.1800900206543,45.279594425973904,0.19702329421959447,0.09086500993078955,0.9964563846588135,0.924140214920044,0.03822997584939003,0.04508248716592789,0.050576016306877136,567.9502563476562,3079.8046875,0.13865973055362701,77.33623425957735,0.008395420387387276,0.0147108044475317,2592.17333984375,3514.8095703125,0.6328548192977905,36.90684695829938,False,248320,4096
Qwen3.5-4B-Base,base_instruct,qwen3.5_dense,base,E,0.6610637307167053,0.24919393658638,0.3769590207531299,133.0406494140625,49.924407958984375,201.2523804169741,75.52132364735522,0.4038640314033701,0.15155272281473633,0.9991143941879272,0.9614160656929016,0.16140587627887726,0.17035475373268127,0.17645114660263062,37.90676498413086,1056.069580078125,0.014807330071926117,68.59894787875727,0.02644912526011467,0.035700295120477676,879.0895385742188,2195.494140625,0.3433943510055542,33.83156063429699,True,248320,2560
Qwen3.5-4B-Instruct,base_instruct,qwen3.5_dense,instruct,E,0.655774712562561,0.24869708716869354,0.37924165480072214,132.7843017578125,49.84519958496094,202.48463262472148,76.0096396370357,0.4063368585237026,0.15253265290938905,0.9991153478622437,0.9615048766136169,0.16338245570659637,0.1725313812494278,0.178678959608078,37.006980895996094,1042.838623046875,0.014455851912498475,66.86621857285647,0.026844583451747894,0.03632183000445366,862.5067138671875,2190.823486328125,0.3369166851043701,30.594134407391035,True,248320,2560
Qwen3.5-9B-Base,base_instruct,qwen3.5_dense,base,E,0.8553493618965149,0.09163565188646317,0.10713242561295062,46.45194625854492,28.388988494873047,54.30757106727689,33.1899335634364,0.10898193870558363,0.06660403391585874,0.9979202747344971,0.07347416877746582,0.011618664488196373,0.023090187460184097,0.03102043643593788,2212.61474609375,3617.88037109375,0.5401891469955444,12.45056635199351,0.004389090463519096,0.013683277182281017,3074.501220703125,3735.29541015625,0.7506106495857239,7.613793498568294,False,248320,4096
Qwen3.5-9B-Base,base_instruct,qwen3.5_dense,base,U,0.99200040102005,0.2818055748939514,0.28407808565820897,150.005126953125,54.8675651550293,151.21478458968198,55.31002315988008,0.3034508828449632,0.11099361351195686,0.9993078708648682,0.9640008211135864,0.09076683223247528,0.09758111834526062,0.1034422516822815,117.79537200927734,2402.984375,0.028758635744452477,99.89150662662557,0.013193759135901928,0.020232463255524635,2138.197265625,3603.3974609375,0.5220208168029785,37.55096337121764,False,248320,4096
Qwen3.5-9B-Instruct,base_instruct,qwen3.5_dense,instruct,E,0.8524354100227356,0.0913858562707901,0.10720560783409117,46.33592987060547,28.30201530456543,54.35711530257715,33.201360445374476,0.10908136180090158,0.0666269648575764,0.9978833198547363,0.07703377306461334,0.01163996197283268,0.023119062185287476,0.031051332131028175,2209.791015625,3617.266357421875,0.5394997596740723,12.460690733727645,0.004392229951918125,0.013691050000488758,3073.412109375,3734.942626953125,0.7503447532653809,7.614422541005717,False,248320,4096
Qwen3.5-9B-Instruct,base_instruct,qwen3.5_dense,instruct,U,0.9833297729492188,0.28184667229652405,0.28662477232963757,149.99559020996094,54.77537536621094,152.53844064956124,55.7039732478838,0.30610713501662323,0.1117841744503331,0.9993159770965576,0.964015781879425,0.09235651791095734,0.09939621388912201,0.10530643910169601,113.89595031738281,2381.4345703125,0.027806628495454788,96.43328762485059,0.013402285054326057,0.020681578665971756,2111.978271484375,3602.291259765625,0.515619695186615,36.048076638662856,False,248320,4096
Qwen3.6-35B-A3B,other_models,qwen3.6,,E,0.5547003746032715,0.08590640127658844,0.1548699175442774,43.404388427734375,22.67504119873047,78.24834886541717,40.87799871227406,0.1570251917416791,0.08203208986366033,0.9987673163414001,0.11500856280326843,0.024185311049222946,0.042784541845321655,0.05727807432413101,754.309326171875,1594.0633544921875,0.36831510066986084,11.970020244681894,0.0067599061876535416,0.022593384608626366,1282.3817138671875,1702.497802734375,0.6261629462242126,6.312054471640029,False,248320,2048
Qwen3.6-35B-A3B,other_models,qwen3.6,,U,0.826122522354126,0.2721109986305237,0.32938334359304694,144.91656494140625,53.65949249267578,175.41776312846517,64.95343128978885,0.35202030828177067,0.13034556192490845,0.9991512298583984,0.9549230337142944,0.1223764717578888,0.13259533047676086,0.14035342633724213,64.77264404296875,1080.313232421875,0.031627267599105835,54.78581992312715,0.01879309117794037,0.029556525871157646,1079.8455810546875,1788.1527099609375,0.5272683501243591,21.297654832105565,False,248320,2048
