model_a,model_b,source_tasks,align_mode,n_common,n_fit,full_vocab,hidden_dim_a,hidden_dim_b,vocab_size_a,vocab_size_b,actual_tied_a,actual_tied_b,E_R2,E_rel_err,E_norm_b,E_method,E_trace_A,E_trace_A_over_d,E_norm_A,E_norm_A_minus_I,E_rel_A_minus_I_over_I,E_rel_A_minus_I_over_A,E_identity_cosine,E_diag_mean,E_diag_std,E_diag_min,E_diag_max,E_offdiag_norm,E_offdiag_norm_over_A,E_orthogonality_error,E_rel_orthogonality_error_over_I,U_R2,U_rel_err,U_norm_b,U_method,U_trace_A,U_trace_A_over_d,U_norm_A,U_norm_A_minus_I,U_rel_A_minus_I_over_I,U_rel_A_minus_I_over_A,U_identity_cosine,U_diag_mean,U_diag_std,U_diag_min,U_diag_max,U_offdiag_norm,U_offdiag_norm_over_A,U_orthogonality_error,U_rel_orthogonality_error_over_I,E_delta_E_delta_total_energy,E_delta_E_delta_fro_norm,E_delta_E_delta_numerical_rank,E_delta_E_delta_rank_50,E_delta_E_delta_rank_80,E_delta_E_delta_rank_90,E_delta_E_delta_rank_95,E_delta_E_delta_rank_99,E_delta_E_delta_effective_rank,E_delta_E_delta_top_singular_values,E_delta_E_delta_energy_at_1,E_delta_E_delta_energy_at_5,E_delta_E_delta_energy_at_10,E_delta_E_delta_energy_at_20,E_delta_E_delta_energy_at_50,E_delta_E_delta_energy_at_100,E_delta_E_delta_energy_at_200,E_delta_E_delta_energy_at_500,E_delta_E_delta_energy_at_1000,E_delta_E_delta_energy_at_1pct_h,E_delta_E_delta_energy_at_5pct_h,E_delta_E_delta_energy_at_10pct_h,U_delta_U_delta_total_energy,U_delta_U_delta_fro_norm,U_delta_U_delta_numerical_rank,U_delta_U_delta_rank_50,U_delta_U_delta_rank_80,U_delta_U_delta_rank_90,U_delta_U_delta_rank_95,U_delta_U_delta_rank_99,U_delta_U_delta_effective_rank,U_delta_U_delta_top_singular_values,U_delta_U_delta_energy_at_1,U_delta_U_delta_energy_at_5,U_delta_U_delta_energy_at_10,U_delta_U_delta_energy_at_20,U_delta_U_delta_energy_at_50,U_delta_U_delta_energy_at_100,U_delta_U_delta_energy_at_200,U_delta_U_delta_energy_at_500,U_delta_U_delta_energy_at_1000,U_delta_U_delta_energy_at_1pct_h,U_delta_U_delta_energy_at_5pct_h,U_delta_U_delta_energy_at_10pct_h,A_delta_A_delta_total_energy,A_delta_A_delta_fro_norm,A_delta_A_delta_numerical_rank,A_delta_A_delta_rank_50,A_delta_A_delta_rank_80,A_delta_A_delta_rank_90,A_delta_A_delta_rank_95,A_delta_A_delta_rank_99,A_delta_A_delta_effective_rank,A_delta_A_delta_top_singular_values,A_delta_A_delta_energy_at_1,A_delta_A_delta_energy_at_5,A_delta_A_delta_energy_at_10,A_delta_A_delta_energy_at_20,A_delta_A_delta_energy_at_50,A_delta_A_delta_energy_at_100,A_delta_A_delta_energy_at_200,A_delta_A_delta_energy_at_500,A_delta_A_delta_energy_at_1000,A_delta_A_delta_energy_at_1pct_h,A_delta_A_delta_energy_at_5pct_h,A_delta_A_delta_energy_at_10pct_h,U_A_delta_A_delta_total_energy,U_A_delta_A_delta_fro_norm,U_A_delta_A_delta_numerical_rank,U_A_delta_A_delta_rank_50,U_A_delta_A_delta_rank_80,U_A_delta_A_delta_rank_90,U_A_delta_A_delta_rank_95,U_A_delta_A_delta_rank_99,U_A_delta_A_delta_effective_rank,U_A_delta_A_delta_top_singular_values,U_A_delta_A_delta_energy_at_1,U_A_delta_A_delta_energy_at_5,U_A_delta_A_delta_energy_at_10,U_A_delta_A_delta_energy_at_20,U_A_delta_A_delta_energy_at_50,U_A_delta_A_delta_energy_at_100,U_A_delta_A_delta_energy_at_200,U_A_delta_A_delta_energy_at_500,U_A_delta_A_delta_energy_at_1000,U_A_delta_A_delta_energy_at_1pct_h,U_A_delta_A_delta_energy_at_5pct_h,U_A_delta_A_delta_energy_at_10pct_h,R2_E,rel_err_E,norm_A_E,norm_b_E,R2_U,rel_err_U,norm_A_U,norm_b_U,method,elapsed_sec
Qwen3-0.6B-Base,Qwen3-0.6B,task1_base_instruct,id_full_vocab,151936,151936,True,1024,1024,151936,151936,True,True,0.9876894506828213,0.10501672906060505,0.08113514631986618,centered normal equations solve,977.6507568359375,0.9547370672225952,30.606311798095703,2.3334038257598877,0.07291886955499649,0.07623930126416179,0.9982119202613831,0.9547370672225952,0.019217748194932938,0.7444406151771545,0.9862768054008484,1.7229875326156616,0.056295170224426205,3.730536699295044,0.11657927185297012,0.9876894506828213,0.10501672906060505,0.08113514631986618,centered normal equations solve (copied from tied E),977.6507568359375,0.9547370672225952,30.606311798095703,2.3334038257598877,0.07291886955499649,0.07623930126416179,0.9982119202613831,0.9547370672225952,0.019217748194932938,0.7444406151771545,0.9862768054008484,1.7229875326156616,0.056295170224426205,3.730536699295044,0.11657927185297012,2390.7724609375,48.895525980783766,1024,105,489,709,849,983,358.93301939993523,18.0863;7.62386;7.24905;6.62765;5.96036;5.85433;5.53129;5.26966;4.87678;4.66353,0.13682402670383453,0.21634797751903534,0.2741406559944153,0.33114317059516907,0.4144432246685028,0.4944859445095062,0.6036156415939331,0.8059036135673523,0.9943891167640686,0.2821390628814697,0.41843727231025696,0.4984598755836487,2390.7724609375,48.895525980783766,1024,105,489,709,849,983,358.93301939993523,18.0863;7.62386;7.24905;6.62765;5.96036;5.85433;5.53129;5.26966;4.87678;4.66353,0.13682402670383453,0.21634797751903534,0.2741406559944153,0.33114317059516907,0.4144432246685028,0.4944859445095062,0.6036156415939331,0.8059036135673523,0.9943891167640686,0.2821390628814697,0.41843727231025696,0.4984598755836487,5.444772720336914,2.3334036771070954,1023,15,178,415,620,891,136.4174931330087,0.925554;0.584506;0.502428;0.48618;0.419984;0.374623;0.350069;0.338906;0.31452;0.292841,0.15733443200588226,0.3422527313232422,0.44554924964904785,0.5488367676734924,0.6643813848495483,0.7388292551040649,0.8130806684494019,0.9234986305236816,0.9991728663444519,0.4598761796951294,0.6687540411949158,0.7419032454490662,5.444772720336914,2.3334036771070954,1023,15,178,415,620,891,136.4174931330087,0.925554;0.584506;0.502428;0.48618;0.419984;0.374623;0.350069;0.338906;0.31452;0.292841,0.15733443200588226,0.3422527313232422,0.44554924964904785,0.5488367676734924,0.6643813848495483,0.7388292551040649,0.8130806684494019,0.9234986305236816,0.9991728663444519,0.4598761796951294,0.6687540411949158,0.7419032454490662,0.9876894506828213,0.10501672906060505,30.606311798095703,0.08113514631986618,0.9876894506828213,0.10501672906060505,30.606311798095703,0.08113514631986618,centered normal equations solve; U: centered normal equations solve (copied from tied E),8.5952889919281
Qwen3-1.7B-Base,Qwen3-1.7B,task1_base_instruct,id_full_vocab,151936,151936,True,2048,2048,151936,151936,True,True,0.9938152314061097,0.07666905511526717,0.14332076907157898,centered normal equations solve,1988.266845703125,0.970833420753479,43.994842529296875,2.6481332778930664,0.05851603119637335,0.06019190263335144,0.9986376762390137,0.970833420753479,0.011136171407997608,0.7409840226173401,0.9847249984741211,2.2397358417510986,0.050909054629747166,4.092179298400879,0.09042524161657718,0.9938152314061097,0.07666905511526717,0.14332076907157898,centered normal equations solve (copied from tied E),1988.266845703125,0.970833420753479,43.994842529296875,2.6481332778930664,0.05851603119637335,0.06019190263335144,0.9986376762390137,0.970833420753479,0.011136171407997608,0.7409840226173401,0.9847249984741211,2.2397358417510986,0.050909054629747166,4.092179298400879,0.09042524161657718,3343.90673828125,57.826522792584115,2048,217,970,1411,1691,1963,710.0533031767818,18.0043;11.0963;7.96815;7.36667;6.96452;6.09418;5.8633;5.51838;5.27253;5.01339,0.09693876653909683,0.1834816038608551,0.22980570793151855,0.2757214307785034,0.3412521779537201,0.4036847651004791,0.4882439076900482,0.6464920043945312,0.8080301880836487,0.27889248728752136,0.4067821204662323,0.4917724132537842,3343.90673828125,57.826522792584115,2048,217,970,1411,1691,1963,710.0533031767818,18.0043;11.0963;7.96815;7.36667;6.96452;6.09418;5.8633;5.51838;5.27253;5.01339,0.09693876653909683,0.1834816038608551,0.22980570793151855,0.2757214307785034,0.3412521779537201,0.4036847651004791,0.4882439076900482,0.6464920043945312,0.8080301880836487,0.27889248728752136,0.4067821204662323,0.4917724132537842,7.012606620788574,2.6481326667651253,2048,3,158,616,1060,1696,50.90342500098073,1.76696;0.572385;0.485092;0.397251;0.34336;0.321481;0.307552;0.292089;0.26242;0.241754,0.4452190399169922,0.5648098587989807,0.6233564019203186,0.6781938076019287,0.7348814606666565,0.7737210392951965,0.8147217631340027,0.8820393681526184,0.9446289539337158,0.681580126285553,0.775377631187439,0.8163061141967773,7.012606620788574,2.6481326667651253,2048,3,158,616,1060,1696,50.90342500098073,1.76696;0.572385;0.485092;0.397251;0.34336;0.321481;0.307552;0.292089;0.26242;0.241754,0.4452190399169922,0.5648098587989807,0.6233564019203186,0.6781938076019287,0.7348814606666565,0.7737210392951965,0.8147217631340027,0.8820393681526184,0.9446289539337158,0.681580126285553,0.775377631187439,0.8163061141967773,0.9938152314061097,0.07666905511526717,43.994842529296875,0.14332076907157898,0.9938152314061097,0.07666905511526717,43.994842529296875,0.14332076907157898,centered normal equations solve; U: centered normal equations solve (copied from tied E),13.978025674819946
Qwen3-4B-Base,Qwen3-4B,task1_base_instruct,id_full_vocab,151936,151936,True,2560,2560,151936,151936,True,True,0.9901264236933547,0.09535315703089524,0.1286734640598297,centered normal equations solve,2470.00732421875,0.9648466110229492,48.89436340332031,3.2624759674072266,0.06448034292855058,0.06672499119163659,0.9984342455863953,0.9648466110229492,0.012727752327919006,0.736670732498169,0.9863076210021973,2.6581010818481445,0.054364161773044754,4.909278392791748,0.09702813368170418,0.9901264236933547,0.09535315703089524,0.1286734640598297,centered normal equations solve (copied from tied E),2470.00732421875,0.9648466110229492,48.89436340332031,3.2624759674072266,0.06448034292855058,0.06672499119163659,0.9984342455863953,0.9648466110229492,0.012727752327919006,0.736670732498169,0.9863076210021973,2.6581010818481445,0.054364161773044754,4.909278392791748,0.09702813368170418,2635.866943359375,51.34069480791407,2560,269,1208,1759,2109,2452,886.8474617231104,16.2077;7.65889;6.63992;6.37356;5.49363;5.27162;4.91918;4.77556;4.518;4.11653,0.09965907782316208,0.16550055146217346,0.20804914832115173,0.2515697479248047,0.3162296414375305,0.37796422839164734,0.45846664905548096,0.6045342683792114,0.7532579302787781,0.268586665391922,0.40416908264160156,0.49296316504478455,2635.866943359375,51.34069480791407,2560,269,1208,1759,2109,2452,886.8474617231104,16.2077;7.65889;6.63992;6.37356;5.49363;5.27162;4.91918;4.77556;4.518;4.11653,0.09965907782316208,0.16550055146217346,0.20804914832115173,0.2515697479248047,0.3162296414375305,0.37796422839164734,0.45846664905548096,0.6045342683792114,0.7532579302787781,0.268586665391922,0.40416908264160156,0.49296316504478455,10.643747329711914,3.2624756443093816,2559,15,324,837,1320,2061,165.49280619051638,1.5412;0.738649;0.636872;0.57826;0.545188;0.498547;0.479125;0.39856;0.379295;0.371899,0.2231646627187729,0.37187379598617554,0.45822808146476746,0.5421777367591858,0.6353200078010559,0.6957147121429443,0.7552398443222046,0.8439509272575378,0.9199047684669495,0.570800244808197,0.7165668606758118,0.7778427600860596,10.643747329711914,3.2624756443093816,2559,15,324,837,1320,2061,165.49280619051638,1.5412;0.738649;0.636872;0.57826;0.545188;0.498547;0.479125;0.39856;0.379295;0.371899,0.2231646627187729,0.37187379598617554,0.45822808146476746,0.5421777367591858,0.6353200078010559,0.6957147121429443,0.7552398443222046,0.8439509272575378,0.9199047684669495,0.570800244808197,0.7165668606758118,0.7778427600860596,0.9901264236933547,0.09535315703089524,48.89436340332031,0.1286734640598297,0.9901264236933547,0.09535315703089524,48.89436340332031,0.1286734640598297,centered normal equations solve; U: centered normal equations solve (copied from tied E),16.543432235717773
Qwen3-8B-Base,Qwen3-8B,task1_base_instruct,id_full_vocab,151936,151936,True,4096,4096,151936,151936,False,False,0.9956756144661487,0.06522749840514055,0.0012461330043151975,centered normal equations solve,4040.017578125,0.9863324165344238,63.13957214355469,1.6033538579940796,0.025052404031157494,0.02539380302338255,0.9997735619544983,0.9863324165344238,0.00032044947147369385,0.9851164817810059,0.9875304698944092,1.3435684442520142,0.021279340335047966,2.537619113922119,0.03965029865503311,0.9942314042251835,0.07398616658896526,0.12214771658182144,centered normal equations solve,3987.605712890625,0.9735365509986877,62.38904571533203,3.630624771118164,0.056728512048721313,0.05819330508249692,0.9986743330955505,0.9735365509986877,0.011212373152375221,0.61580890417099,0.9864304661750793,3.1301779747009277,0.050171916220409354,6.1001691818237305,0.09531514346599579,1390.443603515625,37.288652476532654,4096,492,1596,2401,2971,3743,2197.406484885284,3.1143;2.95775;2.25288;2.09103;2.06865;2.00759;1.91702;1.84891;1.83381;1.78957,0.006975377444177866,0.02313963696360588,0.03586168214678764,0.05668351426720619,0.10782793164253235,0.17509041726589203,0.2794925272464752,0.5050631761550903,0.691103458404541,0.09364425390958786,0.28411728143692017,0.446877658367157,3518.2421875,59.31477208503797,4096,412,1916,2805,3370,3922,1399.3804815402773,15.7981;9.97028;8.03063;7.56836;6.28839;5.93503;5.42281;5.22271;4.83854;4.73353,0.07093851268291473,0.14504407346248627,0.18419033288955688,0.2255091667175293,0.2844820022583008,0.33896589279174805,0.4077814817428589,0.5292508602142334,0.6528750061988831,0.27053123712539673,0.41055676341056824,0.4993179142475128,2.5707430839538574,1.603353698955367,4096,377,1130,1759,2287,3100,1714.1603338597447,0.117951;0.112881;0.0925262;0.0897361;0.0865518;0.085564;0.0845111;0.0826266;0.0816484;0.0802465,0.005411796271800995,0.019745027646422386,0.03312499076128006,0.05713962763547897,0.1192527487874031,0.2045150250196457,0.337089866399765,0.5803206562995911,0.7700815200805664,0.10180941224098206,0.3427428603172302,0.5236907601356506,13.181417465209961,3.6306221870651814,4091,4,308,1104,1895,3146,76.74571035335941,2.35669;0.721165;0.574028;0.538412;0.511567;0.46063;0.41447;0.397502;0.356149;0.339131,0.42135089635849,0.5276501178741455,0.5871145129203796,0.6383529305458069,0.6949838995933533,0.7335673570632935,0.7728621959686279,0.8340720534324646,0.8911032676696777,0.6836850047111511,0.774347722530365,0.8196045160293579,0.9956756144661487,0.06522749840514055,63.13957214355469,0.0012461330043151975,0.9942314042251835,0.07398616658896526,62.38904571533203,0.12214771658182144,centered normal equations solve,39.80358147621155
Qwen3-14B-Base,Qwen3-14B,task1_base_instruct,id_full_vocab,151936,151936,True,5120,5120,151936,151936,False,False,0.9955615155647812,0.06596673223274885,0.001086747506633401,centered normal equations solve,5051.560546875,0.9866329431533813,70.64310455322266,2.706914186477661,0.0378302758138912,0.03831816570912829,0.9993573427200317,0.9866329431533813,0.0004870505363214761,0.9846726655960083,0.9883131980895996,2.5320608615875244,0.03584300092134066,3.97628116607666,0.05557021865624714,0.9937198435506143,0.07846864973216121,0.09347342699766159,centered normal equations solve,4984.22802734375,0.973482072353363,69.75643920898438,4.183854579925537,0.0584711453042958,0.05997804112952302,0.9985702037811279,0.973482072353363,0.009731666184961796,0.7255762815475464,0.9874353408813477,3.663245677947998,0.05251480321369651,6.992264270782471,0.09771986391320375,1298.216064453125,36.03076552688167,5120,360,1329,2164,2860,4462,1857.0010738954843,3.22213;3.19121;2.37413;2.25375;2.22322;2.08977;2.07211;2.02983;2.0164;2.01116,0.007997211068868637,0.027903340756893158,0.04399590939283371,0.07155501842498779,0.13942140340805054,0.22501619160175323,0.3509427011013031,0.59671550989151,0.7442313432693481,0.14339588582515717,0.40855878591537476,0.603394627571106,3171.75244140625,56.31831355257586,5120,433,2285,3427,4163,4891,1633.7776178526863,14.1032;9.03222;8.39558;6.28308;5.87931;5.49558;5.21156;5.08005;4.55119;4.44635,0.0627099871635437,0.13399866223335266,0.1729840487241745,0.21544386446475983,0.2818506956100464,0.339444637298584,0.40745264291763306,0.5199022889137268,0.6299999952316284,0.28494149446487427,0.4348207712173462,0.523258626461029,7.327383995056152,2.7069141092868376,5072,304,933,1482,2031,3150,1451.6229269597695,0.233346;0.226433;0.176159;0.171904;0.166652;0.160982;0.160669;0.158178;0.156997;0.156733,0.007431053090840578,0.02648666873574257,0.04367741569876671,0.07410392165184021,0.14890366792678833,0.2465166598558426,0.3909163475036621,0.6395331621170044,0.8165782690048218,0.15335522592067719,0.45386937260627747,0.6460214853286743,17.504613876342773,4.183851560027288,5111,9,344,1252,2196,3751,138.7072250933245,2.13823;1.3147;0.853447;0.642848;0.59583;0.572504;0.516391;0.496114;0.439503;0.425469,0.26118969917297363,0.44543081521987915,0.5148259997367859,0.5869667530059814,0.6687006950378418,0.7197270393371582,0.7642859220504761,0.8262882828712463,0.8806601762771606,0.6719156503677368,0.7803269624710083,0.8280155658721924,0.9955615155647812,0.06596673223274885,70.64310455322266,0.001086747506633401,0.9937198435506143,0.07846864973216121,69.75643920898438,0.09347342699766159,centered normal equations solve,51.21357774734497
Qwen3-30B-A3B-Base,Qwen3-30B-A3B,task1_base_instruct,id_full_vocab,151936,151936,True,2048,2048,151936,151936,False,False,0.9921235164246368,0.08836893440486861,0.0034036135766655207,centered normal equations solve,2014.359130859375,0.9835737943649292,44.513946533203125,0.8794317245483398,0.01943287925058472,0.019756318930121558,0.9999443888664246,0.9835737943649292,0.0004599480889737606,0.9790301322937012,0.9845736622810364,0.46943873167037964,0.010545879847346796,1.619754672050476,0.03579185976454637,0.9944893606962468,0.07158520948926377,0.07284755259752274,centered normal equations solve,1985.7786865234375,0.9696184992790222,43.92155075073242,2.3548200130462646,0.052034662490587746,0.05361422747595032,0.9990522861480713,0.9696184992790222,0.011211838573217392,0.7804476022720337,0.9885294437408447,1.8431916236877441,0.04196554065562012,3.6176843643188477,0.07994028581882505,1055.432861328125,32.4874262035041,2048,550,1210,1560,1778,1985,1727.2537627490526,1.53383;1.46937;1.38332;1.33734;1.32183;1.29888;1.28263;1.2742;1.26456;1.26212,0.0022290730848908424,0.009437767788767815,0.017157690599560738,0.03119702637195587,0.06956592202186584,0.12771005928516388,0.23029166460037231,0.46833768486976624,0.7249186635017395,0.032546091824769974,0.1310274600982666,0.23503991961479187,1721.54931640625,41.49155717017921,2048,232,1027,1457,1719,1968,750.9913677894064,12.5163;6.79581;6.56781;5.92175;5.00986;4.73008;4.06522;3.66786;3.47699;3.35531,0.09099836647510529,0.17782998085021973,0.2218022495508194,0.2663165032863617,0.3339708745479584,0.39743611216545105,0.4794456958770752,0.6319717764854431,0.7930986285209656,0.2696042060852051,0.4004589021205902,0.48283621668815613,0.7734001278877258,0.8794317073472652,2048,460,1009,1322,1555,1868,1516.4266203845154,0.0611276;0.0404826;0.0391065;0.0381734;0.0371844;0.0370808;0.0369721;0.0368948;0.0368138;0.0365888,0.004831372294574976,0.012599721550941467,0.02138836868107319,0.038118958473205566,0.08405327051877975,0.15216514468193054,0.2689104974269867,0.5292230844497681,0.7967104911804199,0.039737965911626816,0.15601228177547455,0.2742251753807068,5.545176982879639,2.354819947019228,2047,11,354,837,1241,1774,132.73140813123493,1.2568;0.539348;0.450647;0.396539;0.355015;0.324648;0.296861;0.272532;0.261756;0.236242,0.28485143184661865,0.4250197112560272,0.49573397636413574,0.5596878528594971,0.6347658634185791,0.6884388327598572,0.7455718517303467,0.8377199172973633,0.9227122068405151,0.5639199018478394,0.6907454133033752,0.7477604150772095,0.9921235164246368,0.08836893440486861,44.513946533203125,0.0034036135766655207,0.9944893606962468,0.07158520948926377,43.92155075073242,0.07284755259752274,centered normal equations solve,18.8989679813385
Qwen3.5-0.8B-Base,Qwen3.5-0.8B-Instruct,task1_base_instruct,id_full_vocab,248320,248320,True,1024,1024,248320,248320,True,True,0.9978601039448638,0.041508592705581715,0.007175321225076914,centered normal equations solve,1013.957275390625,0.9901926517486572,31.689699172973633,0.5679872035980225,0.017749600112438202,0.0179234015601646,0.9998884797096252,0.9901926517486572,0.0033509032800793648,0.9587529897689819,0.9959251284599304,0.46110522747039795,0.014550634417623274,0.9665590524673462,0.03020497038960457,0.9978601039448638,0.041508592705581715,0.007175321225076914,centered normal equations solve (copied from tied E),1013.957275390625,0.9901926517486572,31.689699172973633,0.5679872035980225,0.017749600112438202,0.0179234015601646,0.9998884797096252,0.9901926517486572,0.0033509032800793648,0.9587529897689819,0.9959251284599304,0.46110522747039795,0.014550634417623274,0.9665590524673462,0.03020497038960457,198.68161010742188,14.095446431646707,1024,196,559,752,872,988,641.3010921726988,3.01212;2.01425;1.52824;1.46065;1.31494;1.29451;1.23131;1.15722;1.10755;1.08781,0.04566545784473419,0.09728214144706726,0.13221770524978638,0.17806190252304077,0.2676517069339752,0.3657269775867462,0.5055490136146545,0.7638359069824219,0.9938702583312988,0.1377849131822586,0.2723273038864136,0.37074440717697144,198.68161010742188,14.095446431646707,1024,196,559,752,872,988,641.3010921726988,3.01212;2.01425;1.52824;1.46065;1.31494;1.29451;1.23131;1.15722;1.10755;1.08781,0.04566545784473419,0.09728214144706726,0.13221770524978638,0.17806190252304077,0.2676517069339752,0.3657269775867462,0.5055490136146545,0.7638359069824219,0.9938702583312988,0.1377849131822586,0.2723273038864136,0.37074440717697144,0.32260948419570923,0.567987221859532,1023,15,123,299,485,792,122.80103839334679,0.202419;0.1605;0.148116;0.116827;0.0987443;0.0893207;0.0832073;0.0763572;0.0733722;0.070891,0.1270061880350113,0.3473895192146301,0.44391822814941406,0.5520760416984558,0.6875211596488953,0.7765675187110901,0.8557502031326294,0.952994704246521,0.9997928142547607,0.45912405848503113,0.6928040385246277,0.7800647020339966,0.32260948419570923,0.567987221859532,1023,15,123,299,485,792,122.80103839334679,0.202419;0.1605;0.148116;0.116827;0.0987443;0.0893207;0.0832073;0.0763572;0.0733722;0.070891,0.1270061880350113,0.3473895192146301,0.44391822814941406,0.5520760416984558,0.6875211596488953,0.7765675187110901,0.8557502031326294,0.952994704246521,0.9997928142547607,0.45912405848503113,0.6928040385246277,0.7800647020339966,0.9978601039448638,0.041508592705581715,31.689699172973633,0.007175321225076914,0.9978601039448638,0.041508592705581715,31.689699172973633,0.007175321225076914,centered normal equations solve; U: centered normal equations solve (copied from tied E),10.504465579986572
Qwen3.5-2B-Base,Qwen3.5-2B-Instruct,task1_base_instruct,id_full_vocab,248320,248320,True,2048,2048,248320,248320,True,True,0.9965920500316764,0.05259347706799539,0.008611425757408142,centered normal equations solve,2023.59326171875,0.9880826473236084,44.72333526611328,0.9951187372207642,0.021989225224206134,0.022250548428456817,0.9998252391815186,0.9880826473236084,0.0039028385654091835,0.9367943406105042,0.9943571090698242,0.8174362778663635,0.018277623370494288,1.6676386594772339,0.03684995639641237,0.9965920500316764,0.05259347706799539,0.008611425757408142,centered normal equations solve (copied from tied E),2023.59326171875,0.9880826473236084,44.72333526611328,0.9951187372207642,0.021989225224206134,0.022250548428456817,0.9998252391815186,0.9880826473236084,0.0039028385654091835,0.9367943406105042,0.9943571090698242,0.8174362778663635,0.018277623370494288,1.6676386594772339,0.03684995639641237,371.8750305175781,19.284061566941187,2048,374,1104,1494,1738,1974,1207.4278993185148,4.51614;1.87776;1.62123;1.49351;1.37703;1.34555;1.26694;1.24625;1.21311;1.2043,0.05484498292207718,0.08249182999134064,0.10371068120002747,0.13384944200515747,0.19720643758773804,0.2695540487766266,0.37239712476730347,0.5704495310783386,0.768302857875824,0.13646042346954346,0.2732696533203125,0.3767823874950409,371.8750305175781,19.284061566941187,2048,374,1104,1494,1738,1974,1207.4278993185148,4.51614;1.87776;1.62123;1.49351;1.37703;1.34555;1.26694;1.24625;1.21311;1.2043,0.05484498292207718,0.08249182999134064,0.10371068120002747,0.13384944200515747,0.19720643758773804,0.2695540487766266,0.37239712476730347,0.5704495310783386,0.768302857875824,0.13646042346954346,0.2732696533203125,0.3767823874950409,0.9902611970901489,0.9951186849266518,2047,33,275,609,949,1527,265.4287682498624,0.261065;0.243618;0.225547;0.173914;0.159482;0.14755;0.140202;0.132841;0.126407;0.116667,0.06882516294717789,0.2363586723804474,0.32589462399482727,0.42750781774520874,0.5656355619430542,0.6657570600509644,0.758437991142273,0.8760865926742554,0.9553505778312683,0.43470004200935364,0.6698179841041565,0.7616944909095764,0.9902611970901489,0.9951186849266518,2047,33,275,609,949,1527,265.4287682498624,0.261065;0.243618;0.225547;0.173914;0.159482;0.14755;0.140202;0.132841;0.126407;0.116667,0.06882516294717789,0.2363586723804474,0.32589462399482727,0.42750781774520874,0.5656355619430542,0.6657570600509644,0.758437991142273,0.8760865926742554,0.9553505778312683,0.43470004200935364,0.6698179841041565,0.7616944909095764,0.9965920500316764,0.05259347706799539,44.72333526611328,0.008611425757408142,0.9965920500316764,0.05259347706799539,44.72333526611328,0.008611425757408142,centered normal equations solve; U: centered normal equations solve (copied from tied E),19.80586266517639
Qwen3.5-4B-Base,Qwen3.5-4B-Instruct,task1_base_instruct,id_full_vocab,248320,248320,True,2560,2560,248320,248320,True,True,0.9971758936229157,0.04921549394903286,0.0075591630302369595,centered normal equations solve,2532.070068359375,0.9890899062156677,50.0517692565918,1.0193839073181152,0.020147343482795184,0.020366590880977954,0.9998533725738525,0.9890899062156677,0.0032995615620166063,0.9407833814620972,0.9941112995147705,0.8405691981315613,0.016793995709169833,1.715486764907837,0.033905284206141105,0.9971758936229157,0.04921549394903286,0.0075591630302369595,centered normal equations solve (copied from tied E),2532.070068359375,0.9890899062156677,50.0517692565918,1.0193839073181152,0.020147343482795184,0.020366590880977954,0.9998533725738525,0.9890899062156677,0.0032995615620166063,0.9407833814620972,0.9941112995147705,0.8405691981315613,0.016793995709169833,1.715486764907837,0.033905284206141105,306.12213134765625,17.496346228503146,2560,468,1385,1869,2172,2465,1520.0079618688167,3.83432;1.70817;1.36659;1.28145;1.18073;1.16002;1.10598;1.06418;1.04359;1.00599,0.04802662506699562,0.07357731461524963,0.09253185242414474,0.11987777799367905,0.17717097699642181,0.2437116652727127,0.3385881781578064,0.515404462814331,0.6980057954788208,0.13342487812042236,0.2739056944847107,0.3802040219306946,306.12213134765625,17.496346228503146,2560,468,1385,1869,2172,2465,1520.0079618688167,3.83432;1.70817;1.36659;1.28145;1.18073;1.16002;1.10598;1.06418;1.04359;1.00599,0.04802662506699562,0.07357731461524963,0.09253185242414474,0.11987777799367905,0.17717097699642181,0.2437116652727127,0.3385881781578064,0.515404462814331,0.6980057954788208,0.13342487812042236,0.2739056944847107,0.3802040219306946,1.0391433238983154,1.0193837961721361,2558,46,371,774,1176,1869,345.57002274541435,0.268524;0.252544;0.204897;0.155475;0.149009;0.1389;0.129442;0.123298;0.120954;0.117743,0.0693889781832695,0.21579548716545105,0.29253578186035156,0.3821839988231659,0.5125366449356079,0.6130560636520386,0.7121480703353882,0.8418751955032349,0.9317083358764648,0.4186822175979614,0.6483452320098877,0.7477098107337952,1.0391433238983154,1.0193837961721361,2558,46,371,774,1176,1869,345.57002274541435,0.268524;0.252544;0.204897;0.155475;0.149009;0.1389;0.129442;0.123298;0.120954;0.117743,0.0693889781832695,0.21579548716545105,0.29253578186035156,0.3821839988231659,0.5125366449356079,0.6130560636520386,0.7121480703353882,0.8418751955032349,0.9317083358764648,0.4186822175979614,0.6483452320098877,0.7477098107337952,0.9971758936229157,0.04921549394903286,50.0517692565918,0.0075591630302369595,0.9971758936229157,0.04921549394903286,50.0517692565918,0.0075591630302369595,centered normal equations solve; U: centered normal equations solve (copied from tied E),25.247347831726074
Qwen3.5-9B-Base,Qwen3.5-9B-Instruct,task1_base_instruct,id_full_vocab,248320,248320,True,4096,4096,248320,248320,False,False,0.99859045379887,0.03733226311733783,0.00070329534355551,centered normal equations solve,4079.04150390625,0.9958597421646118,63.73592758178711,0.430612713098526,0.006728323642164469,0.006756200614574188,0.9999858140945435,0.9958597421646118,8.548784535378218e-05,0.9954598546028137,0.9962993860244751,0.33939066529273987,0.005324950591755765,0.7125372886657715,0.01113339513540268,0.9982332110536598,0.04029538028297086,0.010825948789715767,centered normal equations solve,4054.370849609375,0.9898366332054138,63.36217498779297,1.42259681224823,0.022228075191378593,0.022451830489125416,0.9998006820678711,0.9898366332054138,0.002606357913464308,0.9495409727096558,0.993916392326355,1.2541385889053345,0.019793174542176786,2.309077024459839,0.03607932850718498,264.8448181152344,16.274053524406092,4096,1003,2457,3163,3586,3981,3231.9627013496183,1.13025;0.989607;0.855264;0.837492;0.756156;0.745341;0.724817;0.706569;0.681712;0.674255,0.0048234653659164906,0.016090305522084236,0.025527842342853546,0.04054248705506325,0.07564032822847366,0.1192590519785881,0.1836533099412918,0.3267880976200104,0.49918973445892334,0.06606394797563553,0.18647752702236176,0.2880215644836426,520.12451171875,22.80623843861039,4096,474,1904,2773,3335,3897,1766.2012660536043,5.14994;3.02701;2.58549;2.16192;1.89662;1.82118;1.78097;1.614;1.56599;1.54395,0.050991468131542206,0.09736218303442001,0.12414351850748062,0.1591634601354599,0.2222316414117813,0.28540337085723877,0.36766719818115234,0.5094485282897949,0.6462127566337585,0.206722229719162,0.3709638714790344,0.4753066599369049,0.18542727828025818,0.43061267779787693,4088,696,1586,2127,2558,3233,2425.0599543014855,0.0255284;0.0250721;0.0202132;0.0195312;0.0183888;0.0181936;0.0174567;0.0170524;0.0167916;0.0164562,0.0035145869478583336,0.01298891007900238,0.020966678857803345,0.034515656530857086,0.06899195164442062,0.11806720495223999,0.2020183801651001,0.39898481965065,0.6271387934684753,0.05924258381128311,0.2058858722448349,0.3462080657482147,2.0237815380096436,1.4225967587512787,4073,31,325,884,1538,2753,298.0521544195944,0.420409;0.325365;0.298784;0.258319;0.227744;0.218971;0.196696;0.185764;0.182728;0.176258,0.08733345568180084,0.24235521256923676,0.33406567573547363,0.4398702383041382,0.5736832022666931,0.6662688255310059,0.7472217679023743,0.8443081974983215,0.9116544723510742,0.5447213649749756,0.7499960660934448,0.8241903185844421,0.99859045379887,0.03733226311733783,63.73592758178711,0.00070329534355551,0.9982332110536598,0.04029538028297086,63.36217498779297,0.010825948789715767,centered normal equations solve,60.35105323791504
Qwen3.5-35B-A3B-Base,Qwen3.5-35B-A3B-Instruct,task1_base_instruct,id_full_vocab,248320,248320,True,2048,2048,248320,248320,False,False,0.9987133610282297,0.03545185940221062,0.0004031903517898172,centered normal equations solve,2040.072509765625,0.9961291551589966,45.07999038696289,0.24572671949863434,0.00542984467738153,0.0054509044343030374,0.9999927282333374,0.9961291551589966,9.80602198978886e-05,0.995586633682251,0.9964848160743713,0.17226842045783997,0.00382139434767182,0.4257587790489197,0.009408028744224877,0.9988217804952013,0.0325016979020872,0.0051946379244327545,centered normal equations solve,2025.9451904296875,0.9892310500144958,44.771934509277344,0.7972376346588135,0.01761662930263657,0.017806638095872653,0.9999006390571594,0.9892310500144958,0.0023235727567225695,0.9614545106887817,0.9939596652984619,0.6221129298210144,0.013895154110263078,1.3744877576828003,0.030372175441106253,104.29495239257812,10.212490019215593,2048,576,1302,1627,1814,1991,1693.0357328791813,0.733769;0.72144;0.658573;0.628372;0.563221;0.558077;0.547198;0.540102;0.526632;0.511828,0.005162442103028297,0.02113889716565609,0.03496405854821205,0.057102810591459274,0.11095086485147476,0.178764209151268,0.27169719338417053,0.46025601029396057,0.6905176639556885,0.05913958698511124,0.18222060799598694,0.2755686342716217,248.61412048339844,15.76750203689216,2048,321,1074,1465,1709,1959,1062.2163979116642,3.68198;2.13603;1.80164;1.61852;1.44909;1.40625;1.3275;1.21806;1.15678;1.15245,0.05453016236424446,0.10492134839296341,0.13665637373924255,0.17652635276317596,0.2481541633605957,0.32053816318511963,0.4170877933502197,0.5939604043960571,0.7783279418945312,0.17971977591514587,0.3240923285484314,0.4210417866706848,0.06038162112236023,0.2457267204077738,2048,392,865,1144,1364,1698,1323.3510564703117,0.016431;0.014569;0.0133643;0.0129423;0.0124052;0.0122883;0.0118844;0.0117703;0.0116284;0.0116065,0.004471213091164827,0.016267133876681328,0.027871888130903244,0.048343971371650696,0.10219591856002808,0.1788412630558014,0.30726388096809387,0.5873619318008423,0.8542008996009827,0.05028973147273064,0.18309935927391052,0.31308117508888245,0.6355876922607422,0.7972375381658482,2046,45,403,801,1152,1672,340.17611945862893,0.236945;0.166373;0.14251;0.13075;0.129106;0.119246;0.107727;0.102644;0.0904997;0.0897379,0.0883326306939125,0.21695831418037415,0.2997220754623413,0.3913481533527374,0.5155846476554871,0.6071808934211731,0.7003411054611206,0.8315682411193848,0.9312926530838013,0.397756427526474,0.6110444068908691,0.7037777304649353,0.9987133610282297,0.03545185940221062,45.07999038696289,0.0004031903517898172,0.9988217804952013,0.0325016979020872,44.771934509277344,0.0051946379244327545,centered normal equations solve,27.596433401107788
Qwen2.5-0.5B,Qwen2.5-0.5B-Instruct,task1_base_instruct,id_full_vocab,151936,151936,True,896,896,151936,151936,True,True,0.9902607098733518,0.09075993605795823,0.01045257318764925,centered normal equations solve,865.6163330078125,0.9660897254943848,28.949769973754883,1.6901439428329468,0.05646374614653687,0.05838194722670294,0.9989098906517029,0.9660897254943848,0.011318287812173367,0.8641569018363953,0.9800910949707031,1.3082365989685059,0.04518987888865851,2.6108877658843994,0.08722363835052746,0.9902607098733518,0.09075993605795823,0.01045257318764925,centered normal equations solve (copied from tied E),865.6163330078125,0.9660897254943848,28.949769973754883,1.6901439428329468,0.05646374614653687,0.05838194722670294,0.9989098906517029,0.9660897254943848,0.011318287812173367,0.8641569018363953,0.9800910949707031,1.3082365989685059,0.04518987888865851,2.6108877658843994,0.08722363835052746,412.9766540527344,20.321827035302075,896,185,564,715,798,872,276.479344857125,9.35792;4.81341;2.00561;1.69979;1.56527;1.39887;1.34136;1.15538;1.14193;1.11136,0.21204766631126404,0.290818989276886,0.3092948794364929,0.3298214077949524,0.36818456649780273,0.4201645851135254,0.5140624046325684,0.7546229958534241,0.9999998211860657,0.30630409717559814,0.36254245042800903,0.4101731479167938,412.9766540527344,20.321827035302075,896,185,564,715,798,872,276.479344857125,9.35792;4.81341;2.00561;1.69979;1.56527;1.39887;1.34136;1.15538;1.14193;1.11136,0.21204766631126404,0.290818989276886,0.3092948794364929,0.3298214077949524,0.36818456649780273,0.4201645851135254,0.5140624046325684,0.7546229958534241,0.9999998211860657,0.30630409717559814,0.36254245042800903,0.4101731479167938,2.856586456298828,1.6901439158541582,896,10,188,411,583,795,98.81654562866044,0.870593;0.348996;0.310729;0.288672;0.277631;0.275853;0.252984;0.244046;0.223745;0.211233,0.26532822847366333,0.39792078733444214,0.500958263874054,0.5885014533996582,0.6750141978263855,0.7359815239906311,0.807211697101593,0.9282861351966858,0.9999999403953552,0.485338419675827,0.6658024787902832,0.7262960076332092,2.856586456298828,1.6901439158541582,896,10,188,411,583,795,98.81654562866044,0.870593;0.348996;0.310729;0.288672;0.277631;0.275853;0.252984;0.244046;0.223745;0.211233,0.26532822847366333,0.39792078733444214,0.500958263874054,0.5885014533996582,0.6750141978263855,0.7359815239906311,0.807211697101593,0.9282861351966858,0.9999999403953552,0.485338419675827,0.6658024787902832,0.7262960076332092,0.9902607098733518,0.09075993605795823,28.949769973754883,0.01045257318764925,0.9902607098733518,0.09075993605795823,28.949769973754883,0.01045257318764925,centered normal equations solve; U: centered normal equations solve (copied from tied E),5.494717836380005
Qwen2.5-1.5B,Qwen2.5-1.5B-Instruct,task1_base_instruct,id_full_vocab,151936,151936,True,1536,1536,151936,151936,True,True,0.9996813415065288,0.016913823343246637,0.013724792748689651,centered normal equations solve,1528.606201171875,0.9951863288879395,39.00978088378906,0.7420396208763123,0.018933525417450473,0.01902188641066361,0.9998307228088379,0.9951863288879395,0.003050512634217739,0.9461852312088013,0.9990339279174805,0.7076281309127808,0.01813976174387699,1.0296789407730103,0.02627279170607642,0.9996813415065288,0.016913823343246637,0.013724792748689651,centered normal equations solve (copied from tied E),1528.606201171875,0.9951863288879395,39.00978088378906,0.7420396208763123,0.018933525417450473,0.01902188641066361,0.9998307228088379,0.9951863288879395,0.003050512634217739,0.9461852312088013,0.9990339279174805,0.7076281309127808,0.01813976174387699,1.0296789407730103,0.02627279170607642,122.5177001953125,11.068771395024495,1536,1,94,489,887,1366,21.160559410460927,8.65729;2.26137;1.35131;1.05914;0.970269;0.878665;0.849603;0.766195;0.758324;0.690724,0.6117376089096069,0.685221254825592,0.7107938528060913,0.7359686493873596,0.7725440859794617,0.8029201030731201,0.8393881320953369,0.901802122592926,0.9609973430633545,0.7276341319084167,0.7910254597663879,0.8246504664421082,122.5177001953125,11.068771395024495,1536,1,94,489,887,1366,21.160559410460927,8.65729;2.26137;1.35131;1.05914;0.970269;0.878665;0.849603;0.766195;0.758324;0.690724,0.6117376089096069,0.685221254825592,0.7107938528060913,0.7359686493873596,0.7725440859794617,0.8029201030731201,0.8393881320953369,0.901802122592926,0.9609973430633545,0.7276341319084167,0.7910254597663879,0.8246504664421082,0.5506206750869751,0.742038189776628,1524,1,4,19,98,699,6.827455671334166,0.614275;0.200602;0.12988;0.106864;0.0957588;0.0839357;0.0774296;0.0718064;0.0660855;0.0569639,0.6852883100509644,0.8264010548591614,0.8732733726501465,0.9042516946792603,0.9341529011726379,0.9505728483200073,0.9649686813354492,0.9836052656173706,0.9959607124328613,0.8949923515319824,0.9448009133338928,0.9595745205879211,0.5506206750869751,0.742038189776628,1524,1,4,19,98,699,6.827455671334166,0.614275;0.200602;0.12988;0.106864;0.0957588;0.0839357;0.0774296;0.0718064;0.0660855;0.0569639,0.6852883100509644,0.8264010548591614,0.8732733726501465,0.9042516946792603,0.9341529011726379,0.9505728483200073,0.9649686813354492,0.9836052656173706,0.9959607124328613,0.8949923515319824,0.9448009133338928,0.9595745205879211,0.9996813415065288,0.016913823343246637,39.00978088378906,0.013724792748689651,0.9996813415065288,0.016913823343246637,39.00978088378906,0.013724792748689651,centered normal equations solve; U: centered normal equations solve (copied from tied E),9.045504808425903
Qwen2.5-3B,Qwen2.5-3B-Instruct,task1_base_instruct,id_full_vocab,151936,151936,True,2048,2048,151936,151936,True,True,0.9997321531880566,0.015751736741179096,0.013054105453193188,centered normal equations solve,2039.267578125,0.9957361221313477,45.06869888305664,0.8078851103782654,0.017851907499003557,0.017925636426171287,0.9998486042022705,0.9957361221313477,0.002493767300620675,0.9554241895675659,0.9988649487495422,0.7763427495956421,0.017225763530695232,1.1170594692230225,0.024683760177382642,0.9997321531880566,0.015751736741179096,0.013054105453193188,centered normal equations solve (copied from tied E),2039.267578125,0.9957361221313477,45.06869888305664,0.8078851103782654,0.017851907499003557,0.017925636426171287,0.9998486042022705,0.9957361221313477,0.002493767300620675,0.9554241895675659,0.9988649487495422,0.7763427495956421,0.017225763530695232,1.1170594692230225,0.024683760177382642,115.95654296875,10.768311983256707,2048,1,224,788,1290,1858,35.849093649705694,7.9706;2.38709;1.32678;1.06703;0.949928;0.877241;0.836859;0.756956;0.741067;0.719692,0.5478814840316772,0.6298040747642517,0.6566244959831238,0.6822884678840637,0.7208805084228516,0.7535277605056763,0.7929458618164062,0.8598604202270508,0.9233596324920654,0.6842201352119446,0.7550369501113892,0.7945201396942139,115.95654296875,10.768311983256707,2048,1,224,788,1290,1858,35.849093649705694,7.9706;2.38709;1.32678;1.06703;0.949928;0.877241;0.836859;0.756956;0.741067;0.719692,0.5478814840316772,0.6298040747642517,0.6566244959831238,0.6822884678840637,0.7208805084228516,0.7535277605056763,0.7929458618164062,0.8598604202270508,0.9233596324920654,0.6842201352119446,0.7550369501113892,0.7945201396942139,0.6526740789413452,0.8078824660440065,2015,1,3,19,120,894,6.2115837548412385,0.686585;0.186214;0.133177;0.118026;0.0927291;0.0863973;0.0759418;0.065278;0.0625877;0.0568462,0.7222570180892944,0.8370777368545532,0.8748325705528259,0.9028494358062744,0.9306650757789612,0.9463031888008118,0.9602125883102417,0.9787082076072693,0.9920057058334351,0.9045776128768921,0.946907103061676,0.9607060551643372,0.6526740789413452,0.8078824660440065,2015,1,3,19,120,894,6.2115837548412385,0.686585;0.186214;0.133177;0.118026;0.0927291;0.0863973;0.0759418;0.065278;0.0625877;0.0568462,0.7222570180892944,0.8370777368545532,0.8748325705528259,0.9028494358062744,0.9306650757789612,0.9463031888008118,0.9602125883102417,0.9787082076072693,0.9920057058334351,0.9045776128768921,0.946907103061676,0.9607060551643372,0.9997321531880566,0.015751736741179096,45.06869888305664,0.013054105453193188,0.9997321531880566,0.015751736741179096,45.06869888305664,0.013054105453193188,centered normal equations solve; U: centered normal equations solve (copied from tied E),11.869836330413818
Qwen2.5-7B,Qwen2.5-7B-Instruct,task1_base_instruct,id_full_vocab,152064,152064,True,3584,3584,152064,152064,False,False,0.9997231554449361,0.016554796708317956,0.00012062504538334906,centered normal equations solve,3579.84375,0.9988403916358948,59.798397064208984,0.40117955207824707,0.006701234082393903,0.00670886799269013,0.9999781847000122,0.9988403916358948,0.00011177335545653477,0.9984994530677795,0.9993084669113159,0.39506983757019043,0.006606696115047719,0.5747666358947754,0.009600802807441494,0.9992492299095472,0.026374596567817096,0.01465835701674223,centered normal equations solve,3554.3984375,0.9917407035827637,59.391300201416016,1.5905259847640991,0.026567871873877182,0.026780454028958563,0.999675989151001,0.9917407035827637,0.006422911770641804,0.8810072541236877,0.9955959916114807,1.4619957208633423,0.024616327911751716,2.387936592102051,0.03988768120083228,28.70816421508789,5.358000020071659,3584,253,741,1245,1761,3134,1166.8501491726727,0.73489;0.522315;0.46289;0.432608;0.393951;0.353397;0.339661;0.331139;0.325018;0.322339,0.018812188878655434,0.04770391434431076,0.06719142943620682,0.10031057149171829,0.17869441211223602,0.28010231256484985,0.43437063694000244,0.7196106910705566,0.8593758940696716,0.14484022557735443,0.40730199217796326,0.6116535067558289,116.93426513671875,10.813614804343585,3584,7,670,1643,2430,3297,122.77322739639676,6.88176;2.49376;1.16985;1.12687;0.945431;0.888668;0.837879;0.802797;0.72212;0.719893,0.4050019383430481,0.4883910119533539,0.5155512094497681,0.5442691445350647,0.5890693664550781,0.6339424252510071,0.6887645125389099,0.7712064981460571,0.8423242568969727,0.5716159343719482,0.6800123453140259,0.7401442527770996,0.16094502806663513,0.4011795459225646,3486,190,523,833,1146,1809,843.1597072651052,0.0549098;0.0396449;0.0355788;0.0339427;0.0309499;0.0282156;0.0276988;0.0271485;0.0269708;0.0266133,0.018733609467744827,0.04947439953684807,0.07268775254487991,0.11246146261692047,0.21030209958553314,0.3360781967639923,0.5158436298370361,0.788849413394928,0.9307572245597839,0.1675805151462555,0.48527228832244873,0.6953111886978149,2.529768228530884,1.5905245136529282,3465,6,56,184,476,1626,62.39819438420436,0.797315;0.502356;0.381838;0.341987;0.294394;0.265758;0.251568;0.224199;0.208565;0.193836,0.25129252672195435,0.4891740083694458,0.5940257906913757,0.6885425448417664,0.7896671891212463,0.8530844449996948,0.9055536389350891,0.9520795345306396,0.9767500758171082,0.756453812122345,0.8985941410064697,0.9375784397125244,0.9997231554449361,0.016554796708317956,59.798397064208984,0.00012062504538334906,0.9992492299095472,0.026374596567817096,59.391300201416016,0.01465835701674223,centered normal equations solve,32.00699162483215
Qwen2.5-14B,Qwen2.5-14B-Instruct,task1_base_instruct,id_full_vocab,152064,152064,True,5120,5120,152064,152064,False,False,0.9998389456857062,0.012664014942282946,0.00015677734336350113,centered normal equations solve,5114.0810546875,0.9988439679145813,71.47342681884766,0.5375531315803528,0.0075125333983222355,0.007521020825583239,0.999972403049469,0.9988439679145813,0.00010721151193138212,0.998487651348114,0.9992678165435791,0.531095027923584,0.007430664116184973,0.7677808403968811,0.010730063443433392,0.9997092801728646,0.016920201292107334,0.007196193095296621,centered normal equations solve,5100.6220703125,0.996215283870697,71.29441833496094,1.2849769592285156,0.017958098939724602,0.018023528198116964,0.9998448491096497,0.996215283870697,0.0021915575489401817,0.9382911920547485,1.0038150548934937,1.2462877035140991,0.017480859408357804,1.7732625007629395,0.024782096835357533,35.52093505859375,5.959944216063918,5120,388,1196,1950,2637,4473,1823.4781958255207,0.654526;0.478083;0.377296;0.369813;0.355928;0.351395;0.336967;0.331483;0.323775;0.32188,0.01206060778349638,0.029919449239969254,0.04555368795990944,0.07190488278865814,0.13570286333560944,0.21690049767494202,0.33515578508377075,0.5774043202400208,0.7600969076156616,0.13945581018924713,0.3897538483142853,0.5848838686943054,148.80447387695312,12.1985439244589,5120,6,666,2086,3297,4662,123.46238878069956,7.72536;2.62313;1.69758;1.57912;1.25405;1.17975;1.08978;1.00324;0.982339;0.906601,0.4010709524154663,0.4940039813518524,0.5301106572151184,0.5670446753501892,0.6241662502288818,0.6706590056419373,0.7162185907363892,0.7789490818977356,0.8321877717971802,0.6267913579940796,0.7327146530151367,0.7806556224822998,0.28896331787109375,0.5375530837704252,4968,272,753,1163,1567,2423,1201.6749714223079,0.0589379;0.0434803;0.0368567;0.0362853;0.0349255;0.0343672;0.0332901;0.0324419;0.0323548;0.0317716,0.012021146714687347,0.032042279839515686,0.05072314664721489,0.082769975066185,0.16179852187633514,0.2640495300292969,0.4161107838153839,0.6842575669288635,0.86863774061203,0.16643397510051727,0.4830276072025299,0.6913923621177673,1.651138186454773,1.2849662199664134,4503,1,17,71,328,1991,18.911513887325132,0.930985;0.316821;0.26229;0.241572;0.184781;0.174034;0.166602;0.147519;0.131;0.126483,0.5249305963516235,0.68341064453125,0.7518270015716553,0.8154582977294922,0.8807937502861023,0.9150251746177673,0.9370519518852234,0.960004985332489,0.9755608439445496,0.8831596970558167,0.9437215328216553,0.9605495929718018,0.9998389456857062,0.012664014942282946,71.47342681884766,0.00015677734336350113,0.9997092801728646,0.016920201292107334,71.29441833496094,0.007196193095296621,centered normal equations solve,48.7304003238678
Qwen2.5-32B,Qwen2.5-32B-Instruct,task1_base_instruct,id_full_vocab,152064,152064,True,5120,5120,152064,152064,False,False,0.9998761118536126,0.011113850700345053,0.00011277986777713522,centered normal equations solve,5114.15771484375,0.9988589286804199,71.4743423461914,0.516827404499054,0.007222882556841658,0.007230950121873961,0.9999746084213257,0.9988589286804199,0.00010561447561485693,0.9984596371650696,0.9995130896568298,0.5102811455726624,0.0071393611864391405,0.7386453747749329,0.010322882932890989,0.9997200626119744,0.016537960022484397,0.006379204336553812,centered normal equations solve,5099.3037109375,0.9959577918052673,71.27522277832031,1.244971513748169,0.01739900584244825,0.01746710098150476,0.999855637550354,0.9959577918052673,0.002628226997330785,0.9318784475326538,1.001242756843567,1.1962144374847412,0.016783033301841773,1.7442518472671509,0.024376660627305813,30.976741790771484,5.565675322076512,5120,333,1106,1783,2450,4439,1648.701774682012,0.59655;0.465435;0.39448;0.366851;0.361014;0.354742;0.34826;0.339196;0.332066;0.331575,0.011488370597362518,0.03205719590187073,0.05085809528827667,0.08173919469118118,0.15629641711711884,0.24830159544944763,0.37671399116516113,0.6125427484512329,0.7773737907409668,0.16062423586845398,0.4331914782524109,0.6190711855888367,155.8804931640625,12.485210977955578,5120,4,626,1984,3212,4635,102.66479357352766,8.322;2.4375;1.60855;1.46374;1.17523;1.00584;0.94158;0.910003;0.854996;0.776394,0.4442870616912842,0.5216061472892761,0.5476530194282532,0.5766945481300354,0.6246260404586792,0.6680214405059814,0.715944230556488,0.7828245162963867,0.8378745317459106,0.6269250512123108,0.7336366176605225,0.7846173644065857,0.26711052656173706,0.5168273663049753,4950,252,738,1153,1562,2420,1151.626037295315,0.0565152;0.0449298;0.0396337;0.0365178;0.0356646;0.0349494;0.0339468;0.0335331;0.0330382;0.0328742,0.01195747684687376,0.03515026345849037,0.05637945607304573,0.09238935261964798,0.17878200113773346,0.2865942418575287,0.4398755431175232,0.6963697671890259,0.8711184859275818,0.18379604816436768,0.5051650404930115,0.7030194997787476,1.549930214881897,1.2449619331055455,4591,1,23,106,421,2098,22.411758676074985,0.893766;0.280498;0.232111;0.222858;0.185515;0.173759;0.148201;0.146723;0.13416;0.123945,0.5153893232345581,0.6551609039306641,0.7242251634597778,0.7890614867210388,0.8586679100990295,0.8975212574005127,0.9262233972549438,0.9548280239105225,0.9728968739509583,0.8612331748008728,0.9347857236862183,0.9554793238639832,0.9998761118536126,0.011113850700345053,71.4743423461914,0.00011277986777713522,0.9997200626119744,0.016537960022484397,71.27522277832031,0.006379204336553812,centered normal equations solve,48.67494463920593
Qwen2.5-72B-Base,Qwen2.5-72B-Instruct,task1_base_instruct,id_full_vocab,152064,152064,True,8192,8192,152064,152064,False,False,0.9996872170493445,0.017648779349466227,0.00010681439016479999,centered normal equations solve,8182.35888671875,0.9988231062889099,90.40654754638672,0.7922253608703613,0.008752936326553003,0.00876292019075143,0.9999623894691467,0.9988231062889099,9.551566472509876e-05,0.9984400868415833,0.9991647005081177,0.7849841117858887,0.008682823679149134,1.1285878419876099,0.012469251816158291,0.9993069603843717,0.02565947356050405,0.03616005554795265,centered normal equations solve,8143.056640625,0.994025468826294,90.00373077392578,2.5609629154205322,0.02829491006033014,0.02845396400126168,0.9996132254600525,0.994025468826294,0.00574365071952343,0.803320050239563,0.9962025284767151,2.4486465454101562,0.02720605606406188,3.898726224899292,0.04307524611900184,36.184120178222656,6.0153237799990995,8192,903,3429,5165,6405,7752,4286.868395321972,0.413266;0.355824;0.307193;0.288327;0.277945;0.269139;0.263056;0.259704;0.258731;0.25596,0.004719991236925125,0.015259544365108013,0.02469843067228794,0.041357532143592834,0.08144782483577728,0.1341399997472763,0.21599383652210236,0.3815264403820038,0.5208863019943237,0.11651714146137238,0.34103211760520935,0.48078417778015137,180.5374755859375,13.436423467051695,8192,4,1211,3324,5193,7413,140.18896418665918,8.94107;2.84341;1.28822;1.20669;1.14114;0.945816;0.895205;0.851756;0.808324;0.783733,0.44280388951301575,0.5120570063591003,0.5324909090995789,0.5534072518348694,0.5852344632148743,0.61735999584198,0.6588684916496277,0.7251864075660706,0.7829775214195251,0.6071805953979492,0.7098114490509033,0.7657896280288696,0.6276208162307739,0.7922252307461395,8112,693,1999,2966,3834,5404,3017.3279157828906,0.0537794;0.0419686;0.0391794;0.0380961;0.0365553;0.0360536;0.0351483;0.0346663;0.0339988;0.0337054,0.004608229734003544,0.0143019650131464,0.023908069357275963,0.040605925023555756,0.0822063535451889,0.1390317976474762,0.23009400069713593,0.417118102312088,0.6011825203895569,0.11977442353963852,0.37028324604034424,0.5456883311271667,6.558447360992432,2.560946575192937,7060,4,41,205,734,3155,53.995111188044476,1.34292;0.827635;0.665968;0.608306;0.483738;0.444501;0.408077;0.357543;0.349256;0.314186,0.27497804164886475,0.5391461849212646,0.6478058099746704,0.7359659671783447,0.816379189491272,0.8603929281234741,0.8988068103790283,0.93700110912323,0.959679365158081,0.8484275341033936,0.9297500252723694,0.9535475373268127,0.9996872170493445,0.017648779349466227,90.40654754638672,0.00010681439016479999,0.9993069603843717,0.02565947356050405,90.00373077392578,0.03616005554795265,centered normal equations solve,92.91074919700623
Llama-3.2-1B,Llama-3.2-1B-Instruct,task1_base_instruct,id_full_vocab,128256,128256,True,2048,2048,128256,128256,True,True,0.9753091845405636,0.14612316884089588,0.12215318530797958,centered normal equations solve,1895.5244140625,0.9255490303039551,42.05299377441406,5.040372848510742,0.11137755690282813,0.11985764617731955,0.9960187077522278,0.9255490303039551,0.012397931888699532,0.7068708539009094,0.9699594378471375,3.7065632343292236,0.08814029398744913,8.012479782104492,0.17705246212644365,0.9753091845405636,0.14612316884089588,0.12215318530797958,centered normal equations solve (copied from tied E),1895.5244140625,0.9255490303039551,42.05299377441406,5.040372848510742,0.11137755690282813,0.11985764617731955,0.9960187077522278,0.9255490303039551,0.012397931888699532,0.7068708539009094,0.9699594378471375,3.7065632343292236,0.08814029398744913,8.012479782104492,0.17705246212644365,4775.087890625,69.10201075674281,2048,110,886,1372,1674,1960,420.2988617973984,30.8544;10.6344;8.49643;7.59359;6.82396;6.75363;6.33057;6.21437;5.86727;5.56662,0.19936737418174744,0.25999656319618225,0.2997273802757263,0.34940820932388306,0.42666876316070557,0.49094751477241516,0.5665502548217773,0.6937993168830872,0.8262317180633545,0.3531429171562195,0.49393826723098755,0.5694897174835205,4775.087890625,69.10201075674281,2048,110,886,1372,1674,1960,420.2988617973984,30.8544;10.6344;8.49643;7.59359;6.82396;6.75363;6.33057;6.21437;5.86727;5.56662,0.19936737418174744,0.25999656319618225,0.2997273802757263,0.34940820932388306,0.42666876316070557,0.49094751477241516,0.5665502548217773,0.6937993168830872,0.8262317180633545,0.3531429171562195,0.49393826723098755,0.5694897174835205,25.405353546142578,5.04037236185409,2048,47,447,917,1309,1814,384.99482944122354,1.37555;0.967854;0.823921;0.775798;0.713127;0.694279;0.639443;0.616659;0.601109;0.587449,0.07447785139083862,0.18177811801433563,0.2596202790737152,0.36562299728393555,0.5093375444412231,0.6035490036010742,0.694298267364502,0.8153972029685974,0.9123831987380981,0.3736605942249298,0.607408344745636,0.6975192427635193,25.405353546142578,5.04037236185409,2048,47,447,917,1309,1814,384.99482944122354,1.37555;0.967854;0.823921;0.775798;0.713127;0.694279;0.639443;0.616659;0.601109;0.587449,0.07447785139083862,0.18177811801433563,0.2596202790737152,0.36562299728393555,0.5093375444412231,0.6035490036010742,0.694298267364502,0.8153972029685974,0.9123831987380981,0.3736605942249298,0.607408344745636,0.6975192427635193,0.9753091845405636,0.14612316884089588,42.05299377441406,0.12215318530797958,0.9753091845405636,0.14612316884089588,42.05299377441406,0.12215318530797958,centered normal equations solve; U: centered normal equations solve (copied from tied E),10.317981243133545
Llama-3.2-3B,Llama-3.2-3B-Instruct,task1_base_instruct,id_full_vocab,128256,128256,True,3072,3072,128256,128256,True,True,0.9795068249326268,0.13234853071842556,0.08995922654867172,centered normal equations solve,2867.46142578125,0.9334184527397156,51.895809173583984,5.500175952911377,0.09923525209386531,0.10598497336295659,0.996907114982605,0.9334184527397156,0.013764958828687668,0.7003027200698853,0.9667113423347473,4.006417274475098,0.07720117169912913,8.866701126098633,0.15997475881178136,0.9795068249326268,0.13234853071842556,0.08995922654867172,centered normal equations solve (copied from tied E),2867.46142578125,0.9334184527397156,51.895809173583984,5.500175952911377,0.09923525209386531,0.10598497336295659,0.996907114982605,0.9334184527397156,0.013764958828687668,0.7003027200698853,0.9667113423347473,4.006417274475098,0.07720117169912913,8.866701126098633,0.15997475881178136,5131.6328125,71.63541590931122,3072,194,1337,2054,2506,2940,694.0499195394286,29.0569;10.4098;8.13809;7.90983;6.79327;6.50515;6.2424;5.8253;5.75363;5.59325,0.1645294725894928,0.21973727643489838,0.2547372877597809,0.2972817122936249,0.3692614734172821,0.4308719038963318,0.5035065412521362,0.6221295595169067,0.7405044436454773,0.3301290273666382,0.4747985601425171,0.55531907081604,5131.6328125,71.63541590931122,3072,194,1337,2054,2506,2940,694.0499195394286,29.0569;10.4098;8.13809;7.90983;6.79327;6.50515;6.2424;5.8253;5.75363;5.59325,0.1645294725894928,0.21973727643489838,0.2547372877597809,0.2972817122936249,0.3692614734172821,0.4308719038963318,0.5035065412521362,0.6221295595169067,0.7405044436454773,0.3301290273666382,0.4747985601425171,0.55531907081604,30.251930236816406,5.500175473275049,3072,83,735,1400,1945,2681,620.6510245157746,1.32944;0.931316;0.813004;0.703884;0.695618;0.649493;0.642956;0.634189;0.606054;0.591735,0.058423399925231934,0.1413160115480423,0.20593607425689697,0.29637274146080017,0.43316593766212463,0.5252589583396912,0.6168546080589294,0.7434817552566528,0.8472427129745483,0.36246466636657715,0.5818513035774231,0.6756085157394409,30.251930236816406,5.500175473275049,3072,83,735,1400,1945,2681,620.6510245157746,1.32944;0.931316;0.813004;0.703884;0.695618;0.649493;0.642956;0.634189;0.606054;0.591735,0.058423399925231934,0.1413160115480423,0.20593607425689697,0.29637274146080017,0.43316593766212463,0.5252589583396912,0.6168546080589294,0.7434817552566528,0.8472427129745483,0.36246466636657715,0.5818513035774231,0.6756085157394409,0.9795068249326268,0.13234853071842556,51.895809173583984,0.08995922654867172,0.9795068249326268,0.13234853071842556,51.895809173583984,0.08995922654867172,centered normal equations solve; U: centered normal equations solve (copied from tied E),17.93748116493225
Llama-3.1-8B,Llama-3.1-8B-Instruct,task1_base_instruct,id_full_vocab,128256,128256,True,4096,4096,128256,128256,False,False,0.9984405304987342,0.039173675876945015,0.0006722250254824758,centered normal equations solve,4075.36376953125,0.9949618577957153,63.67959976196289,0.6039170026779175,0.00943620316684246,0.009483680879518487,0.9999679327011108,0.9949618577957153,0.00014441096573136747,0.9942912459373474,0.9954826235771179,0.5105484127998352,0.008017456370773174,0.9637589454650879,0.015058733522891998,0.9975749153712573,0.04772286448474035,0.025985322892665863,centered normal equations solve,4024.56494140625,0.9825598001480103,62.92981719970703,2.651848793029785,0.04143513739109039,0.042139782237316445,0.9992691874504089,0.9825598001480103,0.0056066373363137245,0.8867750763893127,0.9900587201118469,2.3785932064056396,0.03779755467677909,4.119980812072754,0.06437470018863678,94.68603515625,9.730674958924997,4096,1311,2687,3292,3647,3981,3558.89394424934,0.845736;0.595821;0.45759;0.426315;0.401012;0.394149;0.383487;0.367757;0.365169;0.349863,0.0075541092082858086,0.017132574692368507,0.02445586770772934,0.03542327135801315,0.06103895232081413,0.09221865981817245,0.1410721391439438,0.25701382756233215,0.41482576727867126,0.05416718125343323,0.14328151941299438,0.22478388249874115,454.5787048339844,21.320851409687755,4096,80,940,1956,2791,3759,543.5851163857851,8.2155;3.41974;3.18621;2.93315;2.45483;2.42563;2.30216;2.2488;2.13689;2.0523,0.14847706258296967,0.22871854901313782,0.28375619649887085,0.35122808814048767,0.4512404501438141,0.5251014828681946,0.6056278347969055,0.7185910940170288,0.8083286285400391,0.430027574300766,0.6086226105690002,0.693626344203949,0.36471569538116455,0.6039169606669154,4084,694,1548,2069,2489,3162,2379.1894750887855,0.0490108;0.0338977;0.0278257;0.0255812;0.0248012;0.0243416;0.0236449;0.0227177;0.022356;0.0222283,0.006586113944649696,0.015340398997068405,0.02263808250427246,0.034970711916685104,0.06688567250967026,0.11388446390628815,0.19688385725021362,0.39699214696884155,0.6322504878044128,0.05776185914874077,0.2007552832365036,0.34293994307518005,7.032299041748047,2.6518482312809772,4085,24,174,505,1075,2485,217.73471459466268,0.819981;0.585222;0.521788;0.435511;0.424214;0.417082;0.402409;0.390277;0.371956;0.35385,0.09561149030923843,0.2355905920267105,0.3424926996231079,0.46900004148483276,0.632109522819519,0.7317245006561279,0.8158772587776184,0.8993712067604065,0.9457959532737732,0.5999578237533569,0.8185968995094299,0.8838544487953186,0.9984405304987342,0.039173675876945015,63.67959976196289,0.0006722250254824758,0.9975749153712573,0.04772286448474035,62.92981719970703,0.025985322892665863,centered normal equations solve,32.71727633476257
Llama-3.1-70B-Base,Llama-3.1-70B-Instruct,task1_base_instruct,id_full_vocab,128256,128256,True,8192,8192,128256,128256,False,False,0.998559589191473,0.037787376095809455,0.0006493281107395887,centered normal equations solve,8151.19482421875,0.9950188994407654,90.06590270996094,1.2158116102218628,0.013432947409893979,0.01349913311963506,0.9999215006828308,0.9950188994407654,0.000142627366585657,0.993882954120636,0.9958949089050293,1.12906014919281,0.012535933302403246,1.8213074207305908,0.020122794184749705,0.9974053150616384,0.050534906579346804,0.03239128366112709,centered normal equations solve,8043.990234375,0.9819324016571045,89.01781463623047,5.309536457061768,0.05866264427727456,0.05964577403701813,0.9983886480331421,0.9819324016571045,0.00959040503948927,0.7981605529785156,0.9904569983482361,4.976297855377197,0.05590226940206002,7.489339351654053,0.08274629128377878,135.23831176757812,11.62920082239438,8192,1985,4715,6118,7011,7904,6317.974504146711,0.740249;0.594785;0.48782;0.468148;0.454591;0.434343;0.43353;0.416352;0.410617;0.406762,0.004051877185702324,0.011576037853956223,0.01811274141073227,0.028424914926290512,0.051583223044872284,0.07977873831987381,0.12268891930580139,0.21611033380031586,0.33100035786628723,0.07048311084508896,0.1912163645029068,0.29308244585990906,614.6422119140625,24.79197878173629,8192,102,1265,3052,4848,7249,748.3036305589842,9.01016;4.41068;4.02235;3.31168;2.98996;2.79772;2.52138;2.35467;2.31622;2.25216,0.13208183646202087,0.22244411706924438,0.2715233266353607,0.33550581336021423,0.4283064901828766,0.4987330138683319,0.5774677395820618,0.6881357431411743,0.772319495677948,0.47791895270347595,0.6638179421424866,0.7485056519508362,1.4781973361968994,1.2158113900588772,8155,1128,2700,3720,4577,6019,4146.899692442001,0.073694;0.0605559;0.0498506;0.048315;0.0474565;0.0458691;0.0451235;0.0436769;0.0433142;0.0427875,0.00367393484339118,0.01093856617808342,0.01753760129213333,0.028461536392569542,0.05452749878168106,0.0897490605711937,0.14871901273727417,0.28902748227119446,0.4632660746574402,0.07778020203113556,0.25083088874816895,0.40670591592788696,28.191150665283203,5.309533940496397,7904,22,152,470,1167,3733,213.40740720806568,1.43043;1.18278;1.05588;0.982334;0.932063;0.869829;0.838724;0.802036;0.788159;0.740257,0.07258076965808868,0.22679848968982697,0.3428809344768524,0.48586660623550415,0.6572263240814209,0.751830518245697,0.8292725682258606,0.9041692018508911,0.9429228901863098,0.7266402840614319,0.890550434589386,0.9330618381500244,0.998559589191473,0.037787376095809455,90.06590270996094,0.0006493281107395887,0.9974053150616384,0.050534906579346804,89.01781463623047,0.03239128366112709,centered normal equations solve,79.23352479934692
Gemma-2-2B,Gemma-2-2B-Instruct,task1_base_instruct,id_full_vocab,256000,256000,True,2304,2304,256000,256000,True,True,0.9993343784311904,0.02351299300771831,0.17097730934619904,centered normal equations solve,2283.2880859375,0.9910104870796204,47.63801574707031,2.608464241027832,0.05434300502141317,0.05475593809106648,0.9985407590866089,0.9910104870796204,0.008229939267039299,0.843939483165741,0.9969297647476196,2.542015314102173,0.053361066245890064,4.63040828704834,0.09646683931350708,0.9993343784311904,0.02351299300771831,0.17097730934619904,centered normal equations solve (copied from tied E),2283.2880859375,0.9910104870796204,47.63801574707031,2.608464241027832,0.05434300502141317,0.05475593809106648,0.9985407590866089,0.9910104870796204,0.008229939267039299,0.843939483165741,0.9969297647476196,2.542015314102173,0.053361066245890064,4.63040828704834,0.09646683931350708,876.9835205078125,29.613907552158874,2304,8,415,1049,1561,2122,113.28114114393014,17.7267;5.95862;5.51387;4.5827;3.92913;3.10707;2.99206;2.69531;2.52995;2.43207,0.3583132028579712,0.47501683235168457,0.518559992313385,0.563488781452179,0.6249926686286926,0.6769696474075317,0.7340395450592041,0.8184407353401184,0.8943530321121216,0.5755380988121033,0.6888808608055115,0.7464622855186462,876.9835205078125,29.613907552158874,2304,8,415,1049,1561,2122,113.28114114393014,17.7267;5.95862;5.51387;4.5827;3.92913;3.10707;2.99206;2.69531;2.52995;2.43207,0.3583132028579712,0.47501683235168457,0.518559992313385,0.563488781452179,0.6249926686286926,0.6769696474075317,0.7340395450592041,0.8184407353401184,0.8943530321121216,0.5755380988121033,0.6888808608055115,0.7464622855186462,6.804012298583984,2.6084501717655995,2172,1,6,12,29,381,8.324171514891956,1.95489;0.85335;0.618204;0.55475;0.450516;0.446413;0.371278;0.329625;0.289923;0.258551,0.5616686940193176,0.7999244928359985,0.8876211643218994,0.9348375201225281,0.9643238186836243,0.975763738155365,0.9841130375862122,0.9921613931655884,0.9968599081039429,0.9434406161308289,0.9777856469154358,0.9855473041534424,6.804012298583984,2.6084501717655995,2172,1,6,12,29,381,8.324171514891956,1.95489;0.85335;0.618204;0.55475;0.450516;0.446413;0.371278;0.329625;0.289923;0.258551,0.5616686940193176,0.7999244928359985,0.8876211643218994,0.9348375201225281,0.9643238186836243,0.975763738155365,0.9841130375862122,0.9921613931655884,0.9968599081039429,0.9434406161308289,0.9777856469154358,0.9855473041534424,0.9993343784311904,0.02351299300771831,47.63801574707031,0.17097730934619904,0.9993343784311904,0.02351299300771831,47.63801574707031,0.17097730934619904,centered normal equations solve; U: centered normal equations solve (copied from tied E),23.209879636764526
Gemma-2-9B,Gemma-2-9B-Instruct,task1_base_instruct,id_full_vocab,256000,256000,True,3584,3584,256000,256000,True,True,0.9911235620291692,0.08279755004293941,0.15471696853637695,centered normal equations solve,3582.577880859375,0.999603271484375,59.92075729370117,3.0563738346099854,0.05105314167415646,0.05100692936221067,0.998698353767395,0.999603271484375,0.005873705260455608,0.8642447590827942,1.032590627670288,3.035985231399536,0.0506666699240578,4.1671929359436035,0.0696080724593106,0.9911235620291692,0.08279755004293941,0.15471696853637695,centered normal equations solve (copied from tied E),3582.577880859375,0.999603271484375,59.92075729370117,3.0563738346099854,0.05105314167415646,0.05100692936221067,0.998698353767395,0.999603271484375,0.005873705260455608,0.8642447590827942,1.032590627670288,3.035985231399536,0.0506666699240578,4.1671929359436035,0.0696080724593106,8909.048828125,94.38775782973659,3584,308,1972,2711,3123,3484,544.4780207812272,43.7453;22.3173;17.4753;10.3486;9.86774;7.4898;7.46666;6.72821;6.41183;5.79921,0.21479852497577667,0.3279324173927307,0.35395756363868713,0.37910184264183044,0.41118931770324707,0.4371287226676941,0.4706777036190033,0.5453528761863708,0.6439478397369385,0.3996717035770416,0.46468037366867065,0.512786328792572,8909.048828125,94.38775782973659,3584,308,1972,2711,3123,3484,544.4780207812272,43.7453;22.3173;17.4753;10.3486;9.86774;7.4898;7.46666;6.72821;6.41183;5.79921,0.21479852497577667,0.3279324173927307,0.35395756363868713,0.37910184264183044,0.41118931770324707,0.4371287226676941,0.4706777036190033,0.5453528761863708,0.6439478397369385,0.3996717035770416,0.46468037366867065,0.512786328792572,9.341413497924805,3.05637260456326,3407,7,93,442,941,1956,90.43152147543216,1.38727;1.0411;0.705724;0.666888;0.534609;0.490353;0.4441;0.423237;0.392694;0.37021,0.2060205191373825,0.4535723030567169,0.5507808327674866,0.6468250155448914,0.7500563859939575,0.8054373264312744,0.8499926924705505,0.9081287980079651,0.9539310336112976,0.7178940176963806,0.843457043170929,0.8865466713905334,9.341413497924805,3.05637260456326,3407,7,93,442,941,1956,90.43152147543216,1.38727;1.0411;0.705724;0.666888;0.534609;0.490353;0.4441;0.423237;0.392694;0.37021,0.2060205191373825,0.4535723030567169,0.5507808327674866,0.6468250155448914,0.7500563859939575,0.8054373264312744,0.8499926924705505,0.9081287980079651,0.9539310336112976,0.7178940176963806,0.843457043170929,0.8865466713905334,0.9911235620291692,0.08279755004293941,59.92075729370117,0.15471696853637695,0.9911235620291692,0.08279755004293941,59.92075729370117,0.15471696853637695,centered normal equations solve; U: centered normal equations solve (copied from tied E),35.65081477165222
Gemma-2-27B,Gemma-2-27B-Instruct,task1_base_instruct,id_full_vocab,256000,256000,True,4608,4608,256000,256000,True,True,0.9976057471139504,0.04838561723960777,0.07472360879182816,centered normal equations solve,4556.724609375,0.9888725280761719,67.45915985107422,6.729715824127197,0.09913807697289077,0.09975985231633497,0.9950746297836304,0.9888725280761719,0.01389362569898367,0.6180128455162048,0.9982106685638428,6.6203484535217285,0.0981386140612646,25.77849578857422,0.37975310793520184,0.9976057471139504,0.04838561723960777,0.07472360879182816,centered normal equations solve (copied from tied E),4556.724609375,0.9888725280761719,67.45915985107422,6.729715824127197,0.09913807697289077,0.09975985231633497,0.9950746297836304,0.9888725280761719,0.01389362569898367,0.6180128455162048,0.9982106685638428,6.6203484535217285,0.0981386140612646,25.77849578857422,0.37975310793520184,1081.9366455078125,32.89280537606685,4608,68,1818,2962,3676,4379,404.6575959398745,16.6201;6.51923;5.73085;4.46375;3.832;3.51368;3.29643;3.18551;2.85284;2.50126,0.25530731678009033,0.35693275928497314,0.401071161031723,0.4374944567680359,0.4852219521999359,0.5198423266410828,0.5603887438774109,0.6310372352600098,0.7071262001991272,0.48214173316955566,0.5699486136436462,0.6236621737480164,1081.9366455078125,32.89280537606685,4608,68,1818,2962,3676,4379,404.6575959398745,16.6201;6.51923;5.73085;4.46375;3.832;3.51368;3.29643;3.18551;2.85284;2.50126,0.25530731678009033,0.35693275928497314,0.401071161031723,0.4374944567680359,0.4852219521999359,0.5198423266410828,0.5603887438774109,0.6310372352600098,0.7071262001991272,0.48214173316955566,0.5699486136436462,0.6236621737480164,45.2861328125,6.729497218403467,3248,1,9,20,43,450,10.347564961495625,5.03697;1.79787;1.54384;1.19719;1.10937;1.00614;0.895178;0.864357;0.800258;0.73166,0.5602402687072754,0.7430724501609802,0.8255814909934998,0.9021914005279541,0.9557926654815674,0.9727729558944702,0.9827538132667542,0.9907231330871582,0.9948630928993225,0.9536910653114319,0.9843341708183289,0.990170955657959,45.2861328125,6.729497218403467,3248,1,9,20,43,450,10.347564961495625,5.03697;1.79787;1.54384;1.19719;1.10937;1.00614;0.895178;0.864357;0.800258;0.73166,0.5602402687072754,0.7430724501609802,0.8255814909934998,0.9021914005279541,0.9557926654815674,0.9727729558944702,0.9827538132667542,0.9907231330871582,0.9948630928993225,0.9536910653114319,0.9843341708183289,0.990170955657959,0.9976057471139504,0.04838561723960777,67.45915985107422,0.07472360879182816,0.9976057471139504,0.04838561723960777,67.45915985107422,0.07472360879182816,centered normal equations solve; U: centered normal equations solve (copied from tied E),47.343459606170654
Gemma-3-1B,Gemma-3-1B-Instruct,task1_base_instruct,id_full_vocab,262144,262144,True,1152,1152,262144,262144,True,True,0.3750754435930015,0.7536434284442648,0.1617727428674698,centered normal equations solve,244.7024383544922,0.21241530776023865,17.132165908813477,30.92096710205078,0.9110177299460941,1.8048486844353866,0.4208233058452606,0.21241530776023865,0.06731263548135757,0.014418085105717182,0.6166938543319702,15.37247085571289,0.8972870644338479,26.223316192626953,0.7726118627085632,0.3750754435930015,0.7536434284442648,0.1617727428674698,centered normal equations solve (copied from tied E),244.7024383544922,0.21241530776023865,17.132165908813477,30.92096710205078,0.9110177299460941,1.8048486844353866,0.4208233058452606,0.21241530776023865,0.06731263548135757,0.014418085105717182,0.6166938543319702,15.37247085571289,0.8972870644338479,26.223316192626953,0.7726118627085632,377196.40625,614.1631755893543,1152,307,696,882,997,1112,816.456161997459,144.21;77.7991;50.865;45.78;38.6898;35.9985;35.0098;33.8416;33.1185;32.3266,0.05513453856110573,0.08756500482559204,0.10296459496021271,0.12594608962535858,0.1811186671257019,0.25757041573524475,0.3860083818435669,0.6679586172103882,0.9515255093574524,0.10798503458499908,0.1941809058189392,0.27991148829460144,377196.40625,614.1631755893543,1152,307,696,882,997,1112,816.456161997459,144.21;77.7991;50.865;45.78;38.6898;35.9985;35.0098;33.8416;33.1185;32.3266,0.05513453856110573,0.08756500482559204,0.10296459496021271,0.12594608962535858,0.1811186671257019,0.25757041573524475,0.3860083818435669,0.6679586172103882,0.9515255093574524,0.10798503458499908,0.1941809058189392,0.27991148829460144,956.106201171875,30.920967015471476,1152,288,615,800,931,1086,918.883382144827,1.77432;1.71169;1.60391;1.5821;1.57204;1.55217;1.53907;1.53423;1.52431;1.52128,0.003292739624157548,0.014250491745769978,0.026560472324490547,0.05004068836569786,0.11565318703651428,0.21407760679721832,0.38028484582901,0.7161811590194702,0.9703861474990845,0.031357139348983765,0.13220734894275665,0.2432003766298294,956.106201171875,30.920967015471476,1152,288,615,800,931,1086,918.883382144827,1.77432;1.71169;1.60391;1.5821;1.57204;1.55217;1.53907;1.53423;1.52431;1.52128,0.003292739624157548,0.014250491745769978,0.026560472324490547,0.05004068836569786,0.11565318703651428,0.21407760679721832,0.38028484582901,0.7161811590194702,0.9703861474990845,0.031357139348983765,0.13220734894275665,0.2432003766298294,0.3750754435930015,0.7536434284442648,17.132165908813477,0.1617727428674698,0.3750754435930015,0.7536434284442648,17.132165908813477,0.1617727428674698,centered normal equations solve; U: centered normal equations solve (copied from tied E),11.44258975982666
Gemma-3-4B,Gemma-3-4B-Instruct,task1_base_instruct,id_full_vocab,262208,262208,True,2560,2560,262208,262208,True,True,0.9578971652648591,0.20166181281103407,0.05229218304157257,centered normal equations solve,2567.01025390625,1.002738356590271,50.80533981323242,2.676137924194336,0.05289181983255705,0.0526743435637316,0.9986153841018677,1.002738356590271,0.0133357597514987,0.7861507534980774,1.0326881408691406,2.585969924926758,0.05089956950259849,3.9750843048095703,0.07856450183990785,0.9578971652648591,0.20166181281103407,0.05229218304157257,centered normal equations solve (copied from tied E),2567.01025390625,1.002738356590271,50.80533981323242,2.676137924194336,0.05289181983255705,0.0526743435637316,0.9986153841018677,1.002738356590271,0.0133357597514987,0.7861507534980774,1.0326881408691406,2.585969924926758,0.05089956950259849,3.9750843048095703,0.07856450183990785,12395.404296875,111.33465002807976,2560,810,1751,2124,2329,2508,1700.9341781265343,26.8461;12.8643;11.2592;9.19888;8.23046;7.42277;7.25944;6.91127;6.50125;6.10998,0.058143503963947296,0.09401325136423111,0.11298485845327377,0.13330493867397308,0.16442225873470306,0.1971617043018341,0.24981550872325897,0.38196954131126404,0.5671052932739258,0.1415492445230484,0.21285511553287506,0.2765543460845947,12395.404296875,111.33465002807976,2560,810,1751,2124,2329,2508,1700.9341781265343,26.8461;12.8643;11.2592;9.19888;8.23046;7.42277;7.25944;6.91127;6.50125;6.10998,0.058143503963947296,0.09401325136423111,0.11298485845327377,0.13330493867397308,0.16442225873470306,0.1971617043018341,0.24981550872325897,0.38196954131126404,0.5671052932739258,0.1415492445230484,0.21285511553287506,0.2765543460845947,7.161713123321533,2.676137725028653,2515,24,324,728,1085,1685,242.72683704649623,0.806762;0.700227;0.514969;0.484038;0.442239;0.40975;0.40019;0.393673;0.360797;0.346536,0.09088107943534851,0.2563972771167755,0.3587871491909027,0.47584378719329834,0.6052162647247314,0.680986225605011,0.7494725584983826,0.8517012596130371,0.9404638409614563,0.5154350399971008,0.7054887413978577,0.7747218608856201,7.161713123321533,2.676137725028653,2515,24,324,728,1085,1685,242.72683704649623,0.806762;0.700227;0.514969;0.484038;0.442239;0.40975;0.40019;0.393673;0.360797;0.346536,0.09088107943534851,0.2563972771167755,0.3587871491909027,0.47584378719329834,0.6052162647247314,0.680986225605011,0.7494725584983826,0.8517012596130371,0.9404638409614563,0.5154350399971008,0.7054887413978577,0.7747218608856201,0.9578971652648591,0.20166181281103407,50.80533981323242,0.05229218304157257,0.9578971652648591,0.20166181281103407,50.80533981323242,0.05229218304157257,centered normal equations solve; U: centered normal equations solve (copied from tied E),24.684152841567993
Gemma-3-12B,Gemma-3-12B-Instruct,task1_base_instruct,id_full_vocab,262208,262208,True,3840,3840,262208,262208,True,True,0.9672602427168877,0.1793520748866899,0.029889214783906937,centered normal equations solve,3722.45947265625,0.9693905115127563,60.12187957763672,3.1180689334869385,0.05031762104884014,0.05186246596732737,0.9991525411605835,0.9693905115127563,0.007552179507911205,0.8248618841171265,0.983988344669342,2.430116891860962,0.04041984230920289,5.0526123046875,0.08153618046207234,0.9672602427168877,0.1793520748866899,0.029889214783906937,centered normal equations solve (copied from tied E),3722.45947265625,0.9693905115127563,60.12187957763672,3.1180689334869385,0.05031762104884014,0.05186246596732737,0.9991525411605835,0.9693905115127563,0.007552179507911205,0.8248618841171265,0.983988344669342,2.430116891860962,0.04041984230920289,5.0526123046875,0.08153618046207234,8835.49609375,93.99731960939098,3840,1192,2586,3156,3473,3756,2685.651227064626,17.2898;13.9453;8.08344;7.7515;6.60572;5.8387;5.2355;4.81009;4.70753;4.47928,0.03383374586701393,0.07497847825288773,0.08933679014444351,0.10585078597068787,0.1329149752855301,0.16167502105236053,0.20599117875099182,0.30997446179389954,0.4512465000152588,0.12473168224096298,0.20275670289993286,0.2727043330669403,8835.49609375,93.99731960939098,3840,1192,2586,3156,3473,3756,2685.651227064626,17.2898;13.9453;8.08344;7.7515;6.60572;5.8387;5.2355;4.81009;4.70753;4.47928,0.03383374586701393,0.07497847825288773,0.08933679014444351,0.10585078597068787,0.1329149752855301,0.16167502105236053,0.20599117875099182,0.30997446179389954,0.4512465000152588,0.12473168224096298,0.20275670289993286,0.2727043330669403,9.72235107421875,3.118068484529926,3828,283,1204,1797,2272,3009,1089.8916230333832,0.557159;0.534762;0.473784;0.453854;0.417924;0.373175;0.338818;0.334308;0.303267;0.284708,0.031929127871990204,0.1235824003815651,0.17900606989860535,0.23892620205879211,0.31769540905952454,0.37986209988594055,0.45381632447242737,0.5967232584953308,0.7529053092002869,0.2960243821144104,0.44884470105171204,0.5485007166862488,9.72235107421875,3.118068484529926,3828,283,1204,1797,2272,3009,1089.8916230333832,0.557159;0.534762;0.473784;0.453854;0.417924;0.373175;0.338818;0.334308;0.303267;0.284708,0.031929127871990204,0.1235824003815651,0.17900606989860535,0.23892620205879211,0.31769540905952454,0.37986209988594055,0.45381632447242737,0.5967232584953308,0.7529053092002869,0.2960243821144104,0.44884470105171204,0.5485007166862488,0.9672602427168877,0.1793520748866899,60.12187957763672,0.029889214783906937,0.9672602427168877,0.1793520748866899,60.12187957763672,0.029889214783906937,centered normal equations solve; U: centered normal equations solve (copied from tied E),39.095614194869995
Gemma-3-27B,Gemma-3-27B-Instruct,task1_base_instruct,id_full_vocab,262208,262208,True,5376,5376,262208,262208,True,True,0.9707730427305877,0.17007943349660443,0.022862501442432404,centered normal equations solve,5249.7080078125,0.9765082001686096,71.65402221679688,3.299032211303711,0.04499424056070478,0.04604113082894548,0.9992287755012512,0.9765082001686096,0.00641789473593235,0.8551730513572693,0.9971191883087158,2.774045705795288,0.038714445050999614,5.176187992095947,0.07059605144375346,0.9707730427305877,0.17007943349660443,0.022862501442432404,centered normal equations solve (copied from tied E),5249.7080078125,0.9765082001686096,71.65402221679688,3.299032211303711,0.04499424056070478,0.04604113082894548,0.9992287755012512,0.9765082001686096,0.00641789473593235,0.8551730513572693,0.9971191883087158,2.774045705795288,0.038714445050999614,5.176187992095947,0.07059605144375346,8880.08203125,94.23418716819283,5376,1604,3531,4348,4815,5244,3944.328744223024,13.3592;12.0717;7.43109;6.5111;5.3205;5.24941;4.76012;4.50615;4.46084;4.33667,0.02009749226272106,0.050688378512859344,0.0629885271191597,0.08031679689884186,0.10879500210285187,0.13692976534366608,0.1775980144739151,0.2656344473361969,0.38117969036102295,0.11149607598781586,0.20068538188934326,0.2752942740917206,8880.08203125,94.23418716819283,5376,1604,3531,4348,4815,5244,3944.328744223024,13.3592;12.0717;7.43109;6.5111;5.3205;5.24941;4.76012;4.50615;4.46084;4.33667,0.02009749226272106,0.050688378512859344,0.0629885271191597,0.08031679689884186,0.10879500210285187,0.13692976534366608,0.1775980144739151,0.2656344473361969,0.38117969036102295,0.11149607598781586,0.20068538188934326,0.2752942740917206,10.883611679077148,3.2990319305937534,5325,448,1625,2383,3004,4004,1622.136715500689,0.603802;0.467939;0.416234;0.379563;0.363674;0.346351;0.321025;0.313772;0.291081;0.26595,0.03349778428673744,0.09492453932762146,0.13874511420726776,0.18419460952281952,0.2563651502132416,0.3165547549724579,0.38638749718666077,0.5200328826904297,0.6714593172073364,0.2628561556339264,0.42282330989837646,0.5338121056556702,10.883611679077148,3.2990319305937534,5325,448,1625,2383,3004,4004,1622.136715500689,0.603802;0.467939;0.416234;0.379563;0.363674;0.346351;0.321025;0.313772;0.291081;0.26595,0.03349778428673744,0.09492453932762146,0.13874511420726776,0.18419460952281952,0.2563651502132416,0.3165547549724579,0.38638749718666077,0.5200328826904297,0.6714593172073364,0.2628561556339264,0.42282330989837646,0.5338121056556702,0.9707730427305877,0.17007943349660443,71.65402221679688,0.022862501442432404,0.9707730427305877,0.17007943349660443,71.65402221679688,0.022862501442432404,centered normal equations solve; U: centered normal equations solve (copied from tied E),60.075441122055054
Gemma-4-E2B,Gemma-4-E2B-Instruct,task1_base_instruct,id_full_vocab,262144,262144,True,1536,1536,262144,262144,True,True,0.6682147154762776,0.5307500346734758,0.6186361908912659,centered normal equations solve,1372.329345703125,0.8934435844421387,35.8541145324707,8.766915321350098,0.22369238703641411,0.24451629710198203,0.9766157865524292,0.8934435844421387,0.03795664384961128,0.537597119808197,0.9773403406143188,7.563445568084717,0.21095056081318098,17.315980911254883,0.4418262252952932,0.6682147154762776,0.5307500346734758,0.6186361908912659,centered normal equations solve (copied from tied E),1372.329345703125,0.8934435844421387,35.8541145324707,8.766915321350098,0.22369238703641411,0.24451629710198203,0.9766157865524292,0.8934435844421387,0.03795664384961128,0.537597119808197,0.9773403406143188,7.563445568084717,0.21095056081318098,17.315980911254883,0.4418262252952932,153007.40625,391.1616114216731,1536,368,991,1236,1371,1495,452.9312279258797,186.392;45.3751;33.7131;26.7333;24.5922;20.4087;18.7428;18.2626;17.2929;16.9209,0.22706110775470734,0.25656890869140625,0.26759257912635803,0.2812816798686981,0.3086372911930084,0.3437022864818573,0.40549397468566895,0.569746732711792,0.8039865493774414,0.2764838635921478,0.3282458484172821,0.37782081961631775,153007.40625,391.1616114216731,1536,368,991,1236,1371,1495,452.9312279258797,186.392;45.3751;33.7131;26.7333;24.5922;20.4087;18.7428;18.2626;17.2929;16.9209,0.22706110775470734,0.25656890869140625,0.26759257912635803,0.2812816798686981,0.3086372911930084,0.3437022864818573,0.40549397468566895,0.569746732711792,0.8039865493774414,0.2764838635921478,0.3282458484172821,0.37782081961631775,76.85879516601562,8.766914803168536,1518,62,406,643,833,1132,292.8074898315822,3.4878;1.79409;1.30721;1.16478;1.09077;0.979307;0.939047;0.893025;0.856983;0.847414,0.15827389061450958,0.2555176615715027,0.3087434768676758,0.37449726462364197,0.4755725562572479,0.5608534216880798,0.6623257398605347,0.8458749651908875,0.9772720336914062,0.3518793284893036,0.5276276469230652,0.6206291913986206,76.85879516601562,8.766914803168536,1518,62,406,643,833,1132,292.8074898315822,3.4878;1.79409;1.30721;1.16478;1.09077;0.979307;0.939047;0.893025;0.856983;0.847414,0.15827389061450958,0.2555176615715027,0.3087434768676758,0.37449726462364197,0.4755725562572479,0.5608534216880798,0.6623257398605347,0.8458749651908875,0.9772720336914062,0.3518793284893036,0.5276276469230652,0.6206291913986206,0.6682147154762776,0.5307500346734758,35.8541145324707,0.6186361908912659,0.6682147154762776,0.5307500346734758,35.8541145324707,0.6186361908912659,centered normal equations solve; U: centered normal equations solve (copied from tied E),15.98996615409851
Gemma-4-E4B,Gemma-4-E4B-Instruct,task1_base_instruct,id_full_vocab,262144,262144,True,2560,2560,262144,262144,True,True,0.7246885825165021,0.49228942616128263,0.4645256996154785,centered normal equations solve,2550.8154296875,0.9964122772216797,51.03471755981445,7.93168830871582,0.1567637546629422,0.15541750180981423,0.9878552556037903,0.9964122772216797,0.027966054156422615,0.7916865348815918,1.0816389322280884,7.802342414855957,0.15288303311782497,12.992581367492676,0.2567884362896376,0.7246885825165021,0.49228942616128263,0.4645256996154785,centered normal equations solve (copied from tied E),2550.8154296875,0.9964122772216797,51.03471755981445,7.93168830871582,0.1567637546629422,0.15541750180981423,0.9878552556037903,0.9964122772216797,0.027966054156422615,0.7916865348815918,1.0816389322280884,7.802342414855957,0.15288303311782497,12.992581367492676,0.2567884362896376,111847.875,334.4366531945923,2560,867,1794,2150,2342,2510,1501.6697911303932,105.406;32.4475;24.3006;22.816;18.9147;16.1364;14.8289;13.1034;12.7296;11.7039,0.0993347093462944,0.121880441904068,0.13038310408592224,0.14046965539455414,0.16071346402168274,0.18821442127227783,0.23653259873390198,0.3626672327518463,0.5470963716506958,0.14513130486011505,0.20237857103347778,0.2616078555583954,111847.875,334.4366531945923,2560,867,1794,2150,2342,2510,1501.6697911303932,105.406;32.4475;24.3006;22.816;18.9147;16.1364;14.8289;13.1034;12.7296;11.7039,0.0993347093462944,0.121880441904068,0.13038310408592224,0.14046965539455414,0.16071346402168274,0.18821442127227783,0.23653259873390198,0.3626672327518463,0.5470963716506958,0.14513130486011505,0.20237857103347778,0.2616078555583954,62.911678314208984,7.93168823859139,2536,244,767,1114,1401,1875,883.153269812966,1.91795;1.11937;1.10217;0.744838;0.700811;0.664234;0.646237;0.592061;0.587597;0.576515,0.058471664786338806,0.1143227368593216,0.14431726932525635,0.18483564257621765,0.25856050848960876,0.3404403626918793,0.45849472284317017,0.6787495613098145,0.8728960156440735,0.20343583822250366,0.3779873549938202,0.5105969309806824,62.911678314208984,7.93168823859139,2536,244,767,1114,1401,1875,883.153269812966,1.91795;1.11937;1.10217;0.744838;0.700811;0.664234;0.646237;0.592061;0.587597;0.576515,0.058471664786338806,0.1143227368593216,0.14431726932525635,0.18483564257621765,0.25856050848960876,0.3404403626918793,0.45849472284317017,0.6787495613098145,0.8728960156440735,0.20343583822250366,0.3779873549938202,0.5105969309806824,0.7246885825165021,0.49228942616128263,51.03471755981445,0.4645256996154785,0.7246885825165021,0.49228942616128263,51.03471755981445,0.4645256996154785,centered normal equations solve; U: centered normal equations solve (copied from tied E),27.30599308013916
Gemma-4-26B-A4B,Gemma-4-26B-A4B-Instruct,task1_base_instruct,id_full_vocab,262144,262144,True,2816,2816,262144,262144,True,True,0.707135105591586,0.5168528283583013,0.6360792517662048,centered normal equations solve,3555.84619140625,1.262729525566101,68.17913818359375,18.780376434326172,0.3539060343993894,0.2754563483004744,0.982822597026825,1.262729525566101,0.058671969920396805,0.740585207939148,1.404697060585022,12.191361427307129,0.17881366283155498,45.596256256103516,0.8592367832181274,0.707135105591586,0.5168528283583013,0.6360792517662048,centered normal equations solve (copied from tied E),3555.84619140625,1.262729525566101,68.17913818359375,18.780376434326172,0.3539060343993894,0.2754563483004744,0.982822597026825,1.262729525566101,0.058671969920396805,0.740585207939148,1.404697060585022,12.191361427307129,0.17881366283155498,45.596256256103516,0.8592367832181274,214732.734375,463.3926352187743,2816,928,1943,2340,2557,2753,1664.2454764664024,144.405;32.0222;30.054;28.6036;24.2527;22.5674;21.5414;20.1244;19.0912;18.3908,0.09710989147424698,0.11264094710350037,0.12233209609985352,0.13415677845478058,0.15571901202201843,0.1833186149597168,0.2303110659122467,0.3506186604499817,0.5238035917282104,0.14162608981132507,0.20339380204677582,0.2652876079082489,214732.734375,463.3926352187743,2816,928,1943,2340,2557,2753,1664.2454764664024,144.405;32.0222;30.054;28.6036;24.2527;22.5674;21.5414;20.1244;19.0912;18.3908,0.09710989147424698,0.11264094710350037,0.12233209609985352,0.13415677845478058,0.15571901202201843,0.1833186149597168,0.2303110659122467,0.3506186604499817,0.5238035917282104,0.14162608981132507,0.20339380204677582,0.2652876079082489,352.7024841308594,18.78037497311647,2809,461,1222,1652,1968,2404,1398.7440444218103,4.35234;2.10692;1.86132;1.68265;1.5624;1.42095;1.2884;1.22469;1.12543;1.11997,0.053707707673311234,0.09106509387493134,0.11289619654417038,0.1386413872241974,0.187750905752182,0.24646888673305511,0.33381450176239014,0.5212320685386658,0.7315964698791504,0.15534743666648865,0.2851557731628418,0.3928489685058594,352.7024841308594,18.78037497311647,2809,461,1222,1652,1968,2404,1398.7440444218103,4.35234;2.10692;1.86132;1.68265;1.5624;1.42095;1.2884;1.22469;1.12543;1.11997,0.053707707673311234,0.09106509387493134,0.11289619654417038,0.1386413872241974,0.187750905752182,0.24646888673305511,0.33381450176239014,0.5212320685386658,0.7315964698791504,0.15534743666648865,0.2851557731628418,0.3928489685058594,0.707135105591586,0.5168528283583013,68.17913818359375,0.6360792517662048,0.707135105591586,0.5168528283583013,68.17913818359375,0.6360792517662048,centered normal equations solve; U: centered normal equations solve (copied from tied E),29.059648036956787
Gemma-4-31B,Gemma-4-31B-Instruct,task1_base_instruct,id_full_vocab,262144,262144,True,5376,5376,262144,262144,True,True,0.7759188286655657,0.46410201651403593,0.24331910908222198,centered normal equations solve,5134.3779296875,0.9550554156303406,71.72346496582031,15.858743667602539,0.2162913490586019,0.22110955842916952,0.9763306379318237,0.9550554156303406,0.03907211124897003,0.2511022388935089,1.1260437965393066,15.245753288269043,0.2125629777581769,47.412899017333984,0.6466464245959237,0.7759188286655657,0.46410201651403593,0.24331910908222198,centered normal equations solve (copied from tied E),5134.3779296875,0.9550554156303406,71.72346496582031,15.858743667602539,0.2162913490586019,0.22110955842916952,0.9763306379318237,0.9550554156303406,0.03907211124897003,0.2511022388935089,1.1260437965393066,15.245753288269043,0.2125629777581769,47.412899017333984,0.6466464245959237,84358.796875,290.44585876717196,5376,1652,3613,4411,4856,5254,3647.090304388531,60.1896;28.974;28.441;21.7033;17.1402;16.4639;15.1274;14.5392;13.5999;12.8974,0.04294503852725029,0.07155144214630127,0.08414748311042786,0.09843761473894119,0.12289843708276749,0.14852775633335114,0.1858704388141632,0.26865315437316895,0.37768790125846863,0.12534967064857483,0.20751293003559113,0.2777337431907654,84358.796875,290.44585876717196,5376,1652,3613,4411,4856,5254,3647.090304388531,60.1896;28.974;28.441;21.7033;17.1402;16.4639;15.1274;14.5392;13.5999;12.8974,0.04294503852725029,0.07155144214630127,0.08414748311042786,0.09843761473894119,0.12289843708276749,0.14852775633335114,0.1858704388141632,0.26865315437316895,0.37768790125846863,0.12534967064857483,0.20751293003559113,0.2777337431907654,251.49951171875,15.858736132452359,5170,38,548,1321,2060,3376,334.13397461447744,6.20687;3.79758;3.02897;2.43513;2.10964;2.07985;1.84191;1.79003;1.65927;1.56963,0.15318229794502258,0.2882787585258484,0.3524520695209503,0.42492836713790894,0.5338939428329468,0.6172159314155579,0.6949255466461182,0.7903000712394714,0.8673941493034363,0.5434092283248901,0.7260277271270752,0.7980787754058838,251.49951171875,15.858736132452359,5170,38,548,1321,2060,3376,334.13397461447744,6.20687;3.79758;3.02897;2.43513;2.10964;2.07985;1.84191;1.79003;1.65927;1.56963,0.15318229794502258,0.2882787585258484,0.3524520695209503,0.42492836713790894,0.5338939428329468,0.6172159314155579,0.6949255466461182,0.7903000712394714,0.8673941493034363,0.5434092283248901,0.7260277271270752,0.7980787754058838,0.7759188286655657,0.46410201651403593,71.72346496582031,0.24331910908222198,0.7759188286655657,0.46410201651403593,71.72346496582031,0.24331910908222198,centered normal equations solve; U: centered normal equations solve (copied from tied E),60.4166784286499
DeepSeek-V3-Base,DeepSeek-V3,task1_base_instruct,id_full_vocab,129280,129280,True,7168,7168,129280,129280,False,False,0.999995109242179,0.00220477023719364,0.0001391542755300179,centered normal equations solve,7167.91943359375,0.9999887943267822,84.66311645507812,0.06512093544006348,0.0007691687514209843,0.0007691771596267231,0.9999997019767761,0.9999887943267822,8.690471986483317e-06,0.9999522566795349,1.0000333786010742,0.06510987132787704,0.0007690464756565399,0.09214195609092712,0.001088324558623332,0.9999979631561335,0.0014227127313186148,0.0024678497575223446,centered normal equations solve,7168.06689453125,1.0000094175338745,84.66484069824219,0.05381619185209274,0.0006356440185231156,0.0006356380217368091,0.9999999403953552,1.0000094175338745,2.1381887563620694e-05,0.9997165203094482,1.000346064567566,0.05377998203039169,0.0006352103374536707,0.07769619673490524,0.0009177000641790532,6.803504943847656,2.6083529178099454,7168,1939,4443,5614,6317,6977,5607.203151720493,0.215754;0.16472;0.150596;0.131512;0.128349;0.120989;0.119498;0.112707;0.109967;0.109017,0.006842006463557482,0.019126977771520615,0.028768809512257576,0.04296121746301651,0.0708276778459549,0.1010366901755333,0.1428084671497345,0.2304159700870514,0.3396013677120209,0.08564533293247223,0.19302336871623993,0.28110092878341675,13.941326141357422,3.7338085303557573,7168,752,3707,5179,6074,6922,1543.8761382752214,1.27429;0.919823;0.556645;0.50391;0.383931;0.355734;0.322874;0.307924;0.270317;0.231244,0.11647409200668335,0.22817493975162506,0.2606077790260315,0.2844717800617218,0.31904634833335876,0.3513822555541992,0.39018315076828003,0.45897647738456726,0.5349277257919312,0.33534523844718933,0.4311135709285736,0.49483534693717957,0.004240735433995724,0.06512092930844679,7120,893,2206,3079,3828,5125,3322.259307751614,0.00535479;0.00412122;0.00384744;0.00337853;0.00329825;0.00311763;0.00307667;0.00293647;0.00286699;0.002856,0.006761517375707626,0.01951408013701439,0.029933210462331772,0.04608917608857155,0.08023589104413986,0.12218500673770905,0.1897139549255371,0.34683746099472046,0.5349584817886353,0.09997018426656723,0.2789239287376404,0.43692654371261597,0.0028961722273379564,0.053816096359155935,6698,8,895,1879,2806,4490,183.3159569014328,0.0295812;0.0165294;0.0125882;0.00799038;0.00520246;0.00462687;0.00436132;0.00407827;0.00379558;0.00349792,0.30213868618011475,0.4825820028781891,0.5114833116531372,0.5359670519828796,0.5701888203620911,0.6036856174468994,0.6481536030769348,0.7308730483055115,0.8145099878311157,0.5867549777030945,0.6973056793212891,0.7722350358963013,0.999995109242179,0.00220477023719364,84.66311645507812,0.0001391542755300179,0.9999979631561335,0.0014227127313186148,84.66484069824219,0.0024678497575223446,centered normal equations solve,63.365949392318726
DeepSeek-V3.1-Base,DeepSeek-V3.1,task1_base_instruct,id_full_vocab,129280,129280,True,7168,7168,129280,129280,False,False,0.9999856465174676,0.0037770356768493615,0.0002389538858551532,centered normal equations solve,7167.87060546875,0.9999819993972778,84.66258239746094,0.11176343262195587,0.0013200814660206195,0.00132010422381479,0.9999991655349731,0.9999819993972778,1.871019230748061e-05,0.9998811483383179,1.0000461339950562,0.11174172163009644,0.0013198477824065003,0.15811604261398315,0.001867570210028083,0.9999896617870091,0.0032054271634291438,0.009834261611104012,centered normal equations solve,7167.43359375,0.9999210238456726,84.65743255615234,0.11418960243463516,0.0013487379033543766,0.0013488432023838481,0.9999990463256836,0.9999210238456726,4.587665171129629e-05,0.998775839805603,1.0000466108322144,0.11392747610807419,0.001345746884451136,0.17015694081783295,0.002009789952033578,19.94495391845703,4.465977375497667,7168,2153,4604,5716,6374,6988,6032.034965995442,0.29089;0.225591;0.217411;0.189852;0.184627;0.177854;0.175804;0.167782;0.166203;0.163852,0.004242526832967997,0.012680212035775185,0.01995830237865448,0.030996350571513176,0.05356355011463165,0.07874256372451782,0.11508379131555557,0.19617672264575958,0.30333369970321655,0.06574186682701111,0.16088882088661194,0.24527990818023682,70.1550064086914,8.375858547557463,7168,1012,3936,5338,6172,6946,2286.36568691619,2.242;1.71733;1.17124;1.00026;0.965165;0.869811;0.733958;0.693468;0.645114;0.605318,0.0716492235660553,0.16078174114227295,0.197254478931427,0.22580386698246002,0.26445266604423523,0.2992996573448181,0.34148329496383667,0.4161713719367981,0.4983169734477997,0.28219273686408997,0.385938823223114,0.4550305902957916,0.01249106228351593,0.11176342104425728,7130,953,2273,3143,3885,5164,3506.4560885247092,0.00724254;0.00580954;0.00569757;0.00491469;0.00487547;0.00467125;0.00463232;0.0044867;0.00443013;0.00437751,0.004199352581053972,0.013336880132555962,0.021518578752875328,0.03466140106320381,0.06414810568094254,0.10262580960988998,0.16763931512832642,0.3241102397441864,0.5156374573707581,0.08195042610168457,0.25593024492263794,0.4154643416404724,0.01303925085812807,0.11418953917994445,6867,71,1152,2132,3033,4645,402.84172357029917,0.0447062;0.040964;0.0258523;0.0167278;0.0132592;0.0124841;0.0101535;0.00890467;0.00858422;0.00809037,0.1532793790102005,0.3681705594062805,0.4047817885875702,0.43633779883384705,0.48033836483955383,0.5217286348342896,0.575519323348999,0.6761299967765808,0.7773554921150208,0.5008510947227478,0.6353466510772705,0.7262976169586182,0.9999856465174676,0.0037770356768493615,84.66258239746094,0.0002389538858551532,0.9999896617870091,0.0032054271634291438,84.65743255615234,0.009834261611104012,centered normal equations solve,65.20291900634766
