model_a,model_b,source_tasks,align_mode,n_common,n_fit,hidden_dim_a,hidden_dim_b,vocab_size_a,vocab_size_b,actual_tied_a,actual_tied_b,R2_E,rel_err_E,norm_A_E,norm_b_E,R2_U,rel_err_U,norm_A_U,norm_b_U
Qwen3.5-0.8B-Base,Qwen3.5-0.8B-Instruct,task1_base_instruct,id,248044,24000,1024,1024,248320,248320,True,True,0.9979493017073119,0.04063213883953085,31.689210891723633,0.007835457101464272,0.9979493017073119,0.04063213883953085,31.689210891723633,0.007835457101464272
Qwen3-0.6B-Base,Qwen3-0.6B,task1_base_instruct,id,151643,24000,1024,1024,151936,151936,True,True,0.9886934220219747,0.10062638380576666,30.62265968322754,0.08346337825059891,0.9886934220219747,0.10062638380576666,30.62265968322754,0.08346337825059891
Qwen3.5-2B-Base,Qwen3.5-2B-Instruct,task1_base_instruct,id,248044,24000,2048,2048,248320,248320,True,True,0.9968726890077054,0.05038710159140282,44.72874069213867,0.009581071324646473,0.9968726890077054,0.05038710159140282,44.72874069213867,0.009581071324646473
Qwen3-30B-A3B-Base,Qwen3-30B-A3B,task1_base_instruct,id,151643,24000,2048,2048,151936,151936,False,False,0.9932186625017659,0.08199354161692742,44.54325485229492,0.007777071092277765,0.9948921209706864,0.06891914919582814,43.93452835083008,0.0753074437379837
Qwen3-1.7B-Base,Qwen3-1.7B,task1_base_instruct,id,151643,24000,2048,2048,151936,151936,True,True,0.9943875921999769,0.07302716058846764,44.004920959472656,0.1421053260564804,0.9943875921999769,0.07302716058846764,44.004920959472656,0.1421053260564804
Qwen3-4B-Base,Qwen3-4B,task1_base_instruct,id,151643,24000,2560,2560,151936,151936,True,True,0.9910817882350088,0.09062677909377981,48.92392349243164,0.12869173288345337,0.9910817882350088,0.09062677909377981,48.92392349243164,0.12869173288345337
Qwen3-8B-Base,Qwen3-8B,task1_base_instruct,id,151643,24000,4096,4096,151936,151936,False,False,0.9964203590965272,0.05934246213239062,63.23115158081055,0.002307623391970992,0.9951326680108977,0.06795779524565972,62.427886962890625,0.1247434914112091
Qwen3.5-4B-Base,Qwen3.5-4B-Instruct,task1_base_instruct,id,248044,24000,2560,2560,248320,248320,True,True,0.9974522139351615,0.04677585761014191,50.063934326171875,0.008134080097079277,0.9974522139351615,0.04677585761014191,50.063934326171875,0.008134080097079277
Qwen2.5-3B,Qwen2.5-3B-Instruct,task1_base_instruct,id,151643,24000,2048,2048,151936,151936,True,True,0.9997534118598801,0.015115336738752795,45.069297790527344,0.012498869560658932,0.9997534118598801,0.015115336738752795,45.069297790527344,0.012498869560658932
Qwen3-14B-Base,Qwen3-14B,task1_base_instruct,id,151643,24000,5120,5120,151936,151936,False,False,0.996532650856266,0.05830422641231001,70.95116424560547,0.0025918767787516117,0.9949739396017242,0.0701970472751562,69.82106018066406,0.09374725073575974
Qwen2.5-0.5B,Qwen2.5-0.5B-Instruct,task1_base_instruct,id,151643,24000,896,896,151936,151936,True,True,0.9905606294360195,0.08932585553773004,28.95166778564453,0.010564686730504036,0.9905606294360195,0.08932585553773004,28.95166778564453,0.010564686730504036
Qwen3.5-35B-A3B-Base,Qwen3.5-35B-A3B-Instruct,task1_base_instruct,id,248044,24000,2048,2048,248320,248320,False,False,0.9988117338096433,0.034068235544348395,45.08269119262695,0.0009753941558301449,0.9989160858713682,0.031180632165176952,44.775569915771484,0.0053679500706493855
Qwen2.5-1.5B,Qwen2.5-1.5B-Instruct,task1_base_instruct,id,151643,24000,1536,1536,151936,151936,True,True,0.999700369241404,0.01640668652074788,39.01015090942383,0.01349628809839487,0.999700369241404,0.01640668652074788,39.01015090942383,0.01349628809839487
Qwen2.5-7B,Qwen2.5-7B-Instruct,task1_base_instruct,id,151643,24000,3584,3584,152064,152064,False,False,0.99976347626756,0.015301888877460023,59.806396484375,0.00021543900948017836,0.9993537323669085,0.024472343686346834,59.39662170410156,0.015328867360949516
Llama-3.2-1B,Llama-3.2-1B-Instruct,task1_base_instruct,id,128000,24000,2048,2048,128256,128256,True,True,0.9771370177188198,0.14055576490740126,42.090457916259766,0.12304914742708206,0.9771370177188198,0.14055576490740126,42.090457916259766,0.12304914742708206
Qwen3.5-9B-Base,Qwen3.5-9B-Instruct,task1_base_instruct,id,248044,24000,4096,4096,248320,248320,False,False,0.9988242610228771,0.0340948916197669,63.74644088745117,0.0016946661053225398,0.998517562955231,0.03691553105331563,63.37314987182617,0.01094100996851921
Llama-3.2-3B,Llama-3.2-3B-Instruct,task1_base_instruct,id,128000,24000,3072,3072,128256,128256,True,True,0.9817143238293131,0.12505799781682525,51.97362518310547,0.09222307056188583,0.9817143238293131,0.12505799781682525,51.97362518310547,0.09222307056188583
Llama-3.1-8B,Llama-3.1-8B-Instruct,task1_base_instruct,id,128000,24000,4096,4096,128256,128256,False,False,0.9986638525953052,0.03625989909283969,63.6903076171875,0.0015701425727456808,0.9979266631562771,0.04413359920630669,62.95204544067383,0.025381768122315407
Qwen2.5-32B,Qwen2.5-32B-Instruct,task1_base_instruct,id,151643,24000,5120,5120,152064,152064,False,False,0.9999020586500912,0.0098815767308069,71.48688507080078,0.00025271435151807964,0.9997742731816534,0.014853402620148818,71.278076171875,0.0064442516304552555
Qwen2.5-14B,Qwen2.5-14B-Instruct,task1_base_instruct,id,151643,24000,5120,5120,152064,152064,False,False,0.9998727131277663,0.01125810953947174,71.486572265625,0.0002999798161908984,0.9997652876115846,0.015204443278570502,71.29747009277344,0.007471076678484678
Gemma-2-2B,Gemma-2-2B-Instruct,task1_base_instruct,id,255993,24000,2304,2304,256000,256000,True,True,0.9993932448737057,0.022441028008831014,47.63551712036133,0.1649339497089386,0.9993932448737057,0.022441028008831014,47.63551712036133,0.1649339497089386
Llama-3.1-70B-Base,Llama-3.1-70B-Instruct,task1_base_instruct,id,128000,24000,8192,8192,128256,128256,False,False,0.9990050860967383,0.03140351443363565,90.11074829101562,0.0018786033615469933,0.9981793634959443,0.04232885639858952,89.08061981201172,0.031990181654691696
Qwen2.5-72B-Base,Qwen2.5-72B-Instruct,task1_base_instruct,id,151643,24000,8192,8192,152064,152064,False,False,0.999803391771156,0.01399223533909935,90.43516540527344,0.00025496090529486537,0.9995287610848527,0.021163002972454804,90.02497100830078,0.03582613915205002
Gemma-3-4B,Gemma-3-4B-Instruct,task1_base_instruct,id,262137,24000,2560,2560,262208,262208,True,True,0.9620379648948444,0.19149252426218746,50.94873809814453,0.05521278455853462,0.9620379648948444,0.19149252426218746,50.94873809814453,0.05521278455853462
Gemma-2-9B,Gemma-2-9B-Instruct,task1_base_instruct,id,255995,24000,3584,3584,256000,256000,True,True,0.9925008511279473,0.07617228380374845,59.97760009765625,0.15756617486476898,0.9925008511279473,0.07617228380374845,59.97760009765625,0.15756617486476898
Gemma-3-1B,Gemma-3-1B-Instruct,task1_base_instruct,id,262137,24000,1152,1152,262144,262144,True,True,0.40376625159333257,0.736186859429057,18.088781356811523,0.16848593950271606,0.40376625159333257,0.736186859429057,18.088781356811523,0.16848593950271606
Gemma-4-E4B,Gemma-4-E4B-Instruct,task1_base_instruct,id,262120,24000,2560,2560,262144,262144,True,True,0.751563597114861,0.4676463568859012,52.52116012573242,0.4963324964046478,0.751563597114861,0.4676463568859012,52.52116012573242,0.4963324964046478
Gemma-4-E2B,Gemma-4-E2B-Instruct,task1_base_instruct,id,262120,24000,1536,1536,262144,262144,True,True,0.6877371339071265,0.5149611735763666,36.60520553588867,0.632602870464325,0.6877371339071265,0.5149611735763666,36.60520553588867,0.632602870464325
Gemma-3-27B,Gemma-3-27B-Instruct,task1_base_instruct,id,262137,24000,5376,5376,262208,262208,True,True,0.9769735520217864,0.15096024414269726,72.04949188232422,0.024427665397524834,0.9769735520217864,0.15096024414269726,72.04949188232422,0.024427665397524834
Gemma-3-12B,Gemma-3-12B-Instruct,task1_base_instruct,id,262137,24000,3840,3840,262208,262208,True,True,0.9721059754907138,0.16554866040485286,60.3551025390625,0.031430963426828384,0.9721059754907138,0.16554866040485286,60.3551025390625,0.031430963426828384
DeepSeek-V3.1-Base,DeepSeek-V3.1,task1_base_instruct|task2_model_series,id,127998,24000,7168,7168,129280,129280,False,False,0.9999894645051852,0.0032358203540166297,84.6630859375,0.0009456771658733487,0.9999924087459426,0.002747025415428465,84.65777587890625,0.011613900773227215
DeepSeek-V3-Base,DeepSeek-V3,task1_base_instruct|task2_model_series,id,127998,24000,7168,7168,129280,129280,False,False,0.9999964191736118,0.001886484172980823,84.66324615478516,0.0005186808411963284,0.9999985147215278,0.0012149733701200195,84.6649398803711,0.0038594037760049105
Gemma-4-26B-A4B,Gemma-4-26B-A4B-Instruct,task1_base_instruct,id,262120,24000,2816,2816,262144,262144,True,True,0.7398660435327471,0.48699531198617857,70.40410614013672,0.672417163848877,0.7398660435327471,0.48699531198617857,70.40410614013672,0.672417163848877
Llama-3.1-70B-Instruct,Llama-3.2-1B-Instruct,task2_model_series,id,128000,24000,8192,2048,128256,128256,False,True,0.506443019911681,0.6532571257846712,80.5658950805664,0.4364258944988251,0.5981393811198148,0.5894584950759916,76.47651672363281,0.2724701762199402
Llama-3.1-8B-Instruct,Llama-3.2-1B-Instruct,task2_model_series,id,128000,24000,4096,2048,128256,128256,False,True,0.33009552040004575,0.7617194099721478,47.22673034667969,0.47175607085227966,0.508894425764227,0.6521928197423744,47.58439636230469,0.26257333159446716
Llama-3.1-70B-Instruct,Llama-3.1-8B-Instruct,task2_model_series,id,128000,24000,8192,4096,128256,128256,False,False,0.46925521222743816,0.7226242974736035,62.42335891723633,0.06255369633436203,0.6117298187296133,0.604273169586652,75.26921844482422,0.07780466228723526
Llama-3.1-70B-Instruct,Llama-3.2-3B-Instruct,task2_model_series,id,128000,24000,8192,3072,128256,128256,False,True,0.49050797933947077,0.6600119184683793,94.83585357666016,0.524067223072052,0.6119581764415827,0.5759998271890427,88.5771255493164,0.3445012867450714
Llama-3.1-8B-Instruct,Llama-3.2-3B-Instruct,task2_model_series,id,128000,24000,4096,3072,128256,128256,False,True,0.3138473914409221,0.765987475229701,54.570762634277344,0.5581957697868347,0.6022285046408578,0.5832142651815384,59.534690856933594,0.3147265613079071
Qwen2.5-0.5B-Instruct,Qwen2.5-3B-Instruct,task2_model_series,id,151643,24000,896,2048,151936,151936,True,True,0.2290216515688469,0.8449227813996179,39.63196563720703,0.1885882467031479,0.2290216515688469,0.8449227813996179,39.63196563720703,0.1885882467031479
Qwen2.5-0.5B-Instruct,Qwen2.5-1.5B-Instruct,task2_model_series,id,151643,24000,896,1536,151936,151936,True,True,0.2694138150024624,0.8098772780881204,38.92581558227539,0.19345319271087646,0.2694138150024624,0.8098772780881204,38.92581558227539,0.19345319271087646
Qwen2.5-1.5B-Instruct,Qwen2.5-3B-Instruct,task2_model_series,id,151643,24000,1536,2048,151936,151936,True,True,0.36759790903616596,0.7655349485189423,25.71292495727539,0.12559472024440765,0.36759790903616596,0.7655349485189423,25.71292495727539,0.12559472024440765
Qwen2.5-0.5B-Instruct,Qwen2.5-7B-Instruct,task2_model_series,string,151643,24000,896,3584,151936,152064,True,False,0.17350844432522772,0.9044823668980869,29.19759178161621,0.1826048046350479,0.13041824355355214,0.8979877415183795,19.318262100219727,0.13009274005889893
Qwen2.5-1.5B-Instruct,Qwen2.5-14B-Instruct,task2_model_series,string,151643,24000,1536,5120,151936,152064,True,False,0.17414904328416025,0.9068407621094488,20.434558868408203,0.22081667184829712,0.21091589552329737,0.881536242045946,23.405715942382812,0.1411098837852478
Qwen2.5-0.5B-Instruct,Qwen2.5-14B-Instruct,task2_model_series,string,151643,24000,896,5120,151936,152064,True,False,0.12736366315650272,0.932167424376081,35.928096771240234,0.21367251873016357,0.12601788147704984,0.9277755629187967,34.46070861816406,0.1519317626953125
Qwen2.5-0.5B-Instruct,Qwen2.5-32B-Instruct,task2_model_series,string,151643,24000,896,5120,151936,152064,True,False,0.1370287229059628,0.9275528168537387,39.5726203918457,0.2176024168729782,0.12098940722288665,0.9267708153832105,35.24534606933594,0.17006860673427582
Qwen2.5-3B-Instruct,Qwen2.5-7B-Instruct,task2_model_series,string,151643,24000,2048,3584,151936,152064,True,False,0.25551161528867594,0.8584772217268971,17.218338012695312,0.14802470803260803,0.25415169654258485,0.8317232427131389,15.404144287109375,0.14881263673305511
Qwen2.5-0.5B-Instruct,Qwen2.5-72B-Instruct,task2_model_series,string,151643,24000,896,8192,151936,152064,True,False,0.16615806628206253,0.9112291066938426,29.134531021118164,0.13654452562332153,0.08800619025075285,0.9308799501600823,19.718910217285156,0.12186970561742783
Qwen2.5-3B-Instruct,Qwen2.5-14B-Instruct,task2_model_series,string,151643,24000,2048,5120,151936,152064,True,False,0.2032488892966201,0.890698193482217,22.741756439208984,0.18545816838741302,0.2662018045757536,0.850121952745453,27.373746871948242,0.12465644627809525
Qwen2.5-1.5B-Instruct,Qwen2.5-32B-Instruct,task2_model_series,string,151643,24000,1536,5120,151936,152064,True,False,0.18654590377702418,0.9005577813260004,22.37888526916504,0.2337815761566162,0.2002441581509986,0.8839866156240865,23.978717803955078,0.17618577182292938
Qwen2.5-3B-Instruct,Qwen2.5-32B-Instruct,task2_model_series,string,151643,24000,2048,5120,151936,152064,True,False,0.2166986877723983,0.8836957962341396,24.776697158813477,0.19021674990653992,0.2543345888520092,0.8536799401574298,28.011381149291992,0.1421019285917282
Qwen2.5-3B-Instruct,Qwen2.5-72B-Instruct,task2_model_series,string,151643,24000,2048,8192,151936,152064,True,False,0.25559079218198744,0.860973935096848,18.043489456176758,0.09606728702783585,0.1742259451493804,0.8858933530458275,16.226211547851562,0.11908172070980072
Qwen2.5-7B-Instruct,Qwen2.5-32B-Instruct,task2_model_series,id,151643,24000,3584,5120,152064,152064,False,False,0.2899807195360026,0.8413395950381002,92.0357894897461,0.03957217559218407,0.35935431008394925,0.7911207723881214,74.67990112304688,0.30166366696357727
Qwen2.5-1.5B-Instruct,Qwen2.5-72B-Instruct,task2_model_series,string,151643,24000,1536,8192,151936,152064,True,False,0.2220144623846214,0.8801970481662843,16.386072158813477,0.12768490612506866,0.13609854632225393,0.9062020482418239,13.878664016723633,0.16056281328201294
Qwen2.5-7B-Instruct,Qwen2.5-72B-Instruct,task2_model_series,id,151643,24000,3584,8192,152064,152064,False,False,0.3113298611332118,0.8280828914454609,61.756893157958984,0.021776795387268066,0.282314729920657,0.8257704506177906,44.76116180419922,0.23889856040477753
Qwen2.5-14B-Instruct,Qwen2.5-72B-Instruct,task2_model_series,id,151643,24000,5120,8192,152064,152064,False,False,0.38794401965182,0.7807194684640758,75.47032165527344,0.027406547218561172,0.37304947790386744,0.771974563524932,34.73161697387695,0.12442076206207275
Qwen2.5-14B-Instruct,Qwen2.5-32B-Instruct,task2_model_series,id,151643,24000,5120,5120,152064,152064,False,False,0.5025460896847738,0.7042309558796536,102.16435241699219,0.025527169927954674,0.6690877235012821,0.5685742788801434,61.63839340209961,0.0865139290690422
Qwen2.5-32B-Instruct,Qwen2.5-72B-Instruct,task2_model_series,id,151643,24000,5120,8192,152064,152064,False,False,0.39213886995142755,0.7780394586397644,77.31031036376953,0.030289320275187492,0.3870992956682926,0.7632756656317853,34.00545883178711,0.11874569207429886
Qwen3-0.6B,Qwen3-1.7B,task2_model_series,id,151643,24000,1024,2048,151936,151936,True,True,0.3270055211138101,0.7998857576964816,30.791399002075195,0.22622685134410858,0.3270055211138101,0.7998857576964816,30.791399002075195,0.22622685134410858
Qwen3-0.6B,Qwen3-4B,task2_model_series,id,151643,24000,1024,2560,151936,151936,True,True,0.23924857790865695,0.8368326947097331,18.51326560974121,0.1762283742427826,0.23924857790865695,0.8368326947097331,18.51326560974121,0.1762283742427826
Qwen3-0.6B,Qwen3-14B,task2_model_series,id,151643,24000,1024,5120,151936,151936,True,False,0.14888008539651842,0.9134437151778171,18.123563766479492,0.407354474067688,0.1527073609487909,0.9114848612755881,21.00694465637207,0.20438788831233978
Qwen3-0.6B,Qwen3-30B-A3B,task2_model_series,id,151643,24000,1024,2048,151936,151936,True,False,0.20618985202469775,0.8871157474813887,14.625798225402832,0.1700887531042099,0.2658514272421255,0.8263178652768404,21.063270568847656,0.1661251336336136
Qwen3-0.6B,Qwen3-32B,task2_model_series,id,151643,24000,1024,5120,151936,151936,True,False,0.1566121007146244,0.9084144465954519,18.06110191345215,0.39523711800575256,0.14703983353525507,0.9115478974251399,19.099788665771484,0.19026190042495728
Qwen3-1.7B,Qwen3-4B,task2_model_series,id,151643,24000,2048,2560,151936,151936,True,True,0.38276368544094796,0.7539780491862681,19.198532104492188,0.18500520288944244,0.38276368544094796,0.7539780491862681,19.198532104492188,0.18500520288944244
Gemma-2-27B,Gemma-2-27B-Instruct,task1_base_instruct,id,255993,24000,4608,4608,256000,256000,True,True,0.9980302414930128,0.043886069974658146,67.49649047851562,0.07424641400575638,0.9980302414930128,0.043886069974658146,67.49649047851562,0.07424641400575638
Qwen3-0.6B,Qwen3-235B-A22B,task2_model_series,id,151643,24000,1024,4096,151936,151936,True,False,0.17178405378624417,0.9084053415741596,14.912928581237793,0.15029768645763397,0.1932667177562657,0.8920139800791239,21.177146911621094,0.2103734016418457
Qwen3-1.7B,Qwen3-14B,task2_model_series,id,151643,24000,2048,5120,151936,151936,True,False,0.20775773484372573,0.8812859195352837,17.476865768432617,0.3284185826778412,0.2633639737486483,0.8498740743001317,22.757299423217773,0.2072775512933731
Qwen3-1.7B,Qwen3-8B,task2_model_series,id,151643,24000,2048,4096,151936,151936,True,False,0.19330439229290497,0.8908516702448586,17.990163803100586,0.2974787652492523,0.31326685163540957,0.8071020107412622,26.741971969604492,0.22286078333854675
Qwen3-1.7B,Qwen3-235B-A22B,task2_model_series,id,151643,24000,2048,4096,151936,151936,True,False,0.2391455914503594,0.8706910181810703,14.294967651367188,0.13618150353431702,0.31435219592243757,0.8224052495455602,21.977352142333984,0.20245951414108276
Qwen3-1.7B,Qwen3-30B-A3B,task2_model_series,id,151643,24000,2048,2048,151936,151936,True,False,0.27867304140372484,0.8456505292870821,13.654626846313477,0.14393030107021332,0.4151994902651436,0.7375357714908373,21.292451858520508,0.17103242874145508
Qwen3-4B,Qwen3-14B,task2_model_series,id,151643,24000,2560,5120,151936,151936,True,False,0.23548100210689626,0.8657451384438292,30.361970901489258,0.42547303438186646,0.3290878851739014,0.8109665950014728,40.647483825683594,0.2789021134376526
Qwen3-4B,Qwen3-8B,task2_model_series,id,151643,24000,2560,4096,151936,151936,True,False,0.23139881186167088,0.8695541617553677,31.829566955566406,0.375575453042984,0.4611096543912899,0.7150509385268806,52.20647048950195,0.24646450579166412
Qwen3-4B,Qwen3-30B-A3B,task2_model_series,id,151643,24000,2560,2048,151936,151936,True,False,0.30671801317283154,0.8290466911086886,23.431184768676758,0.18876896798610687,0.48492645817580127,0.692001203124734,36.945396423339844,0.19132250547409058
Qwen3-4B,Qwen3-32B,task2_model_series,id,151643,24000,2560,5120,151936,151936,True,False,0.2452741275651903,0.8593752565646218,29.98432731628418,0.40617820620536804,0.3199262813461854,0.8136922596607616,37.24702453613281,0.3200109004974365
Qwen3-4B,Qwen3-235B-A22B,task2_model_series,id,151643,24000,2560,4096,151936,151936,True,False,0.2696877666654086,0.8530227174208195,24.76778221130371,0.18519769608974457,0.3786730629166538,0.7828171631319352,38.8492431640625,0.28276994824409485
Qwen3-8B,Qwen3-32B,task2_model_series,id,151643,24000,4096,5120,151936,151936,False,False,0.321233078945379,0.814989261085159,49.11822509765625,0.04695115238428116,0.4463298124703692,0.7343252939753273,36.8426399230957,0.20839034020900726
Qwen3-8B,Qwen3-30B-A3B,task2_model_series,id,151643,24000,4096,2048,151936,151936,False,False,0.3323187682623152,0.8136241756920648,34.19182205200195,0.045901134610176086,0.5815779941608392,0.6240294837210119,32.914363861083984,0.11665701121091843
Qwen3-8B,Qwen3-235B-A22B,task2_model_series,id,151643,24000,4096,4096,151936,151936,False,False,0.3095764304831732,0.8293999086472322,39.04350280761719,0.04110255092382431,0.5037098551552657,0.6997611621849723,36.9041862487793,0.21221160888671875
Qwen3-14B,Qwen3-32B,task2_model_series,id,151643,24000,5120,5120,151936,151936,False,False,0.503132894611622,0.6972427188720526,85.38453674316406,0.0407843217253685,0.7485386186933168,0.494909074700542,57.716453552246094,0.13204452395439148
Qwen3-14B,Qwen3-30B-A3B,task2_model_series,id,151643,24000,5120,2048,151936,151936,False,False,0.36557214305581587,0.793077208542251,65.11182403564453,0.04845816642045975,0.6117382867598562,0.6010962140984821,42.96030044555664,0.1789570301771164
Qwen3-14B,Qwen3-235B-A22B,task2_model_series,id,151643,24000,5120,4096,151936,151936,False,False,0.3498641715588412,0.8048471056882002,74.704833984375,0.042740121483802795,0.5591157460604543,0.6595355764890535,48.83705139160156,0.14761975407600403
Qwen3-32B,Qwen3-30B-A3B,task2_model_series,id,151643,24000,5120,2048,151936,151936,False,False,0.3606120525342237,0.7961713948396307,73.11031341552734,0.05047784373164177,0.6069684023146342,0.6047772456494411,48.87601089477539,0.2712669372558594
Gemma-4-31B,Gemma-4-31B-Instruct,task1_base_instruct,id,262120,24000,5376,5376,262144,262144,True,True,0.8251545933613333,0.4099403943936301,75.5433578491211,0.2953961193561554,0.8251545933613333,0.4099403943936301,75.5433578491211,0.2953961193561554
Qwen3-30B-A3B,Qwen3-235B-A22B,task2_model_series,id,151643,24000,2048,4096,151936,151936,False,False,0.26547893651783816,0.8554784500962236,23.908227920532227,0.033077023923397064,0.38781600946086625,0.7771133577861825,32.56263732910156,0.21670103073120117
Llama-3.2-1B-Instruct,Llama-3.2-3B-Instruct,task2_model_series,id,128000,24000,2048,3072,128256,128256,True,True,0.38455982247082676,0.7255623011258583,32.222774505615234,0.18636463582515717,0.38455982247082676,0.7255623011258583,32.222774505615234,0.18636463582515717
Qwen3.5-0.8B-Instruct,Qwen3.5-2B-Instruct,task2_model_series,id,248044,24000,1024,2048,248320,248320,True,True,0.32090441659771074,0.7424761669522565,18.845321655273438,0.1096729040145874,0.32090441659771074,0.7424761669522565,18.845321655273438,0.1096729040145874
Qwen3.5-0.8B-Instruct,Qwen3.5-4B-Instruct,task2_model_series,id,248044,24000,1024,2560,248320,248320,True,True,0.24357920902664953,0.8057278423269439,16.42032241821289,0.11140554398298264,0.24357920902664953,0.8057278423269439,16.42032241821289,0.11140554398298264
Qwen2.5-1.5B-Instruct,Qwen2.5-7B-Instruct,task2_model_series,string,151643,24000,1536,3584,151936,152064,True,False,0.22549493149766375,0.8755956991568973,15.890578269958496,0.1821061670780182,0.20062327417961745,0.8609262170359891,13.42048168182373,0.1838172972202301
Qwen3.5-2B-Instruct,Qwen3.5-4B-Instruct,task2_model_series,id,248044,24000,2048,2560,248320,248320,True,True,0.37969831067112714,0.7298969216632206,27.339534759521484,0.09302037209272385,0.37969831067112714,0.7298969216632206,27.339534759521484,0.09302037209272385
Qwen2.5-7B-Instruct,Qwen2.5-14B-Instruct,task2_model_series,id,151643,24000,3584,5120,152064,152064,False,False,0.273842107085821,0.8503259303159452,87.07252502441406,0.04867493733763695,0.3532014504246559,0.7980524458326671,72.89801788330078,0.27885767817497253
Qwen3.5-0.8B-Instruct,Qwen3.5-9B-Instruct,task2_model_series,id,248044,24000,1024,4096,248320,248320,True,False,0.1384301537452981,0.9229499495753276,18.087099075317383,0.15327267348766327,0.1841187331004055,0.8661191695715021,22.713592529296875,0.15560784935951233
Qwen3-0.6B,Qwen3-8B,task2_model_series,id,151643,24000,1024,4096,151936,151936,True,False,0.13593778399683298,0.9219920308270797,18.382740020751953,0.3579009771347046,0.18955912989203183,0.8770229620800799,25.447046279907227,0.21095259487628937
Qwen3.5-2B-Instruct,Qwen3.5-9B-Instruct,task2_model_series,id,248044,24000,2048,4096,248320,248320,True,False,0.19360233818325234,0.8929229030210196,28.946990966796875,0.1567661464214325,0.2985133396397931,0.8030984157373151,38.695892333984375,0.1472715139389038
Qwen3.5-4B-Instruct,Qwen3.5-9B-Instruct,task2_model_series,id,248044,24000,2560,4096,248320,248320,True,False,0.23035643531006267,0.8723208035073755,35.532344818115234,0.16427743434906006,0.4170684816699822,0.7317888271764725,51.21511459350586,0.13701887428760529
Qwen3.5-0.8B-Instruct,Qwen3.5-27B-Instruct,task2_model_series,id,248044,24000,1024,5120,248320,248320,True,False,0.12904872373455933,0.9285843377158945,18.06786346435547,0.1564539074897766,0.1607092913873842,0.8855777922263948,21.587575912475586,0.15675866603851318
Qwen3.5-4B-Instruct,Qwen3.5-27B-Instruct,task2_model_series,id,248044,24000,2560,5120,248320,248320,True,False,0.21799297126475492,0.8799164458811625,35.719024658203125,0.16842035949230194,0.35541108958582,0.7763722980242085,47.94333267211914,0.14269962906837463
Qwen3.5-9B-Instruct,Qwen3.5-27B-Instruct,task2_model_series,id,248044,24000,4096,5120,248320,248320,False,False,0.34367187860956916,0.8061330924251137,38.63459396362305,0.055273544043302536,0.5736294385934699,0.6313781463416086,49.194236755371094,0.07231903076171875
Qwen3.5-35B-A3B-Instruct,Qwen3.5-122B-A10B-Instruct,task2_model_series,id,248044,24000,2048,3072,248320,248320,False,False,0.2854426466187918,0.8398675693828825,26.192031860351562,0.06480536609888077,0.4596728977384954,0.6899678441927484,30.273408889770508,0.14015033841133118
Qwen3-1.7B,Qwen3-32B,task2_model_series,id,151643,24000,2048,5120,151936,151936,True,False,0.21663314730876382,0.875512810010115,17.278257369995117,0.3175172805786133,0.2548094260347421,0.8519407816657347,20.840192794799805,0.19485844671726227
Qwen3.5-35B-A3B-Instruct,Qwen3.5-397B-A17B-Instruct,task2_model_series,id,248044,24000,2048,4096,248320,248320,False,False,0.27211693275656146,0.8488391816611375,28.605852127075195,0.06912936270236969,0.40401187935560634,0.75984080025778,42.069793701171875,0.12025735527276993
Qwen3.5-122B-A10B-Instruct,Qwen3.5-397B-A17B-Instruct,task2_model_series,id,248044,24000,3072,4096,248320,248320,False,False,0.424424983276804,0.7548226564292684,37.698368072509766,0.053464796394109726,0.600214001816308,0.6222998761370262,62.550777435302734,0.15350525081157684
Qwen3-8B,Qwen3-14B,task2_model_series,id,151643,24000,4096,5120,151936,151936,False,False,0.31387461547061135,0.8201703345502096,50.50204086303711,0.04769274219870567,0.45433906514427647,0.7314287946247429,39.820762634277344,0.17877426743507385
Gemma-3-1B-Instruct,Gemma-3-4B-Instruct,task2_model_series,string,262137,24000,1152,2560,262144,262208,True,True,0.26834621164699646,0.8407724041682761,18.373065948486328,0.16293302178382874,0.26834621164699646,0.8407724041682761,18.373065948486328,0.16293302178382874
Gemma-2-2B-Instruct,Gemma-2-9B-Instruct,task2_model_series,id,255993,24000,2304,3584,256000,256000,True,True,0.4319945970466982,0.6620538683827796,37.74238967895508,0.7721409797668457,0.4319945970466982,0.6620538683827796,37.74238967895508,0.7721409797668457
Qwen3-32B,Qwen3-235B-A22B,task2_model_series,id,151643,24000,5120,4096,151936,151936,False,False,0.34601811732357124,0.8072242405347557,83.49762725830078,0.04439924657344818,0.5611289254301364,0.6580280576863472,54.82027816772461,0.18511685729026794
Gemma-2-9B-Instruct,Gemma-2-27B-Instruct,task2_model_series,id,255993,24000,3584,4608,256000,256000,True,True,0.3502384788066417,0.7971224657978551,26.94585418701172,0.34124794602394104,0.3502384788066417,0.7971224657978551,26.94585418701172,0.34124794602394104
Gemma-3-1B-Instruct,Gemma-3-12B-Instruct,task2_model_series,string,262137,24000,1152,3840,262144,262208,True,True,0.23622087815468507,0.8662378889646747,16.685327529907227,0.16793419420719147,0.23622087815468507,0.8662378889646747,16.685327529907227,0.16793419420719147
Gemma-3-4B-Instruct,Gemma-3-12B-Instruct,task2_model_series,id,262137,24000,2560,3840,262208,262208,True,True,0.4092703026596497,0.761830089830135,29.08070182800293,0.13081464171409607,0.4092703026596497,0.761830089830135,29.08070182800293,0.13081464171409607
Gemma-3-1B-Instruct,Gemma-3-27B-Instruct,task2_model_series,string,262137,24000,1152,5376,262144,262208,True,True,0.20932564639615203,0.8845742050482689,17.07377052307129,0.17812195420265198,0.20932564639615203,0.8845742050482689,17.07377052307129,0.17812195420265198
Qwen3.5-2B-Instruct,Qwen3.5-27B-Instruct,task2_model_series,id,248044,24000,2048,5120,248320,248320,True,False,0.18382406534481155,0.8988976694985565,29.172163009643555,0.15755517780780792,0.26590092608722027,0.8281556506600263,37.068206787109375,0.14480017125606537
Gemma-3-4B-Instruct,Gemma-3-27B-Instruct,task2_model_series,id,262137,24000,2560,5376,262208,262208,True,True,0.36046829824425664,0.7956144842982047,29.701698303222656,0.14578887820243835,0.36046829824425664,0.7956144842982047,29.701698303222656,0.14578887820243835
Gemma-4-E2B-Instruct,Gemma-4-26B-A4B-Instruct,task2_model_series,id,262120,24000,1536,2816,262144,262144,True,True,0.301542329613518,0.7982532243774222,28.09726333618164,0.9271330237388611,0.301542329613518,0.7982532243774222,28.09726333618164,0.9271330237388611
Gemma-3-12B-Instruct,Gemma-3-27B-Instruct,task2_model_series,id,262137,24000,3840,5376,262208,262208,True,True,0.48180663415666225,0.7161591816477128,45.06389617919922,0.09228065609931946,0.48180663415666225,0.7161591816477128,45.06389617919922,0.09228065609931946
Gemma-4-E4B-Instruct,Gemma-4-26B-A4B-Instruct,task2_model_series,id,262120,24000,2560,2816,262144,262144,True,True,0.3961488949343821,0.7421899090186689,39.39296340942383,0.6349592804908752,0.3961488949343821,0.7421899090186689,39.39296340942383,0.6349592804908752
Gemma-4-E2B-Instruct,Gemma-4-31B-Instruct,task2_model_series,id,262120,24000,1536,5376,262144,262144,True,True,0.21942475908738956,0.8662096069131672,18.067874908447266,0.9435016512870789,0.21942475908738956,0.8662096069131672,18.067874908447266,0.9435016512870789
Gemma-2-2B-Instruct,Gemma-2-27B-Instruct,task2_model_series,id,255993,24000,2304,4608,256000,256000,True,True,0.24172098010324328,0.8610896950661309,20.499380111694336,0.3476457893848419,0.24172098010324328,0.8610896950661309,20.499380111694336,0.3476457893848419
MiniMax-M2.5-Chat,MiniMax-M2.7,task2_model_series,id,200000,24000,3072,3072,200064,200064,False,False,0.9928088805945303,0.08444563568938826,55.20762634277344,0.047592636197805405,0.986528606120537,0.11327740103855187,55.77104568481445,0.054131414741277695
Gemma-4-E4B-Instruct,Gemma-4-31B-Instruct,task2_model_series,id,262120,24000,2560,5376,262144,262144,True,True,0.3001954922886759,0.8201939727404923,26.52105140686035,0.7095930576324463,0.3001954922886759,0.8201939727404923,26.52105140686035,0.7095930576324463
Gemma-4-26B-A4B-Instruct,Gemma-4-31B-Instruct,task2_model_series,id,262120,24000,2816,5376,262144,262144,True,True,0.3388240189528049,0.7972224642146091,22.894729614257812,0.49223464727401733,0.3388240189528049,0.7972224642146091,22.894729614257812,0.49223464727401733
Gemma-4-E2B-Instruct,Gemma-4-E4B-Instruct,task2_model_series,id,262120,24000,1536,2560,262144,262144,True,True,0.3996877709290714,0.7269373077550702,24.167028427124023,0.7810665965080261,0.3996877709290714,0.7269373077550702,24.167028427124023,0.7810665965080261
DeepSeek-V3-Base,DeepSeek-V3.1-Base,task2_model_series,id,127998,24000,7168,7168,129280,129280,False,False,0.9999105526654907,0.009428537740179386,84.58133697509766,0.003993296530097723,0.9999594745855287,0.006346479219073734,84.66807556152344,0.11742164194583893
DeepSeek-V2-Lite,DeepSeek-V2-Lite-Chat,task2_model_series,id,100000,24000,2048,2048,102400,102400,False,False,0.9999670406780551,0.005680015456679474,45.254180908203125,0.0018600947223603725,0.9999655522552466,0.005714054694670049,45.245155334472656,0.004839347675442696
DeepSeek-V3,DeepSeek-V3.1-Base,task2_model_series,id,127998,24000,7168,7168,129280,129280,False,False,0.9999073085650138,0.009597960117143952,84.58169555664062,0.0040427991189062595,0.9999579991715616,0.006461004635530994,84.6655044555664,0.09662006050348282
DeepSeek-V3-Base,DeepSeek-V3.2-Speciale,task2_model_series,id,127998,24000,7168,7168,129280,129280,False,False,0.9997962212437752,0.014230847009206479,84.48206329345703,0.007604967337101698,0.9999166026625652,0.009105114205052096,84.67674255371094,0.10085992515087128
DeepSeek-V3-Base,DeepSeek-V3.2,task2_model_series,id,127998,24000,7168,7168,129280,129280,False,False,0.9997937095737357,0.014318585910937485,84.47929382324219,0.007302454207092524,0.9999157343920748,0.009152316239987078,84.67666625976562,0.10979039967060089
DeepSeek-V3.1-Base,DeepSeek-V3.2,task2_model_series,id,127998,24000,7168,7168,129280,129280,False,False,0.9998963614336027,0.010148699245521163,84.56295013427734,0.00446515716612339,0.9999702738845808,0.005435689617681383,84.6748275756836,0.10646366328001022
DeepSeek-V3-Base,DeepSeek-V3.1,task2_model_series,id,127998,24000,7168,7168,129280,129280,False,False,0.9999041434843855,0.009760452407586937,84.5805435180664,0.004091272130608559,0.9999544516586091,0.006728475736631427,84.66182708740234,0.12018173187971115
DeepSeek-V3.1,DeepSeek-V3.2,task2_model_series,id,127998,24000,7168,7168,129280,129280,False,False,0.9998906412211407,0.010425202151181067,84.56334686279297,0.004338476341217756,0.9999668093543327,0.005743807953055427,84.67981719970703,0.1233033537864685
DeepSeek-V3,DeepSeek-V3.2-Speciale,task2_model_series,id,127998,24000,7168,7168,129280,129280,False,False,0.9997908379814557,0.014417735036684157,84.48046875,0.007145662326365709,0.9999159870246364,0.00913824548288641,84.6756362915039,0.10119859874248505
DeepSeek-V3.1,DeepSeek-V3.2-Speciale,task2_model_series,id,127998,24000,7168,7168,129280,129280,False,False,0.9998881335413828,0.010544311466784046,84.56331634521484,0.004410766996443272,0.9999647541740162,0.005919165651258635,84.67845916748047,0.13801902532577515
DeepSeek-V3.2,DeepSeek-V3.2-Speciale,task2_model_series,id,127998,24000,7168,7168,129280,129280,False,False,0.9999946988134958,0.0022952974267777056,84.6644287109375,0.0006471718661487103,0.9999959853620964,0.0019976311741098525,84.66339111328125,0.03003162331879139
GLM-5-744B,GLM-5.1,task2_model_series,id,154820,24000,6144,6144,154880,154880,False,False,0.9958327336989434,0.06445727365709032,78.07360076904297,0.0016634552739560604,0.9988160013311662,0.03368226672520533,78.01347351074219,0.021660728380084038
DeepSeek-V3,DeepSeek-V3.1,task2_model_series,id,127998,24000,7168,7168,129280,129280,False,False,0.9999009877428678,0.009919769425865196,84.58088684082031,0.004320136737078428,0.9999541969730588,0.006747291234818674,84.66021728515625,0.10382939130067825
DeepSeek-V3.1-Base,DeepSeek-V3.2-Speciale,task2_model_series,id,127998,24000,7168,7168,129280,129280,False,False,0.9998969191586468,0.010121328775274788,84.56438446044922,0.004352604039013386,0.9999701298646442,0.005449177525053123,84.67425537109375,0.10211181640625
DeepSeek-V3,DeepSeek-V3.2,task2_model_series,id,127998,24000,7168,7168,129280,129280,False,False,0.9997921661544986,0.014371923776163935,84.48209381103516,0.00751783512532711,0.9999163333626573,0.009119351944289138,84.676025390625,0.0962810218334198
DeepSeek-R1-Distill-Qwen-1.5B,DeepSeek-R1-Distill-Qwen-7B,task2_model_series,string,151643,24000,1536,3584,151936,152064,False,False,0.18664523888784046,0.8993861649322249,19.18657684326172,0.3158607482910156,0.19903351809794922,0.8143381437179587,18.731788635253906,0.4181962013244629
DeepSeek-R1-Distill-Qwen-1.5B,DeepSeek-R1-Distill-Qwen-14B,task2_model_series,string,151643,24000,1536,5120,151936,152064,False,False,0.14638854212964603,0.9218723544446256,18.503055572509766,0.2882536053657532,0.14515093201386342,0.9138581686743258,21.073644638061523,0.21184003353118896
DeepSeek-R1-Distill-Qwen-7B,DeepSeek-R1-Distill-Qwen-14B,task2_model_series,id,151643,24000,3584,5120,152064,152064,False,False,0.25133178777308407,0.8633666384037134,71.92372131347656,0.06302706897258759,0.27165121902282796,0.843456274296361,45.87763977050781,0.38581058382987976
DeepSeek-R1-Distill-Qwen-1.5B,DeepSeek-R1-Distill-Qwen-32B,task2_model_series,string,151643,24000,1536,5120,151936,152064,False,False,0.1560669030413009,0.9172523666079899,20.200180053710938,0.30510374903678894,0.14400813941243484,0.9132446691146768,21.682100296020508,0.22289100289344788
Qwen3-0.6B,Qwen2.5-3B-Instruct,task3_cross_scale_groups,id,151643,24000,1024,2048,151936,151936,True,True,0.26444671320339097,0.8256459020683349,19.21799087524414,0.15414173901081085,0.26444671320339097,0.8256459020683349,19.21799087524414,0.15414173901081085
DeepSeek-R1-Distill-Qwen-7B,DeepSeek-R1-Distill-Qwen-32B,task2_model_series,id,151643,24000,3584,5120,152064,152064,False,False,0.26582745045235,0.8555346225410967,76.02791595458984,0.054470960050821304,0.27498422239269393,0.8403413411924963,47.88260269165039,0.40015721321105957
DeepSeek-R1-Distill-Qwen-14B,DeepSeek-R1-Distill-Qwen-32B,task2_model_series,id,151643,24000,5120,5120,152064,152064,False,False,0.5029801244600787,0.7039316975815914,101.91129302978516,0.02668231725692749,0.6647777296747988,0.5715238913417204,61.661739349365234,0.06598003208637238
Qwen3-0.6B,Qwen2.5-1.5B-Instruct,task3_cross_scale_groups,id,151643,24000,1024,1536,151936,151936,True,True,0.30160237597116646,0.7917540993255067,18.645370483398438,0.15213434398174286,0.30160237597116646,0.7917540993255067,18.645370483398438,0.15213434398174286
Qwen3-0.6B,Llama-3.2-1B-Instruct,task3_cross_scale_groups,string,109566,24000,1024,2048,151936,128256,True,True,0.26099714782883787,0.8042786576560809,15.7236967086792,0.1746446043252945,0.26099714782883787,0.8042786576560809,15.7236967086792,0.1746446043252945
Qwen3-0.6B,Gemma-3-1B-Instruct,task3_cross_scale_groups,string,24519,24000,1024,1152,151936,262144,True,True,0.30731804304109267,0.8058236512442702,16.45766830444336,0.28275036811828613,0.30731804304109267,0.8058236512442702,16.45766830444336,0.28275036811828613
Qwen3-0.6B,Llama-3.2-3B-Instruct,task3_cross_scale_groups,string,109566,24000,1024,3072,151936,128256,True,True,0.21190657192995543,0.8259104028515166,16.618610382080078,0.22297319769859314,0.21190657192995543,0.8259104028515166,16.618610382080078,0.22297319769859314
Qwen3-0.6B,Gemma-2-2B-Instruct,task3_cross_scale_groups,string,25138,24000,1024,2304,151936,256000,True,True,0.2664270872384209,0.8096170803462018,27.28993797302246,0.71827232837677,0.2664270872384209,0.8096170803462018,27.28993797302246,0.71827232837677
Qwen3-0.6B,Qwen3.5-0.8B-Instruct,task3_cross_scale_groups,string,131586,24000,1024,1024,151936,248320,True,True,0.3816754968181042,0.7223742081779895,12.269323348999023,0.1197340115904808,0.3816754968181042,0.7223742081779895,12.269323348999023,0.1197340115904808
DeepSeek-V4-Flash,DeepSeek-V4-Pro,task2_model_series,id,127998,24000,4096,7168,129280,129280,False,False,0.5253604854668048,0.6778766054622211,46.550662994384766,1.5566248893737793,0.5461770734238272,0.6700530012955349,41.59577178955078,1.1254539489746094
Qwen3-0.6B,Gemma-4-E4B-Instruct,task3_cross_scale_groups,string,24519,24000,1024,2560,151936,262144,True,True,0.2904424232883521,0.7859995301004076,20.306602478027344,0.5045958757400513,0.2904424232883521,0.7859995301004076,20.306602478027344,0.5045958757400513
DeepSeek-R1,DeepSeek-R1-0528,task2_model_series,id,127998,24000,7168,7168,129280,129280,False,False,0.999990662455649,0.0030463612685062377,84.66323852539062,0.0008884711423888803,0.9999948469828561,0.002263014734277365,84.66287994384766,0.09895756840705872
Qwen3-0.6B,Qwen3.5-2B-Instruct,task3_cross_scale_groups,string,131586,24000,1024,2048,151936,248320,True,True,0.26445333723982134,0.7940405002549819,11.13077449798584,0.11635574698448181,0.26445333723982134,0.7940405002549819,11.13077449798584,0.11635574698448181
Qwen3-0.6B,Qwen2.5-0.5B-Instruct,task3_cross_scale_groups,id,151643,24000,1024,896,151936,151936,True,True,0.33112746298782103,0.7519584080748014,8.457194328308105,0.09627372026443481,0.33112746298782103,0.7519584080748014,8.457194328308105,0.09627372026443481
Qwen3-1.7B,Qwen2.5-0.5B-Instruct,task3_cross_scale_groups,id,151643,24000,2048,896,151936,151936,True,True,0.400396033525407,0.71244373610422,7.4679646492004395,0.10045163333415985,0.400396033525407,0.71244373610422,7.4679646492004395,0.10045163333415985
Qwen3-1.7B,Qwen2.5-1.5B-Instruct,task3_cross_scale_groups,id,151643,24000,2048,1536,151936,151936,True,True,0.42321828140190654,0.719530488833899,17.89586067199707,0.1794653683900833,0.42321828140190654,0.719530488833899,17.89586067199707,0.1794653683900833
Qwen3-0.6B,Qwen3.5-4B-Instruct,task3_cross_scale_groups,string,131586,24000,1024,2560,151936,248320,True,True,0.23237005832519153,0.8296101199449454,10.508073806762695,0.11647120118141174,0.23237005832519153,0.8296101199449454,10.508073806762695,0.11647120118141174
Qwen3-0.6B,Gemma-4-E2B-Instruct,task3_cross_scale_groups,string,24519,24000,1024,1536,151936,262144,True,True,0.3089283989284938,0.769724506850165,20.787166595458984,0.48475223779678345,0.3089283989284938,0.769724506850165,20.787166595458984,0.48475223779678345
Qwen3-1.7B,Llama-3.2-3B-Instruct,task3_cross_scale_groups,string,109566,24000,2048,3072,151936,128256,True,True,0.3315405733029093,0.7604593491855279,17.000816345214844,0.2739686071872711,0.3315405733029093,0.7604593491855279,17.000816345214844,0.2739686071872711
Qwen3-1.7B,Gemma-2-2B-Instruct,task3_cross_scale_groups,string,25138,24000,2048,2304,151936,256000,True,True,0.36386570564778586,0.7540031162604749,26.429241180419922,0.5665273070335388,0.36386570564778586,0.7540031162604749,26.429241180419922,0.5665273070335388
Qwen3-1.7B,Gemma-3-1B-Instruct,task3_cross_scale_groups,string,24519,24000,2048,1152,151936,262144,True,True,0.40154599807638325,0.7489846423699622,15.252336502075195,0.27520063519477844,0.40154599807638325,0.7489846423699622,15.252336502075195,0.27520063519477844
Qwen3-1.7B,Gemma-4-E2B-Instruct,task3_cross_scale_groups,string,24519,24000,2048,1536,151936,262144,True,True,0.4173298381668481,0.7067448294883694,19.517189025878906,0.5020126700401306,0.4173298381668481,0.7067448294883694,19.517189025878906,0.5020126700401306
Qwen3-1.7B,Llama-3.2-1B-Instruct,task3_cross_scale_groups,string,109566,24000,2048,2048,151936,128256,True,True,0.3769009098278022,0.7387522897294885,15.320319175720215,0.21648024022579193,0.3769009098278022,0.7387522897294885,15.320319175720215,0.21648024022579193
Qwen3-1.7B,Gemma-4-E4B-Instruct,task3_cross_scale_groups,string,24519,24000,2048,2560,151936,262144,True,True,0.39466677985116627,0.7260107146048904,19.21870994567871,0.5005589127540588,0.39466677985116627,0.7260107146048904,19.21870994567871,0.5005589127540588
Qwen3-1.7B,Qwen3.5-4B-Instruct,task3_cross_scale_groups,string,131586,24000,2048,2560,151936,248320,True,True,0.35470156428341015,0.7608363207140721,10.533203125,0.11240720748901367,0.35470156428341015,0.7608363207140721,10.533203125,0.11240720748901367
Qwen3-1.7B,Gemma-3-4B-Instruct,task3_cross_scale_groups,string,24519,24000,2048,2560,151936,262208,True,True,0.39540664888879207,0.7637345202552317,16.247432708740234,0.2698524296283722,0.39540664888879207,0.7637345202552317,16.247432708740234,0.2698524296283722
Qwen3-1.7B,Qwen3.5-2B-Instruct,task3_cross_scale_groups,string,131586,24000,2048,2048,151936,248320,True,True,0.37949919431595824,0.7293509101851544,10.772140502929688,0.12055303156375885,0.37949919431595824,0.7293509101851544,10.772140502929688,0.12055303156375885
Qwen3-4B,Qwen2.5-0.5B-Instruct,task3_cross_scale_groups,id,151643,24000,2560,896,151936,151936,True,True,0.42370134479890353,0.6986146885722042,12.241551399230957,0.08597633242607117,0.42370134479890353,0.6986146885722042,12.241551399230957,0.08597633242607117
Qwen3-4B,Qwen2.5-1.5B-Instruct,task3_cross_scale_groups,id,151643,24000,2560,1536,151936,151936,True,True,0.45525444550149263,0.6994930826457654,29.684011459350586,0.16609741747379303,0.45525444550149263,0.6994930826457654,29.684011459350586,0.16609741747379303
Qwen3-4B,Qwen2.5-3B-Instruct,task3_cross_scale_groups,id,151643,24000,2560,2048,151936,151936,True,True,0.4429592470816105,0.7182509217169946,32.383888244628906,0.17587949335575104,0.4429592470816105,0.7182509217169946,32.383888244628906,0.17587949335575104
Qwen3-4B,Llama-3.2-1B-Instruct,task3_cross_scale_groups,string,109566,24000,2560,2048,151936,128256,True,True,0.4227392546131309,0.7107793294784819,25.93655014038086,0.19772715866565704,0.4227392546131309,0.7107793294784819,25.93655014038086,0.19772715866565704
Qwen3-4B,Llama-3.2-3B-Instruct,task3_cross_scale_groups,string,109566,24000,2560,3072,151936,128256,True,True,0.39036464004374527,0.7263771303450898,29.52294921875,0.2264503687620163,0.39036464004374527,0.7263771303450898,29.52294921875,0.2264503687620163
DeepSeek-R1-Distill-Llama-8B,DeepSeek-R1-Distill-Llama-70B,task2_model_series,id,128000,24000,4096,8192,128256,128256,False,False,0.31398015742221874,0.8246352737075355,42.53099822998047,0.06642336398363113,0.3508270754135514,0.7987702767417174,43.41349792480469,0.0545329712331295
Qwen3-4B,Gemma-3-1B-Instruct,task3_cross_scale_groups,string,24519,24000,2560,1152,151936,262144,True,True,0.43453327375081785,0.7280615667418756,25.740516662597656,0.271900475025177,0.43453327375081785,0.7280615667418756,25.740516662597656,0.271900475025177
Qwen3-4B,Gemma-4-E2B-Instruct,task3_cross_scale_groups,string,24519,24000,2560,1536,151936,262144,True,True,0.4611568983040908,0.6796776342633323,33.23548889160156,0.49389374256134033,0.4611568983040908,0.6796776342633323,33.23548889160156,0.49389374256134033
Qwen3-0.6B,Gemma-3-4B-Instruct,task3_cross_scale_groups,string,24519,24000,1024,2560,151936,262208,True,True,0.28153663041527033,0.8325542322749357,16.905933380126953,0.28881821036338806,0.28153663041527033,0.8325542322749357,16.905933380126953,0.28881821036338806
Qwen3-4B,Gemma-3-4B-Instruct,task3_cross_scale_groups,string,24519,24000,2560,2560,151936,262208,True,True,0.4431847183826142,0.7329350542397859,27.945419311523438,0.28291329741477966,0.4431847183826142,0.7329350542397859,27.945419311523438,0.28291329741477966
Qwen3-4B,Qwen3.5-0.8B-Instruct,task3_cross_scale_groups,string,131586,24000,2560,1024,151936,248320,True,True,0.4828422494241855,0.6610960093185874,17.531618118286133,0.1337539255619049,0.4828422494241855,0.6610960093185874,17.531618118286133,0.1337539255619049
Qwen3-4B,Qwen3.5-2B-Instruct,task3_cross_scale_groups,string,131586,24000,2560,2048,151936,248320,True,True,0.4180977356592226,0.7065591488751999,18.097749710083008,0.1281813085079193,0.4180977356592226,0.7065591488751999,18.097749710083008,0.1281813085079193
Qwen3-4B,Gemma-4-E4B-Instruct,task3_cross_scale_groups,string,24519,24000,2560,2560,151936,262144,True,True,0.44085494413311277,0.6977360852069444,33.077049255371094,0.49675431847572327,0.44085494413311277,0.6977360852069444,33.077049255371094,0.49675431847572327
Qwen3-1.7B,Qwen2.5-3B-Instruct,task3_cross_scale_groups,id,151643,24000,2048,2048,151936,151936,True,True,0.3970393852747305,0.7472158841233105,19.16874122619629,0.16976043581962585,0.3970393852747305,0.7472158841233105,19.16874122619629,0.16976043581962585
Qwen3-4B,Qwen3.5-4B-Instruct,task3_cross_scale_groups,string,131586,24000,2560,2560,151936,248320,True,True,0.40860097975508336,0.7282311756654731,18.100126266479492,0.13657724857330322,0.40860097975508336,0.7282311756654731,18.100126266479492,0.13657724857330322
Qwen2.5-0.5B-Instruct,Llama-3.2-3B-Instruct,task3_cross_scale_groups,string,109566,24000,896,3072,151936,128256,True,True,0.1852560376187885,0.8393969281706203,34.57422637939453,0.3142096698284149,0.1852560376187885,0.8393969281706203,34.57422637939453,0.3142096698284149
Qwen2.5-0.5B-Instruct,Gemma-3-1B-Instruct,task3_cross_scale_groups,string,24519,24000,896,1152,151936,262144,True,True,0.28303271307575417,0.8198085294568054,36.79984664916992,0.30474838614463806,0.28303271307575417,0.8198085294568054,36.79984664916992,0.30474838614463806
Qwen2.5-0.5B-Instruct,Gemma-2-2B-Instruct,task3_cross_scale_groups,string,25138,24000,896,2304,151936,256000,True,True,0.24221702705011905,0.8228923934310286,60.6931266784668,0.5766058564186096,0.24221702705011905,0.8228923934310286,60.6931266784668,0.5766058564186096
Qwen2.5-0.5B-Instruct,Gemma-4-E4B-Instruct,task3_cross_scale_groups,string,24519,24000,896,2560,151936,262144,True,True,0.26087488034986994,0.8022360433822158,46.99252700805664,0.5158968567848206,0.26087488034986994,0.8022360433822158,46.99252700805664,0.5158968567848206
Qwen2.5-0.5B-Instruct,Qwen3.5-4B-Instruct,task3_cross_scale_groups,string,131586,24000,896,2560,151936,248320,True,True,0.20144103878578346,0.8462594892505176,21.644399642944336,0.1147199347615242,0.20144103878578346,0.8462594892505176,21.644399642944336,0.1147199347615242
Qwen2.5-0.5B-Instruct,Gemma-4-E2B-Instruct,task3_cross_scale_groups,string,24519,24000,896,1536,151936,262144,True,True,0.27430398222655383,0.7887928422132715,46.25492858886719,0.5241235494613647,0.27430398222655383,0.7887928422132715,46.25492858886719,0.5241235494613647
Qwen2.5-0.5B-Instruct,Qwen3.5-0.8B-Instruct,task3_cross_scale_groups,string,131586,24000,896,1024,151936,248320,True,True,0.32853452145945183,0.753088295284134,25.89373207092285,0.13441507518291473,0.32853452145945183,0.753088295284134,25.89373207092285,0.13441507518291473
Qwen3-1.7B,Qwen3.5-0.8B-Instruct,task3_cross_scale_groups,string,131586,24000,2048,1024,151936,248320,True,True,0.4618828134386753,0.6739667993378547,10.619950294494629,0.12018061429262161,0.4618828134386753,0.6739667993378547,10.619950294494629,0.12018061429262161
Qwen2.5-0.5B-Instruct,Gemma-3-4B-Instruct,task3_cross_scale_groups,string,24519,24000,896,2560,151936,262208,True,True,0.2512844499375896,0.8499088039474029,38.33598327636719,0.28382769227027893,0.2512844499375896,0.8499088039474029,38.33598327636719,0.28382769227027893
Qwen2.5-1.5B-Instruct,Llama-3.2-1B-Instruct,task3_cross_scale_groups,string,109566,24000,1536,2048,151936,128256,True,True,0.3373286009994355,0.7618835337364495,20.723691940307617,0.28958678245544434,0.3373286009994355,0.7618835337364495,20.723691940307617,0.28958678245544434
Qwen2.5-1.5B-Instruct,Llama-3.2-3B-Instruct,task3_cross_scale_groups,string,109566,24000,1536,3072,151936,128256,True,True,0.28529464407921756,0.7864347229821241,22.431499481201172,0.3476252257823944,0.28529464407921756,0.7864347229821241,22.431499481201172,0.3476252257823944
Qwen2.5-1.5B-Instruct,Gemma-3-1B-Instruct,task3_cross_scale_groups,string,24519,24000,1536,1152,151936,262144,True,True,0.3706539738519332,0.7680627532870717,21.471837997436523,0.30677729845046997,0.3706539738519332,0.7680627532870717,21.471837997436523,0.30677729845046997
Qwen2.5-1.5B-Instruct,Gemma-4-E2B-Instruct,task3_cross_scale_groups,string,24519,24000,1536,1536,151936,262144,True,True,0.37343866677989,0.7329187396240214,27.193466186523438,0.5099727511405945,0.37343866677989,0.7329187396240214,27.193466186523438,0.5099727511405945
Qwen2.5-1.5B-Instruct,Gemma-3-4B-Instruct,task3_cross_scale_groups,string,24519,24000,1536,2560,151936,262208,True,True,0.350551912927211,0.7915608236154991,22.669382095336914,0.2710527777671814,0.350551912927211,0.7915608236154991,22.669382095336914,0.2710527777671814
Qwen2.5-1.5B-Instruct,Qwen3.5-0.8B-Instruct,task3_cross_scale_groups,string,131586,24000,1536,1024,151936,248320,True,True,0.4159117710573389,0.7025951286446109,14.725265502929688,0.15746936202049255,0.4159117710573389,0.7025951286446109,14.725265502929688,0.15746936202049255
Qwen2.5-1.5B-Instruct,Gemma-2-2B-Instruct,task3_cross_scale_groups,string,25138,24000,1536,2304,151936,256000,True,True,0.3272330541816284,0.7754037873429388,36.396141052246094,0.5547016859054565,0.3272330541816284,0.7754037873429388,36.396141052246094,0.5547016859054565
Qwen3-4B,Gemma-2-2B-Instruct,task3_cross_scale_groups,string,25138,24000,2560,2304,151936,256000,True,True,0.40393954485987216,0.7298221882865444,45.01912307739258,0.6512646675109863,0.40393954485987216,0.7298221882865444,45.01912307739258,0.6512646675109863
Qwen2.5-1.5B-Instruct,Qwen3.5-2B-Instruct,task3_cross_scale_groups,string,131586,24000,1536,2048,151936,248320,True,True,0.3246484850429362,0.760446989709476,14.213292121887207,0.13822995126247406,0.3246484850429362,0.760446989709476,14.213292121887207,0.13822995126247406
Qwen2.5-1.5B-Instruct,Qwen3.5-4B-Instruct,task3_cross_scale_groups,string,131586,24000,1536,2560,151936,248320,True,True,0.2998105611347761,0.7923010241221616,13.792146682739258,0.12593546509742737,0.2998105611347761,0.7923010241221616,13.792146682739258,0.12593546509742737
Qwen2.5-3B-Instruct,Gemma-2-2B-Instruct,task3_cross_scale_groups,string,25138,24000,2048,2304,151936,256000,True,True,0.37182192628412036,0.7492170629359964,39.744449615478516,0.5266749858856201,0.37182192628412036,0.7492170629359964,39.744449615478516,0.5266749858856201
Qwen2.5-0.5B-Instruct,Llama-3.2-1B-Instruct,task3_cross_scale_groups,string,109566,24000,896,2048,151936,128256,True,True,0.22937009753405302,0.8214297558086373,33.0202522277832,0.25391238927841187,0.22937009753405302,0.8214297558086373,33.0202522277832,0.25391238927841187
Qwen2.5-3B-Instruct,Llama-3.2-1B-Instruct,task3_cross_scale_groups,string,109566,24000,2048,2048,151936,128256,True,True,0.3903342637572548,0.73062332821113,22.794071197509766,0.2419842779636383,0.3903342637572548,0.73062332821113,22.794071197509766,0.2419842779636383
Qwen2.5-3B-Instruct,Llama-3.2-3B-Instruct,task3_cross_scale_groups,string,109566,24000,2048,3072,151936,128256,True,True,0.3447035246049812,0.7531959345371022,25.311113357543945,0.294778436422348,0.3447035246049812,0.7531959345371022,25.311113357543945,0.294778436422348
Qwen2.5-3B-Instruct,Gemma-3-1B-Instruct,task3_cross_scale_groups,string,24519,24000,2048,1152,151936,262144,True,True,0.40974167030331066,0.7438560201031723,22.95403480529785,0.27864402532577515,0.40974167030331066,0.7438560201031723,22.95403480529785,0.27864402532577515
Qwen2.5-3B-Instruct,Gemma-4-E2B-Instruct,task3_cross_scale_groups,string,24519,24000,2048,1536,151936,262144,True,True,0.4220807586964892,0.703893020877951,29.390722274780273,0.48599058389663696,0.4220807586964892,0.703893020877951,29.390722274780273,0.48599058389663696
Qwen2.5-3B-Instruct,Qwen3.5-0.8B-Instruct,task3_cross_scale_groups,string,131586,24000,2048,1024,151936,248320,True,True,0.44890873461617953,0.68266997007152,15.438225746154785,0.13108646869659424,0.44890873461617953,0.68266997007152,15.438225746154785,0.13108646869659424
Qwen2.5-3B-Instruct,Qwen3.5-4B-Instruct,task3_cross_scale_groups,string,131586,24000,2048,2560,151936,248320,True,True,0.3533458902484091,0.7613352253791297,15.31301498413086,0.10490784794092178,0.3533458902484091,0.7613352253791297,15.31301498413086,0.10490784794092178
Qwen2.5-0.5B-Instruct,Qwen3.5-2B-Instruct,task3_cross_scale_groups,string,131586,24000,896,2048,151936,248320,True,True,0.22870921626883967,0.8132157568700306,22.858173370361328,0.12559720873832703,0.22870921626883967,0.8132157568700306,22.858173370361328,0.12559720873832703
Llama-3.2-1B-Instruct,Gemma-3-1B-Instruct,task3_cross_scale_groups,string,25036,24000,2048,1152,128256,262144,True,True,0.4132528706939105,0.7416573970174676,27.05944061279297,0.3271926939487457,0.4132528706939105,0.7416573970174676,27.05944061279297,0.3271926939487457
Qwen2.5-3B-Instruct,Gemma-4-E4B-Instruct,task3_cross_scale_groups,string,24519,24000,2048,2560,151936,262144,True,True,0.3991280264546996,0.7232998024486336,29.09083366394043,0.4617293179035187,0.3991280264546996,0.7232998024486336,29.09083366394043,0.4617293179035187
Qwen2.5-3B-Instruct,Qwen3.5-2B-Instruct,task3_cross_scale_groups,string,131586,24000,2048,2048,151936,248320,True,True,0.3734679066412956,0.7329538667571505,15.597678184509277,0.11596120893955231,0.3734679066412956,0.7329538667571505,15.597678184509277,0.11596120893955231
Llama-3.2-1B-Instruct,Gemma-2-2B-Instruct,task3_cross_scale_groups,string,25632,24000,2048,2304,128256,256000,True,True,0.367477405452205,0.7515848176159614,45.905921936035156,0.7132498621940613,0.367477405452205,0.7515848176159614,45.905921936035156,0.7132498621940613
Qwen2.5-1.5B-Instruct,Gemma-4-E4B-Instruct,task3_cross_scale_groups,string,24519,24000,1536,2560,151936,262144,True,True,0.3498341572730379,0.7524408613821196,26.999343872070312,0.4819129407405853,0.3498341572730379,0.7524408613821196,26.999343872070312,0.4819129407405853
Llama-3.2-1B-Instruct,Gemma-4-E2B-Instruct,task3_cross_scale_groups,string,25036,24000,2048,1536,128256,262144,True,True,0.4108713076737519,0.7105393871840896,34.19624710083008,0.4675106406211853,0.4108713076737519,0.7105393871840896,34.19624710083008,0.4675106406211853
Llama-3.2-1B-Instruct,Gemma-4-E4B-Instruct,task3_cross_scale_groups,string,25036,24000,2048,2560,128256,262144,True,True,0.38735488666895157,0.7304041024840829,33.43806076049805,0.48699477314949036,0.38735488666895157,0.7304041024840829,33.43806076049805,0.48699477314949036
Llama-3.2-1B-Instruct,Qwen3.5-0.8B-Instruct,task3_cross_scale_groups,string,115771,24000,2048,1024,128256,248320,True,True,0.44929012310849026,0.6808585564281778,18.830110549926758,0.15100687742233276,0.44929012310849026,0.6808585564281778,18.830110549926758,0.15100687742233276
Llama-3.2-1B-Instruct,Qwen3.5-2B-Instruct,task3_cross_scale_groups,string,115771,24000,2048,2048,128256,248320,True,True,0.37121073944368943,0.7333607169172276,18.938861846923828,0.14538390934467316,0.37121073944368943,0.7333607169172276,18.938861846923828,0.14538390934467316
Llama-3.2-1B-Instruct,Qwen3.5-4B-Instruct,task3_cross_scale_groups,string,115771,24000,2048,2560,128256,248320,True,True,0.3525951251270305,0.7605269262880908,18.57398796081543,0.1531246304512024,0.3525951251270305,0.7605269262880908,18.57398796081543,0.1531246304512024
Llama-3.2-3B-Instruct,Qwen3.5-0.8B-Instruct,task3_cross_scale_groups,string,115771,24000,3072,1024,128256,248320,True,True,0.49523903535790603,0.6521930986125792,20.680505752563477,0.1410852074623108,0.49523903535790603,0.6521930986125792,20.680505752563477,0.1410852074623108
Llama-3.2-3B-Instruct,Gemma-4-E4B-Instruct,task3_cross_scale_groups,string,25036,24000,3072,2560,128256,262144,True,True,0.4633670352180297,0.6836033135695364,39.113494873046875,0.4905480444431305,0.4633670352180297,0.6836033135695364,39.113494873046875,0.4905480444431305
Llama-3.2-3B-Instruct,Gemma-4-E2B-Instruct,task3_cross_scale_groups,string,25036,24000,3072,1536,128256,262144,True,True,0.48041112296485033,0.6672623150040994,39.32191467285156,0.4659021198749542,0.48041112296485033,0.6672623150040994,39.32191467285156,0.4659021198749542
Llama-3.2-3B-Instruct,Qwen3.5-2B-Instruct,task3_cross_scale_groups,string,115771,24000,3072,2048,128256,248320,True,True,0.4371124297389408,0.6937153929771859,21.647857666015625,0.151523157954216,0.4371124297389408,0.6937153929771859,21.647857666015625,0.151523157954216
Llama-3.2-3B-Instruct,Gemma-3-1B-Instruct,task3_cross_scale_groups,string,25036,24000,3072,1152,128256,262144,True,True,0.46690378558778234,0.7069358252331679,30.62744140625,0.2998203933238983,0.46690378558778234,0.7069358252331679,30.62744140625,0.2998203933238983
Llama-3.2-3B-Instruct,Qwen3.5-4B-Instruct,task3_cross_scale_groups,string,115771,24000,3072,2560,128256,248320,True,True,0.43676012067020387,0.7094181386099274,21.760793685913086,0.1669643372297287,0.43676012067020387,0.7094181386099274,21.760793685913086,0.1669643372297287
Qwen2.5-3B-Instruct,Gemma-3-4B-Instruct,task3_cross_scale_groups,string,24519,24000,2048,2560,151936,262208,True,True,0.40375842034491105,0.7584399423597723,24.648754119873047,0.24621349573135376,0.40375842034491105,0.7584399423597723,24.648754119873047,0.24621349573135376
Llama-3.2-3B-Instruct,Gemma-2-2B-Instruct,task3_cross_scale_groups,string,25632,24000,3072,2304,128256,256000,True,True,0.4369566419979469,0.7090455532233604,53.9501953125,0.779955267906189,0.4369566419979469,0.7090455532233604,53.9501953125,0.779955267906189
Gemma-2-2B-Instruct,Gemma-3-4B-Instruct,task3_cross_scale_groups,string,180863,24000,2304,2560,256000,262208,True,True,0.37304453037164864,0.7792571327217962,25.376924514770508,0.5548495650291443,0.37304453037164864,0.7792571327217962,25.376924514770508,0.5548495650291443
Gemma-2-2B-Instruct,Gemma-4-E4B-Instruct,task3_cross_scale_groups,string,180863,24000,2304,2560,256000,262144,True,True,0.3711015798095936,0.7455254682151935,33.44883346557617,0.7477438449859619,0.3711015798095936,0.7455254682151935,33.44883346557617,0.7477438449859619
Gemma-3-1B-Instruct,Gemma-4-E2B-Instruct,task3_cross_scale_groups,id,262137,24000,1152,1536,262144,262144,True,True,0.2966735021643805,0.7726290758214135,21.636823654174805,0.4849052429199219,0.2966735021643805,0.7726290758214135,21.636823654174805,0.4849052429199219
Gemma-2-2B-Instruct,Gemma-3-1B-Instruct,task3_cross_scale_groups,string,180863,24000,2304,1152,256000,262144,True,True,0.4062979705884392,0.7386760530659293,23.026126861572266,0.6246324181556702,0.4062979705884392,0.7386760530659293,23.026126861572266,0.6246324181556702
Gemma-2-2B-Instruct,Qwen3.5-2B-Instruct,task3_cross_scale_groups,string,31331,24000,2304,2048,256000,248320,True,True,0.3576564317336558,0.7343234769409783,15.7424898147583,0.386123925447464,0.3576564317336558,0.7343234769409783,15.7424898147583,0.386123925447464
Gemma-2-2B-Instruct,Qwen3.5-4B-Instruct,task3_cross_scale_groups,string,31331,24000,2304,2560,256000,248320,True,True,0.3444884324097709,0.7565527999640741,15.4395170211792,0.36248716711997986,0.3444884324097709,0.7565527999640741,15.4395170211792,0.36248716711997986
Llama-3.2-1B-Instruct,Gemma-3-4B-Instruct,task3_cross_scale_groups,string,25036,24000,2048,2560,128256,262208,True,True,0.39311552151695206,0.7652344784416433,28.531471252441406,0.31214380264282227,0.39311552151695206,0.7652344784416433,28.531471252441406,0.31214380264282227
Gemma-3-1B-Instruct,Gemma-4-E4B-Instruct,task3_cross_scale_groups,id,262137,24000,1152,2560,262144,262144,True,True,0.27191782237458273,0.80061782448067,21.671627044677734,0.452426940202713,0.27191782237458273,0.80061782448067,21.671627044677734,0.452426940202713
Gemma-2-2B-Instruct,Qwen3.5-0.8B-Instruct,task3_cross_scale_groups,string,31331,24000,2304,1024,256000,248320,True,True,0.42117520046206935,0.6894658429692551,15.811683654785156,0.4203486442565918,0.42117520046206935,0.6894658429692551,15.811683654785156,0.4203486442565918
Gemma-3-1B-Instruct,Qwen3.5-4B-Instruct,task3_cross_scale_groups,string,29832,24000,1152,2560,262144,248320,True,True,0.24942189051775987,0.8130004303302122,12.259931564331055,0.19512253999710083,0.24942189051775987,0.8130004303302122,12.259931564331055,0.19512253999710083
Gemma-3-1B-Instruct,Qwen3.5-0.8B-Instruct,task3_cross_scale_groups,string,29832,24000,1152,1024,262144,248320,True,True,0.35236774506381574,0.7324925720035395,13.03870677947998,0.20922455191612244,0.35236774506381574,0.7324925720035395,13.03870677947998,0.20922455191612244
Gemma-3-4B-Instruct,Gemma-4-E4B-Instruct,task3_cross_scale_groups,string,262120,24000,2560,2560,262208,262144,True,True,0.42852560543503493,0.7093482808256162,35.18395233154297,0.40493065118789673,0.42852560543503493,0.7093482808256162,35.18395233154297,0.40493065118789673
Llama-3.2-3B-Instruct,Gemma-3-4B-Instruct,task3_cross_scale_groups,string,25036,24000,3072,2560,128256,262208,True,True,0.47335070279082714,0.7128581970715407,33.35490798950195,0.30217245221138,0.47335070279082714,0.7128581970715407,33.35490798950195,0.30217245221138
Gemma-3-4B-Instruct,Qwen3.5-0.8B-Instruct,task3_cross_scale_groups,string,29832,24000,2560,1024,262208,248320,True,True,0.4736861296537501,0.6604926290158356,19.363872528076172,0.2326657921075821,0.4736861296537501,0.6604926290158356,19.363872528076172,0.2326657921075821
Gemma-3-4B-Instruct,Qwen3.5-4B-Instruct,task3_cross_scale_groups,string,29832,24000,2560,2560,262208,248320,True,True,0.40601680018849273,0.7234339575574008,20.757394790649414,0.21728511154651642,0.40601680018849273,0.7234339575574008,20.757394790649414,0.21728511154651642
Gemma-3-4B-Instruct,Gemma-4-E2B-Instruct,task3_cross_scale_groups,string,262120,24000,2560,1536,262208,262144,True,True,0.44606487271650985,0.6858439640782298,35.33872604370117,0.4411582946777344,0.44606487271650985,0.6858439640782298,35.33872604370117,0.4411582946777344
Gemma-3-4B-Instruct,Qwen3.5-2B-Instruct,task3_cross_scale_groups,string,29832,24000,2560,2048,262208,248320,True,True,0.41111658614632607,0.70656712248059,20.6560001373291,0.2367311269044876,0.41111658614632607,0.70656712248059,20.6560001373291,0.2367311269044876
Gemma-4-E2B-Instruct,Qwen3.5-4B-Instruct,task3_cross_scale_groups,string,29832,24000,1536,2560,262144,248320,True,True,0.3132750248787538,0.777735325605753,12.300085067749023,0.4485749900341034,0.3132750248787538,0.777735325605753,12.300085067749023,0.4485749900341034
Gemma-4-E2B-Instruct,Qwen3.5-0.8B-Instruct,task3_cross_scale_groups,string,29832,24000,1536,1024,262144,248320,True,True,0.4000770925495474,0.7049516365467201,12.183551788330078,0.4178539216518402,0.4000770925495474,0.7049516365467201,12.183551788330078,0.4178539216518402
Gemma-2-2B-Instruct,Gemma-4-E2B-Instruct,task3_cross_scale_groups,string,180863,24000,2304,1536,256000,262144,True,True,0.3951917171354562,0.7201270954524792,27.498931884765625,0.5681928396224976,0.3951917171354562,0.7201270954524792,27.498931884765625,0.5681928396224976
Gemma-4-E4B-Instruct,Qwen3.5-0.8B-Instruct,task3_cross_scale_groups,string,29832,24000,2560,1024,262144,248320,True,True,0.46140165818481527,0.6683454584996601,15.622821807861328,0.3640066981315613,0.46140165818481527,0.6683454584996601,15.622821807861328,0.3640066981315613
Gemma-4-E4B-Instruct,Qwen3.5-2B-Instruct,task3_cross_scale_groups,string,29832,24000,2560,2048,262144,248320,True,True,0.3975774159965897,0.7146194081221364,16.741052627563477,0.39442265033721924,0.3975774159965897,0.7146194081221364,16.741052627563477,0.39442265033721924
Gemma-4-E4B-Instruct,Qwen3.5-4B-Instruct,task3_cross_scale_groups,string,29832,24000,2560,2560,262144,248320,True,True,0.39225674472009175,0.731486894853309,16.86138343811035,0.37583842873573303,0.39225674472009175,0.731486894853309,16.86138343811035,0.37583842873573303
Gemma-3-1B-Instruct,Qwen3.5-2B-Instruct,task3_cross_scale_groups,string,29832,24000,1152,2048,262144,248320,True,True,0.26884146571012824,0.7874658530564203,12.633508682250977,0.21560388803482056,0.26884146571012824,0.7874658530564203,12.633508682250977,0.21560388803482056
Gemma-4-E2B-Instruct,Qwen3.5-2B-Instruct,task3_cross_scale_groups,string,29832,24000,1536,2048,262144,248320,True,True,0.3263449533013605,0.7558911592795744,12.439435005187988,0.4398987889289856,0.3263449533013605,0.7558911592795744,12.439435005187988,0.4398987889289856
Qwen3-8B,Gemma-4-26B-A4B-Instruct,task3_cross_scale_groups,string,24519,24000,4096,2816,151936,262144,False,True,0.30153080562029355,0.7923016761222377,50.12989044189453,0.4983741343021393,0.493820529242859,0.6744802078210044,39.46195602416992,0.5914189219474792
Qwen3-8B,Qwen2.5-7B-Instruct,task3_cross_scale_groups,string,151643,24000,4096,3584,151936,152064,False,False,0.343258614490206,0.806267246878923,30.255098342895508,0.02789722941815853,0.3863808137482223,0.7543348141851092,17.4838924407959,0.11551381647586823
Qwen3-8B,Gemma-2-9B-Instruct,task3_cross_scale_groups,string,25138,24000,4096,3584,151936,256000,False,True,0.33902391322604863,0.7236753141640514,47.376014709472656,0.901747465133667,0.5085362275152252,0.6240173136220767,37.93662643432617,0.715410590171814
Qwen3-8B,Llama-3.1-8B-Instruct,task3_cross_scale_groups,string,109566,24000,4096,4096,151936,128256,False,False,0.2555806515424034,0.8555511051436299,23.433189392089844,0.08831240981817245,0.4277202294783675,0.7368646079980689,23.050691604614258,0.1298261284828186
Qwen3-14B,Qwen2.5-7B-Instruct,task3_cross_scale_groups,string,151643,24000,5120,3584,151936,152064,False,False,0.37893021368876467,0.7840646269258678,57.61162185668945,0.0310922022908926,0.4316728549645895,0.7259189304325787,23.12774658203125,0.08022864162921906
Qwen3-14B,Gemma-2-9B-Instruct,task3_cross_scale_groups,string,25138,24000,5120,3584,151936,256000,False,True,0.3679436321869999,0.7076883037455329,90.92583465576172,0.9433110952377319,0.5493694820287891,0.5975502223961239,50.18330001831055,0.635718822479248
Qwen3-8B,Gemma-3-12B-Instruct,task3_cross_scale_groups,string,24519,24000,4096,3840,151936,262208,False,True,0.3141046399339965,0.8127215942981901,29.837907791137695,0.18073150515556335,0.5152214023870019,0.6832577803859334,23.863544464111328,0.24760103225708008
Qwen3-8B,Qwen3.5-9B-Instruct,task3_cross_scale_groups,string,131586,24000,4096,4096,151936,248320,False,False,0.25494081729686446,0.8581652778984652,31.859670639038086,0.1105431541800499,0.45995188206792526,0.7129054011430318,25.447656631469727,0.13375288248062134
Qwen3-14B,Qwen3.5-9B-Instruct,task3_cross_scale_groups,string,131586,24000,5120,4096,151936,248320,False,False,0.29199974182547406,0.8365747439725985,62.57846450805664,0.10604055970907211,0.5012055353281853,0.6850863489841056,33.60418701171875,0.13792133331298828
Qwen3-8B,Qwen2.5-14B-Instruct,task3_cross_scale_groups,string,151643,24000,4096,5120,151936,152064,False,False,0.2993662105375209,0.8352614365866224,44.65342330932617,0.03954806178808212,0.42317173523453544,0.7536878267190623,31.904024124145508,0.1488812267780304
Qwen3-14B,Qwen2.5-14B-Instruct,task3_cross_scale_groups,string,151643,24000,5120,5120,151936,152064,False,False,0.33958332208967346,0.8109241546217641,85.9032974243164,0.04169822484254837,0.48042134966342365,0.7153266113332534,42.36992645263672,0.09881928563117981
Qwen2.5-7B-Instruct,Llama-3.1-8B-Instruct,task3_cross_scale_groups,string,109566,24000,3584,4096,152064,128256,False,False,0.23177049612364042,0.8691399332183006,46.74325942993164,0.07655521482229233,0.3647901034440266,0.7764495705247719,53.893741607666016,0.23325306177139282
Qwen2.5-7B-Instruct,Gemma-2-9B-Instruct,task3_cross_scale_groups,string,25138,24000,3584,3584,152064,256000,False,True,0.3140153871955774,0.737267341429908,97.61454772949219,0.8401724100112915,0.4450459549511544,0.66312640287519,102.10580444335938,0.8479775190353394
Qwen3-14B,Gemma-4-26B-A4B-Instruct,task3_cross_scale_groups,string,24519,24000,5120,2816,151936,262144,False,True,0.33457626018538733,0.7733345093618097,96.57805633544922,0.4976809322834015,0.5378236212996668,0.6444988072002953,52.32624816894531,0.5376799702644348
Qwen3-14B,Llama-3.1-8B-Instruct,task3_cross_scale_groups,string,109566,24000,5120,4096,151936,128256,False,False,0.29029059408798463,0.8353744467820925,46.30482482910156,0.08330726623535156,0.48245503248013666,0.700811397503885,30.77353286743164,0.089075967669487
Qwen3-14B,Gemma-3-12B-Instruct,task3_cross_scale_groups,string,24519,24000,5120,3840,151936,262208,False,True,0.34556652966581836,0.7938673316457261,57.35732650756836,0.17290139198303223,0.5579225948644464,0.6524756947856035,31.669349670410156,0.22700196504592896
Qwen2.5-7B-Instruct,Gemma-3-12B-Instruct,task3_cross_scale_groups,string,24519,24000,3584,3840,152064,262208,False,True,0.2844704673720464,0.8300922231820459,61.55879592895508,0.16714170575141907,0.4387473156375259,0.7351767753644236,64.65143585205078,0.4023808240890503
Qwen2.5-7B-Instruct,Qwen3.5-9B-Instruct,task3_cross_scale_groups,string,131586,24000,3584,4096,152064,248320,False,False,0.22668147211303324,0.8743057457358351,62.976322174072266,0.091898113489151,0.369752195413644,0.7699844150020762,60.467132568359375,0.2786746323108673
Qwen2.5-14B-Instruct,Gemma-3-12B-Instruct,task3_cross_scale_groups,string,24519,24000,5120,3840,152064,262208,False,True,0.3451970384693708,0.7940883910446311,71.18092346191406,0.16104358434677124,0.5510063158668481,0.6575573635590176,39.822547912597656,0.2860056161880493
Qwen2.5-7B-Instruct,Gemma-4-26B-A4B-Instruct,task3_cross_scale_groups,string,24519,24000,3584,2816,152064,262144,False,True,0.27095224606730806,0.8094566173255904,102.95994567871094,0.47887295484542847,0.4198744645447343,0.7220654762091999,103.50019073486328,0.7024874687194824
Qwen2.5-14B-Instruct,Llama-3.1-8B-Instruct,task3_cross_scale_groups,string,109566,24000,5120,4096,152064,128256,False,False,0.2930070575967647,0.8337602787694769,56.29109573364258,0.0807826891541481,0.48472904257150484,0.6993341569915459,37.826263427734375,0.10730384290218353
Qwen2.5-14B-Instruct,Gemma-2-9B-Instruct,task3_cross_scale_groups,string,25138,24000,5120,3584,152064,256000,False,True,0.3680692211320292,0.7075909774115167,113.08854675292969,0.7926303744316101,0.5452749870981056,0.6002358823514983,63.8142204284668,0.7339850068092346
Qwen2.5-14B-Instruct,Gemma-4-26B-A4B-Instruct,task3_cross_scale_groups,string,24519,24000,5120,2816,152064,262144,False,True,0.3340098681470042,0.7736634526019984,119.67752838134766,0.49254122376441956,0.5292886817640394,0.6504224230367063,65.39332580566406,0.5913659334182739
Llama-3.1-8B-Instruct,Gemma-2-9B-Instruct,task3_cross_scale_groups,string,25632,24000,4096,3584,128256,256000,False,True,0.38421650426422715,0.6982270364728713,79.61883544921875,0.8230314254760742,0.5080566078414137,0.6240799135608215,75.37127685546875,0.7762089967727661
Qwen2.5-14B-Instruct,Qwen3.5-9B-Instruct,task3_cross_scale_groups,string,131586,24000,5120,4096,152064,248320,False,False,0.29012155908037196,0.837673448987801,77.04454803466797,0.09321904182434082,0.48729818350732057,0.6943103664053556,41.18629455566406,0.17221614718437195
Llama-3.1-8B-Instruct,Gemma-4-26B-A4B-Instruct,task3_cross_scale_groups,string,25036,24000,4096,2816,128256,262144,False,True,0.3401266625435282,0.7701603158256994,82.43894958496094,0.5012523531913757,0.48880241845508654,0.6778681701827125,78.90311431884766,0.6565565466880798
Llama-3.1-8B-Instruct,Gemma-3-12B-Instruct,task3_cross_scale_groups,string,25036,24000,4096,3840,128256,262208,False,True,0.359017687306483,0.7857436033992823,49.764163970947266,0.2286483645439148,0.5120833289579483,0.6855366216704932,48.211692810058594,0.2814340889453888
Llama-3.1-8B-Instruct,Qwen3.5-9B-Instruct,task3_cross_scale_groups,string,115771,24000,4096,4096,128256,248320,False,False,0.26495547281185394,0.8521204837722285,44.3309440612793,0.11314395070075989,0.4456475648566167,0.7215034300134407,49.73109436035156,0.12306193262338638
Gemma-2-9B-Instruct,Gemma-3-12B-Instruct,task3_cross_scale_groups,string,180863,24000,3584,3840,256000,262208,True,True,0.46599840977200613,0.7244519074085051,28.947114944458008,0.3517966568470001,0.46599840977200613,0.7244519074085051,28.947114944458008,0.3517966568470001
Gemma-2-9B-Instruct,Qwen3.5-9B-Instruct,task3_cross_scale_groups,string,31331,24000,3584,4096,256000,248320,True,False,0.26264442186970904,0.8505623561153751,20.752595901489258,0.4851439893245697,0.4075760513342528,0.7409220550725998,29.604156494140625,0.7453714609146118
Gemma-2-9B-Instruct,Gemma-4-26B-A4B-Instruct,task3_cross_scale_groups,string,180863,24000,3584,2816,256000,262144,True,True,0.4437245326942477,0.7133968420879843,45.697261810302734,0.7033025026321411,0.4437245326942477,0.7133968420879843,45.697261810302734,0.7033025026321411
Gemma-3-12B-Instruct,Qwen3.5-9B-Instruct,task3_cross_scale_groups,string,29832,24000,3840,4096,262208,248320,True,False,0.27878605143184376,0.8410182020196325,32.92397689819336,0.1605539470911026,0.44822764256595915,0.7167311027844608,46.539405822753906,0.31294775009155273
Gemma-3-12B-Instruct,Gemma-4-26B-A4B-Instruct,task3_cross_scale_groups,string,262120,24000,3840,2816,262208,262144,True,True,0.45967401761707183,0.7019788853852132,64.07777404785156,0.45999813079833984,0.45967401761707183,0.7019788853852132,64.07777404785156,0.45999813079833984
Gemma-4-26B-A4B-Instruct,Qwen3.5-9B-Instruct,task3_cross_scale_groups,string,29832,24000,2816,4096,262144,248320,True,False,0.22952533154473764,0.8692622185148724,14.816299438476562,0.4287383556365967,0.3714367033804995,0.764830722537656,21.66150665283203,0.5916813015937805
Qwen3-32B,Qwen2.5-32B-Instruct,task3_cross_scale_groups,string,151643,24000,5120,5120,151936,152064,False,False,0.3542507085966158,0.8023540068587333,101.96792602539062,0.0397912934422493,0.47988371966392773,0.7129332218209617,48.14647674560547,0.13639165461063385
Qwen3-235B-A22B,Qwen2.5-32B-Instruct,task3_cross_scale_groups,string,151643,24000,4096,5120,151936,152064,False,False,0.3232150967689583,0.8214220088739058,45.999114990234375,0.041732195764780045,0.4297201511478017,0.7464868060838873,41.21598434448242,0.10098076611757278
Qwen3-32B,Qwen2.5-72B-Instruct,task3_cross_scale_groups,string,151643,24000,5120,8192,151936,152064,False,False,0.37384093316510847,0.789606450164858,68.2615966796875,0.02907671593129635,0.36493920946132596,0.7770085009398555,30.735488891601562,0.12847109138965607
Qwen3-32B,Gemma-4-31B-Instruct,task3_cross_scale_groups,string,24519,24000,5120,5376,151936,262144,False,True,0.31276676458092323,0.8176172538471042,84.23316955566406,0.2734266221523285,0.4696766180923827,0.7182379661116974,44.31086349487305,0.3095143139362335
Qwen3-32B,Gemma-2-27B-Instruct,task3_cross_scale_groups,string,25138,24000,5120,4608,151936,256000,False,True,0.30099610976619107,0.8230305147414387,71.40776062011719,0.22679661214351654,0.459228841583596,0.7239072088534738,37.69580841064453,0.2994635999202728
Qwen3-32B,Llama-3.1-70B-Instruct,task3_cross_scale_groups,string,109566,24000,5120,8192,151936,128256,False,False,0.3048469502828802,0.8300320051841775,63.74265670776367,0.08822733163833618,0.4014757154292038,0.7686278697983122,35.20096206665039,0.11473686993122101
Qwen3-32B,Gemma-3-27B-Instruct,task3_cross_scale_groups,string,24519,24000,5120,5376,151936,262208,False,True,0.3293788167677487,0.8063358637976651,71.80794525146484,0.17481854557991028,0.5263104538135845,0.6776793356535765,39.392311096191406,0.2776331305503845
Qwen3-235B-A22B,Qwen2.5-72B-Instruct,task3_cross_scale_groups,string,151643,24000,4096,8192,151936,152064,False,False,0.37494385978387423,0.7889414425502941,31.981264114379883,0.02253584936261177,0.3179048410334373,0.8050708067298293,25.809499740600586,0.0899755209684372
Qwen3-32B,Qwen3.5-27B-Instruct,task3_cross_scale_groups,string,131586,24000,5120,5120,151936,248320,False,False,0.28898770587909295,0.8391398573468036,74.80255889892578,0.10154931992292404,0.4871776082426268,0.6989089961848072,37.924625396728516,0.1699017584323883
Qwen3-235B-A22B,Llama-3.1-70B-Instruct,task3_cross_scale_groups,string,109566,24000,4096,8192,151936,128256,False,False,0.3082561875293949,0.8280043839552717,28.41422462463379,0.07058297097682953,0.36895394830505057,0.7892507319688701,29.969585418701172,0.07254017144441605
Qwen3-235B-A22B,Qwen3.5-27B-Instruct,task3_cross_scale_groups,string,131586,24000,4096,5120,151936,248320,False,False,0.26607013831077575,0.8525538900460555,32.152618408203125,0.09231046587228775,0.4566776962827208,0.7193909005658113,32.04530715942383,0.17663384974002838
Qwen3-235B-A22B,Gemma-2-27B-Instruct,task3_cross_scale_groups,string,25138,24000,4096,4608,151936,256000,False,True,0.2978516377182995,0.8248527193267022,32.13820266723633,0.17415671050548553,0.4399619349162137,0.7366661936740767,31.302980422973633,0.22560298442840576
Qwen3-235B-A22B,Gemma-4-31B-Instruct,task3_cross_scale_groups,string,24519,24000,4096,5376,151936,262144,False,True,0.3082495769836733,0.8202983771145976,37.92229080200195,0.19013123214244843,0.45174200122244856,0.7302803649120518,36.96308517456055,0.25136804580688477
Qwen2.5-32B-Instruct,Gemma-2-27B-Instruct,task3_cross_scale_groups,string,25138,24000,5120,4608,152064,256000,False,True,0.3013279130950217,0.8228033742434603,81.40589904785156,0.17548564076423645,0.4517116296212004,0.7288931767126099,41.973358154296875,0.2839314639568329
Qwen2.5-32B-Instruct,Gemma-3-27B-Instruct,task3_cross_scale_groups,string,24519,24000,5120,5376,152064,262208,False,True,0.32988765671103926,0.8060547655846436,81.78141784667969,0.1528865545988083,0.5118244430218744,0.6879846624035187,45.05863571166992,0.29154056310653687
Qwen2.5-32B-Instruct,Gemma-4-31B-Instruct,task3_cross_scale_groups,string,24519,24000,5120,5376,152064,262144,False,True,0.3119562997587798,0.8181029184263446,95.81183624267578,0.20761264860630035,0.4586395834570973,0.7256767005983973,49.46138000488281,0.3227432668209076
Qwen2.5-32B-Instruct,Llama-3.1-70B-Instruct,task3_cross_scale_groups,string,109566,24000,5120,8192,152064,128256,False,False,0.30908200360770255,0.8274923677483381,70.45103454589844,0.07164577394723892,0.4025212419782893,0.7680158524381455,37.949092864990234,0.09661183506250381
Qwen2.5-32B-Instruct,Qwen3.5-27B-Instruct,task3_cross_scale_groups,string,131586,24000,5120,5120,152064,248320,False,False,0.28923627927086326,0.8389911879092865,84.48944091796875,0.08892760425806046,0.47154883224478383,0.709551638705035,41.45871353149414,0.16055963933467865
Qwen2.5-72B-Instruct,Gemma-2-27B-Instruct,task3_cross_scale_groups,string,25138,24000,8192,4608,152064,256000,False,True,0.4438692488674749,0.7341021163575181,116.35089874267578,0.1668115109205246,0.5469984964204004,0.6625487559928339,97.44921875,0.47382739186286926
Qwen2.5-72B-Instruct,Gemma-3-27B-Instruct,task3_cross_scale_groups,string,24519,24000,8192,5376,152064,262208,False,True,0.47535869285621724,0.713208867685853,115.17378234863281,0.16099898517131805,0.5870159165472394,0.6327791353456385,105.88699340820312,0.4658909738063812
Qwen2.5-72B-Instruct,Qwen3.5-27B-Instruct,task3_cross_scale_groups,string,131586,24000,8192,5120,152064,248320,False,False,0.42972252348655093,0.7515253411258036,125.08081817626953,0.09362439811229706,0.543079284635128,0.6596029137855883,93.17952728271484,0.3381151854991913
Llama-3.1-70B-Instruct,Gemma-4-31B-Instruct,task3_cross_scale_groups,string,25036,24000,8192,5376,128256,262144,False,True,0.4806451162102603,0.7107596470386396,107.13981628417969,0.21746598184108734,0.5881951448586399,0.6329018780324125,101.35011291503906,0.3909170627593994
Llama-3.1-70B-Instruct,Gemma-2-27B-Instruct,task3_cross_scale_groups,string,25632,24000,8192,4608,128256,256000,False,True,0.478399444942491,0.711011378762518,91.32125854492188,0.2235446274280548,0.5851022381189581,0.6341296714760261,85.08072662353516,0.3413034975528717
Qwen2.5-72B-Instruct,Gemma-4-31B-Instruct,task3_cross_scale_groups,string,24519,24000,8192,5376,152064,262144,False,True,0.45499261065788343,0.7281107985859857,135.40806579589844,0.18988308310508728,0.5486734730148938,0.6625851633522225,116.54740905761719,0.5350309610366821
Llama-3.1-70B-Instruct,Gemma-3-27B-Instruct,task3_cross_scale_groups,string,25036,24000,8192,5376,128256,262208,False,True,0.5155230040752434,0.6854276731201271,91.73527526855469,0.20279774069786072,0.6360913944733743,0.5940475608177782,89.14317321777344,0.31889641284942627
Gemma-2-27B-Instruct,Gemma-3-27B-Instruct,task3_cross_scale_groups,string,180863,24000,4608,5376,256000,262208,True,True,0.42014639734909787,0.7571159221191813,73.70631408691406,0.29379791021347046,0.42014639734909787,0.7571159221191813,73.70631408691406,0.29379791021347046
Qwen3-235B-A22B,Gemma-3-27B-Instruct,task3_cross_scale_groups,string,24519,24000,4096,5376,151936,262208,False,True,0.33781781467347494,0.8012628036441337,32.98219299316406,0.16373449563980103,0.5160716064337678,0.6849782601445744,32.746463775634766,0.24128186702728271
Gemma-2-27B-Instruct,Gemma-4-31B-Instruct,task3_cross_scale_groups,string,180863,24000,4608,5376,256000,262144,True,True,0.3765261786712988,0.7762631842408075,74.67440032958984,0.3101627826690674,0.3765261786712988,0.7762631842408075,74.67440032958984,0.3101627826690674
Gemma-2-27B-Instruct,Qwen3.5-27B-Instruct,task3_cross_scale_groups,string,31331,24000,4608,5120,256000,248320,True,False,0.28490998632936726,0.838865488666897,58.20134353637695,0.2702329456806183,0.415494498709026,0.7410527355884707,72.05253601074219,0.30795302987098694
Gemma-3-27B-Instruct,Qwen3.5-27B-Instruct,task3_cross_scale_groups,string,29832,24000,5376,5120,262208,248320,True,False,0.3324200956426122,0.8104046866377838,45.4784049987793,0.15914639830589294,0.5030027111982758,0.6844883721048063,57.525054931640625,0.32932841777801514
Gemma-3-27B-Instruct,Gemma-4-31B-Instruct,task3_cross_scale_groups,string,262120,24000,5376,5376,262208,262144,True,True,0.4626498654154225,0.7186955469340921,57.458614349365234,0.1885625272989273,0.4626498654154225,0.7186955469340921,57.458614349365234,0.1885625272989273
Gemma-4-31B-Instruct,Qwen3.5-27B-Instruct,task3_cross_scale_groups,string,29832,24000,5376,5120,262144,248320,True,False,0.3224933688160164,0.8164187750261898,41.07317352294922,0.2967526912689209,0.46698328911330955,0.7089411965319127,50.713802337646484,0.33041349053382874
Qwen2.5-72B-Instruct,Llama-3.1-70B-Instruct,task3_cross_scale_groups,string,109566,24000,8192,8192,152064,128256,False,False,0.4558234766646524,0.7343781176927753,102.51322174072266,0.06683874875307083,0.5215083347513012,0.6873350469596345,86.79022216796875,0.246848464012146
Llama-3.1-70B-Instruct,Qwen3.5-27B-Instruct,task3_cross_scale_groups,string,115771,24000,8192,5120,128256,248320,False,False,0.4287492814919014,0.7519981935499385,86.53256225585938,0.10366471856832504,0.5888494932641206,0.6249223999094293,84.30088806152344,0.1568591594696045
Qwen3-30B-A3B,Gemma-4-26B-A4B-Instruct,task4_moe_cross_family,string,24519,24000,2048,2816,151936,262144,False,True,0.2572933205568654,0.8170009865778118,33.04096984863281,0.4798244535923004,0.40409644486223995,0.7318160065834486,36.02220153808594,0.6160655617713928
Qwen3-30B-A3B,DeepSeek-V2-Lite-Chat,task4_moe_cross_family,string,69060,24000,2048,2048,151936,102400,False,False,0.34353550134802746,0.8015701966347464,140.83294677734375,0.8464595675468445,0.48041850451351376,0.7052987560683806,175.6800537109375,1.3914332389831543
Qwen3.5-35B-A3B-Instruct,Gemma-4-26B-A4B-Instruct,task4_moe_cross_family,string,29832,24000,2048,2816,248320,262144,False,True,0.2594761686174927,0.8161639604972839,58.44880294799805,0.4601692259311676,0.3929655077672941,0.7389491914925602,49.836368560791016,0.5463582277297974
Qwen3-30B-A3B,Qwen3.5-35B-A3B-Instruct,task4_moe_cross_family,string,131586,24000,2048,2048,151936,248320,False,False,0.28688050802262277,0.8341420253372474,13.06999683380127,0.09013628214597702,0.4864346266313926,0.6895091948059642,21.89987564086914,0.13195957243442535
Qwen3-30B-A3B,MiniMax-M2.7,task4_moe_cross_family,string,97727,24000,2048,3072,151936,200064,False,False,0.32059768605121197,0.8215424602455548,28.30535888671875,0.1450895220041275,0.404181808634254,0.7612060017153761,23.061038970947266,0.19173678755760193
Qwen3.5-35B-A3B-Instruct,MiniMax-M2.7,task4_moe_cross_family,string,138334,24000,2048,3072,248320,200064,False,False,0.3295200380188814,0.8158574546971328,49.25419235229492,0.2743735909461975,0.38637073280795386,0.7686131738251691,32.575828552246094,0.1506291925907135
Qwen3-30B-A3B,Qwen3.6-35B-A3B,task4_moe_cross_family,string,131586,24000,2048,2048,151936,248320,False,False,0.2868052032519517,0.8340419437493971,12.796934127807617,0.09020932763814926,0.48950254279334393,0.6869407196138577,21.528770446777344,0.1292611062526703
Qwen3.5-35B-A3B-Instruct,DeepSeek-V2-Lite-Chat,task4_moe_cross_family,string,76964,24000,2048,2048,248320,102400,False,False,0.35359101663858383,0.7955649465104333,234.65719604492188,1.358316421508789,0.46280296790744946,0.7167688572196185,251.4352569580078,1.3785780668258667
Qwen3.6-35B-A3B,Gemma-4-26B-A4B-Instruct,task4_moe_cross_family,string,29832,24000,2048,2816,248320,262144,False,True,0.2588766765076408,0.8164830780905625,59.45627212524414,0.4627707898616791,0.3943882057391158,0.738072645901492,50.53783416748047,0.5553072094917297
Qwen3-30B-A3B,DeepSeek-R1-0528,task4_moe_cross_family,string,84030,24000,2048,7168,151936,129280,False,False,0.27503706740031775,0.8487966159396713,69.70845031738281,0.34442001581192017,0.36111914787423205,0.7973404782071412,157.54537963867188,1.4775633811950684
Qwen3.6-35B-A3B,DeepSeek-R1-0528,task4_moe_cross_family,string,108771,24000,2048,7168,248320,129280,False,False,0.2865898176102033,0.8420488222353025,117.37703704833984,0.559796154499054,0.352995938364857,0.802168655787797,227.61160278320312,1.006687045097351
Qwen3.5-35B-A3B-Instruct,Qwen3.6-35B-A3B,task4_moe_cross_family,id,248044,24000,2048,2048,248320,248320,False,False,0.9402031721677395,0.24163411516483316,42.70292663574219,0.008717347867786884,0.9783231915298723,0.13925752298850194,43.5685920715332,0.01656506396830082
Gemma-4-26B-A4B-Instruct,DeepSeek-V2-Lite-Chat,task4_moe_cross_family,string,25063,24000,2816,2048,262144,102400,True,False,0.3912441847915843,0.7676680856351893,115.83077239990234,3.5198044776916504,0.4813795491585774,0.7006424477548119,157.8282928466797,4.760042190551758
Qwen3.5-35B-A3B-Instruct,DeepSeek-R1-0528,task4_moe_cross_family,string,108771,24000,2048,7168,248320,129280,False,False,0.2869328796203796,0.8418309797995994,114.7198715209961,0.5902217030525208,0.3528901698059086,0.8022173109515537,220.89532470703125,0.9749317169189453
Qwen3.6-35B-A3B,DeepSeek-V2-Lite-Chat,task4_moe_cross_family,string,76964,24000,2048,2048,248320,102400,False,False,0.35360696678409065,0.7955641111648822,240.08071899414062,1.3356467485427856,0.46287871325766883,0.716778009184018,257.6120910644531,1.3720879554748535
Gemma-4-26B-A4B-Instruct,DeepSeek-R1-0528,task4_moe_cross_family,string,21237,21237,2816,7168,262144,129280,True,False,0.3740734007005435,0.7831959700714408,61.189178466796875,2.032358169555664,0.4417886147442006,0.733566364063664,154.9644317626953,3.7773306369781494
DeepSeek-V2-Lite-Chat,DeepSeek-R1-0528,task4_moe_cross_family,string,69431,24000,2048,7168,102400,129280,False,False,0.30635293648821604,0.8299523185777742,12.553716659545898,0.6189579367637634,0.3607623511326392,0.7976641623864644,28.357650756835938,1.4197843074798584
DeepSeek-V2-Lite-Chat,MiniMax-M2.7,task4_moe_cross_family,string,78685,24000,2048,3072,102400,200064,False,False,0.3652595099569529,0.7937713252393629,5.009052276611328,0.23792767524719238,0.39452681250054666,0.7687531620196538,4.12311315536499,0.21570050716400146
Qwen3.6-35B-A3B,MiniMax-M2.7,task4_moe_cross_family,string,138334,24000,2048,3072,248320,200064,False,False,0.3299806403166937,0.8155647510770279,50.3742561340332,0.27926138043403625,0.38772990077542047,0.7678603127151542,33.474212646484375,0.1510896235704422
Gemma-4-26B-A4B-Instruct,MiniMax-M2.7,task4_moe_cross_family,string,29518,24000,2816,3072,262144,200064,True,False,0.4090228444963261,0.7611388801447826,24.667118072509766,0.8498028516769409,0.46224489648383027,0.7175896936007822,22.64815902709961,0.5760049819946289
DeepSeek-R1-0528,MiniMax-M2.7,task4_moe_cross_family,string,105258,24000,7168,3072,129280,200064,False,False,0.5606505790629255,0.6606990251815901,27.00933074951172,0.17736101150512695,0.6861496757941925,0.5524746851196866,11.428783416748047,0.42903992533683777
