model_a,model_b,hidden_dim,vocab,baseline_rank_w,baseline_w_params,baseline_w_gain,identity_R2,delta_over_Yc_energy,full_affine_gain_over_delta,residual_gain_over_delta,same_budget_hybrid_gain,same_budget_rank_affine,same_budget_rank_residual_w,same_budget_hybrid_params,same_budget_mode,same_budget_gain_over_w,same_budget_param_ratio,match_hybrid_params,match_rank_affine,match_rank_residual_w,match_hybrid_gain,match_mode,match_param_ratio_over_w,match_param_saving
Qwen3.5-0.8B-Base,Qwen3.5-0.8B-Instruct,1024,248320,1,250368,0.02217266336083412,0.9975700738204689,0.0024299261795311103,0.11935755139071841,0.8806423300235259,0.09457601606845856,121,0,248832,decomposed_hybrid,4.265433273817615,0.9938650306748467,5120,2,0,0.023697353899478912,decomposed_hybrid,0.02044989775051125,0.9795501022494888
Qwen3.5-0.8B-Base,Qwen3.5-0.8B-Instruct,1024,248320,2,499712,0.04020819440484047,0.9975700738204689,0.0024299261795311103,0.11935755139071841,0.8806423300235259,0.10604138858616352,121,1,498176,decomposed_hybrid,2.637307895959579,0.9969262295081968,13312,6,0,0.0405418835580349,decomposed_hybrid,0.02663934426229508,0.9733606557377049
Qwen3.5-0.8B-Base,Qwen3.5-0.8B-Instruct,1024,248320,4,998400,0.06268264353275299,0.9975700738204689,0.0024299261795311103,0.11935755139071841,0.8806423300235259,0.12458578683435917,243,2,997376,decomposed_hybrid,1.9875643369964207,0.9989743589743589,44032,21,0,0.06323762238025665,decomposed_hybrid,0.0441025641025641,0.9558974358974359
Qwen3.5-0.8B-Base,Qwen3.5-0.8B-Instruct,1024,248320,8,1995776,0.09485430270433426,0.9975700738204689,0.0024299261795311103,0.11935755139071841,0.8806423300235259,0.14966165274381638,365,5,1995264,decomposed_hybrid,1.5778056290215896,0.9997434581836839,254976,124,0,0.09493868052959442,decomposed_hybrid,0.12775782452539763,0.8722421754746024
Qwen3.5-0.8B-Base,Qwen3.5-0.8B-Instruct,1024,248320,16,3990528,0.1374833881855011,0.9975700738204689,0.0024299261795311103,0.11935755139071841,0.8806423300235259,0.18454217910766602,365,13,3990016,decomposed_hybrid,1.342287104960421,0.999871696176546,1469440,230,4,0.1375301480293274,decomposed_hybrid,0.3682319733128047,0.6317680266871952
Qwen3.5-0.8B-Base,Qwen3.5-0.8B-Instruct,1024,248320,32,7980032,0.19661562144756317,0.9975700738204689,0.0024299261795311103,0.11935755139071841,0.8806423300235259,0.23499920219182968,487,28,7980032,decomposed_hybrid,1.1952214196495232,1.0,4819968,405,16,0.19661827385425568,decomposed_hybrid,0.6040035929680483,0.3959964070319517
Qwen3.5-0.8B-Base,Qwen3.5-0.8B-Instruct,1024,248320,64,15959040,0.2781764566898346,0.9975700738204689,0.0024299261795311103,0.11935755139071841,0.8806423300235259,0.3075069338083267,608,59,15957504,decomposed_hybrid,1.1054383878043117,0.9999037536092397,12403200,577,45,0.2781905010342598,decomposed_hybrid,0.7771896053897979,0.22281039461020213
Qwen3.5-4B-Base,Qwen3.5-4B-Instruct,2560,248320,1,253440,0.01983749121427536,0.9967907101000678,0.0032092898999321936,0.12001924303107303,0.8799806927552831,0.060210250318050385,49,0,253440,decomposed_hybrid,3.0351746431888613,1.0,17920,3,0,0.022991374135017395,decomposed_hybrid,0.0707070707070707,0.9292929292929293
Qwen3.5-4B-Base,Qwen3.5-4B-Instruct,2560,248320,2,504320,0.029521677643060684,0.9967907101000678,0.0032092898999321936,0.12001924303107303,0.8799806927552831,0.07232536375522614,98,0,504320,decomposed_hybrid,2.449906967676236,1.0,33280,6,0,0.029698755592107773,decomposed_hybrid,0.06598984771573604,0.934010152284264
Qwen3.5-4B-Base,Qwen3.5-4B-Instruct,2560,248320,4,1006080,0.04110850393772125,0.9967907101000678,0.0032092898999321936,0.12001924303107303,0.8799806927552831,0.08734033722430468,147,1,1006080,decomposed_hybrid,2.124629428417632,1.0,79360,15,0,0.04122137278318405,decomposed_hybrid,0.07888040712468193,0.9211195928753181
Qwen3.5-4B-Base,Qwen3.5-4B-Instruct,2560,248320,8,2009600,0.05819954723119736,0.9967907101000678,0.0032092898999321936,0.12001924303107303,0.8799806927552831,0.10374131519347429,245,3,2009600,decomposed_hybrid,1.7825106917303417,1.0,227840,44,0,0.05836855247616768,decomposed_hybrid,0.11337579617834395,0.8866242038216561
Qwen3.5-4B-Base,Qwen3.5-4B-Instruct,2560,248320,16,4016640,0.08290769159793854,0.9967907101000678,0.0032092898999321936,0.12001924303107303,0.8799806927552831,0.12594714388251305,343,9,4016640,decomposed_hybrid,1.5191249624135557,1.0,847360,116,1,0.08302456606179476,decomposed_hybrid,0.2109623964308477,0.7890376035691523
Qwen3.5-4B-Base,Qwen3.5-4B-Instruct,2560,248320,32,8030720,0.11989330500364304,0.9967907101000678,0.0032092898999321936,0.12001924303107303,0.8799806927552831,0.1574617549777031,490,22,8030720,decomposed_hybrid,1.3133490228909657,1.0,3397120,320,7,0.11990665085613728,decomposed_hybrid,0.42301562001912657,0.5769843799808734
Qwen3.5-4B-Base,Qwen3.5-4B-Instruct,2560,248320,64,16058880,0.17367708683013916,0.9967907101000678,0.0032092898999321936,0.12001924303107303,0.8799806927552831,0.2046179249882698,637,51,16058880,decomposed_hybrid,1.178151526622459,1.0,10539520,539,31,0.17369024455547333,decomposed_hybrid,0.6563047983421011,0.3436952016578989
Qwen3.5-2B-Base,Qwen3.5-2B-Instruct,2048,248320,1,252416,0.019254345446825027,0.9961489055099909,0.0038510944900091095,0.11506962626484923,0.8849303630809178,0.06651178002357483,61,0,251904,decomposed_hybrid,3.454377621262757,0.9979716024340771,14336,3,0,0.022083451971411705,decomposed_hybrid,0.056795131845841784,0.9432048681541583
Qwen3.5-2B-Base,Qwen3.5-2B-Instruct,2048,248320,2,502784,0.029080094769597054,0.9961489055099909,0.0038510944900091095,0.11506962626484923,0.8849303630809178,0.07826688140630722,122,0,501760,decomposed_hybrid,2.6914245646865793,0.9979633401221996,26624,6,0,0.030040321871638298,decomposed_hybrid,0.05295315682281059,0.9470468431771895
Qwen3.5-2B-Base,Qwen3.5-2B-Instruct,2048,248320,4,1003520,0.042321767657995224,0.9961489055099909,0.0038510944900091095,0.11506962626484923,0.8849303630809178,0.09357833955436945,183,1,1001984,decomposed_hybrid,2.2111160457800745,0.9984693877551021,63488,15,0,0.0426364466547966,decomposed_hybrid,0.06326530612244897,0.936734693877551
Qwen3.5-2B-Base,Qwen3.5-2B-Instruct,2048,248320,8,2004992,0.061430998146533966,0.9961489055099909,0.0038510944900091095,0.11506962626484923,0.8849303630809178,0.10975146666169167,305,3,2002432,decomposed_hybrid,1.7865812044905545,0.9987231869254342,190464,46,0,0.06155024468898773,decomposed_hybrid,0.09499489274770173,0.9050051072522982
Qwen3.5-2B-Base,Qwen3.5-2B-Instruct,2048,248320,16,4007936,0.08939649164676666,0.9961489055099909,0.0038510944900091095,0.11506962626484923,0.8849303630809178,0.1330740675330162,366,10,4004864,decomposed_hybrid,1.4885826622685958,0.9992335206949412,838144,143,1,0.089496367610991,decomposed_hybrid,0.2091211037301993,0.7908788962698007
Qwen3.5-2B-Base,Qwen3.5-2B-Instruct,2048,248320,32,8013824,0.1305253654718399,0.9961489055099909,0.0038510944900091095,0.11506962626484923,0.8849303630809178,0.16758105158805847,489,24,8013824,decomposed_hybrid,1.2838964363919987,1.0,3754496,366,9,0.1305495873093605,decomposed_hybrid,0.4685024278047534,0.5314975721952466
Qwen3.5-2B-Base,Qwen3.5-2B-Instruct,2048,248320,64,16025600,0.19006793200969696,0.9961489055099909,0.0038510944900091095,0.11506962626484923,0.8849303630809178,0.21969661861658096,611,54,16024576,decomposed_hybrid,1.1558847212867682,0.9999361022364217,11186176,530,36,0.1900930255651474,decomposed_hybrid,0.6980191693290735,0.3019808306709265
Qwen3-0.6B-Base,Qwen3-0.6B,1024,151936,1,153984,0.03635311871767044,0.9821210165079378,0.017878983492062236,0.31145132777725315,0.6885485860623769,0.21818354725837708,74,0,152576,decomposed_hybrid,6.001783477034198,0.9908561928512053,5120,2,0,0.0450565405189991,decomposed_hybrid,0.03325020781379884,0.9667497921862012
Qwen3-0.6B-Base,Qwen3-0.6B,1024,151936,2,306944,0.061082031577825546,0.9821210165079378,0.017878983492062236,0.31145132777725315,0.6885485860623769,0.24501045048236847,149,0,306176,decomposed_hybrid,4.011170620122497,0.9974979149291076,9216,4,0,0.07389568537473679,decomposed_hybrid,0.030025020850708923,0.9699749791492911
Qwen3-0.6B-Base,Qwen3-0.6B,1024,151936,4,612864,0.10595373064279556,0.9821210165079378,0.017878983492062236,0.31145132777725315,0.6885485860623769,0.28589595668017864,224,1,612736,decomposed_hybrid,2.6983094879785474,0.9997911445279867,17408,8,0,0.1112007200717926,decomposed_hybrid,0.028404344193817876,0.9715956558061821
Qwen3-0.6B-Base,Qwen3-0.6B,1024,151936,8,1224704,0.1643640249967575,0.9821210165079378,0.017878983492062236,0.31145132777725315,0.6885485860623769,0.3265378139913082,448,2,1224448,decomposed_hybrid,1.9866744806094276,0.9997909698996655,48128,23,0,0.16623511910438538,decomposed_hybrid,0.039297658862876256,0.9607023411371237
Qwen3-0.6B-Base,Qwen3-0.6B,1024,151936,16,2448384,0.22846360504627228,0.9821210165079378,0.017878983492062236,0.31145132777725315,0.6885485860623769,0.36557916551828384,672,7,2448000,decomposed_hybrid,1.6001636910362182,0.9998431618569636,199680,97,0,0.2286185771226883,decomposed_hybrid,0.08155583437892096,0.918444165621079
Qwen3-0.6B-Base,Qwen3-0.6B,1024,151936,32,4895744,0.29376721382141113,0.9821210165079378,0.017878983492062236,0.31145132777725315,0.6885485860623769,0.40907538682222366,896,20,4895232,decomposed_hybrid,1.3925154597779976,0.999895419368333,689920,187,2,0.2939118407666683,decomposed_hybrid,0.14092240117130309,0.8590775988286969
Qwen3-0.6B-Base,Qwen3-0.6B,1024,151936,64,9790464,0.37092047929763794,0.9821210165079378,0.017878983492062236,0.31145132777725315,0.6885485860623769,0.46277399361133575,970,51,9788544,decomposed_hybrid,1.2476366753532413,0.999803890806401,2678784,710,8,0.3709278628230095,decomposed_hybrid,0.2736115469093191,0.7263884530906809
Qwen3-1.7B-Base,Qwen3-1.7B,2048,151936,1,156032,0.040746837854385376,0.9912145794555884,0.008785420544411506,0.29601885246555293,0.7039811870124126,0.1703234612941742,37,0,153600,decomposed_hybrid,4.180041207193779,0.9844134536505332,10240,2,0,0.05575612187385559,decomposed_hybrid,0.06562756357670221,0.9343724364232978
Qwen3-1.7B-Base,Qwen3-1.7B,2048,151936,2,310016,0.06920953840017319,0.9912145794555884,0.008785420544411506,0.29601885246555293,0.7039811870124126,0.1933753937482834,75,0,309248,decomposed_hybrid,2.79405697853635,0.9975227085053675,14336,3,0,0.07124865055084229,decomposed_hybrid,0.046242774566473986,0.953757225433526
Qwen3-1.7B-Base,Qwen3-1.7B,2048,151936,4,617984,0.10648997873067856,0.9912145794555884,0.008785420544411506,0.29601885246555293,0.7039811870124126,0.22027536015957594,112,1,614784,decomposed_hybrid,2.068507880132735,0.9948218724109362,30720,7,0,0.10658089071512222,decomposed_hybrid,0.04971002485501243,0.9502899751449876
Qwen3-1.7B-Base,Qwen3-1.7B,2048,151936,8,1233920,0.15244340896606445,0.9912145794555884,0.008785420544411506,0.29601885246555293,0.7039811870124126,0.2532489560544491,187,3,1229952,decomposed_hybrid,1.6612653690447516,0.9967842323651452,96256,23,0,0.15355254709720612,decomposed_hybrid,0.07800829875518672,0.9219917012448133
Qwen3-1.7B-Base,Qwen3-1.7B,2048,151936,16,2465792,0.2019207775592804,0.9912145794555884,0.008785420544411506,0.29601885246555293,0.7039811870124126,0.2892216593027115,375,6,2461952,decomposed_hybrid,1.4323521472068474,0.9984426910299004,409984,62,1,0.20226995926350355,decomposed_hybrid,0.1662686877076412,0.8337313122923589
Qwen3-1.7B-Base,Qwen3-1.7B,2048,151936,32,4929536,0.25145310163497925,0.9912145794555884,0.008785420544411506,0.29601885246555293,0.7039811870124126,0.3306431695818901,639,15,4929152,decomposed_hybrid,1.314929771921711,0.9999221022019111,1188992,177,3,0.25152207538485527,decomposed_hybrid,0.24119754881595346,0.7588024511840465
Qwen3-1.7B-Base,Qwen3-1.7B,2048,151936,64,9857024,0.30988532304763794,0.9912145794555884,0.008785420544411506,0.29601885246555293,0.7039811870124126,0.3799144923686981,1015,37,9856896,decomposed_hybrid,1.2259841435287813,0.9999870143361729,3532544,486,10,0.309915266931057,decomposed_hybrid,0.3583783503012674,0.6416216496987326
Qwen3-4B-Base,Qwen3-4B,2560,151936,1,157056,0.03096046671271324,0.9859308098198453,0.014069190180154734,0.29821138516231127,0.7017885897060341,0.154471293091774,30,0,156160,decomposed_hybrid,4.989307639485412,0.9942950285248574,12800,2,0,0.04331992194056511,decomposed_hybrid,0.08149959250203749,0.9185004074979625
Qwen3-4B-Base,Qwen3-4B,2560,151936,2,311552,0.05140455812215805,0.9859308098198453,0.014069190180154734,0.29821138516231127,0.7017885897060341,0.1807314157485962,60,0,309760,decomposed_hybrid,3.5158636189247097,0.9942481511914544,17920,3,0,0.05801311880350113,decomposed_hybrid,0.05751848808545604,0.942481511914544
Qwen3-4B-Base,Qwen3-4B,2560,151936,4,620544,0.08619537204504013,0.9859308098198453,0.014069190180154734,0.29821138516231127,0.7017885897060341,0.2062116852030158,90,1,617856,decomposed_hybrid,2.3923753713280904,0.9956683168316832,33280,6,0,0.0866243913769722,decomposed_hybrid,0.05363036303630363,0.9463696369636964
Qwen3-4B-Base,Qwen3-4B,2560,151936,8,1238528,0.12820656597614288,0.9859308098198453,0.014069190180154734,0.29821138516231127,0.7017885897060341,0.23557206895202398,211,1,1237376,decomposed_hybrid,1.8374415316284194,0.9990698635799917,84480,16,0,0.1297527402639389,decomposed_hybrid,0.06821000413393964,0.9317899958660604
Qwen3-4B-Base,Qwen3-4B,2560,151936,16,2474496,0.17364497482776642,0.9859308098198453,0.014069190180154734,0.29821138516231127,0.7017885897060341,0.2672639973461628,331,5,2469760,decomposed_hybrid,1.5391404076694672,0.9980860749017174,258560,50,0,0.1739872694015503,decomposed_hybrid,0.10448996482516036,0.8955100351748396
Qwen3-4B-Base,Qwen3-4B,2560,151936,32,4946432,0.2219008207321167,0.9859308098198453,0.014069190180154734,0.29821138516231127,0.7017885897060341,0.3032209239900112,543,14,4945664,decomposed_hybrid,1.3664704933924776,0.9998447365697133,884096,142,1,0.22195619251579046,decomposed_hybrid,0.17873408549839562,0.8212659145016044
Qwen3-4B-Base,Qwen3-4B,2560,151936,64,9890304,0.2800915539264679,0.9859308098198453,0.014069190180154734,0.29821138516231127,0.7017885897060341,0.34826888889074326,875,35,9889920,decomposed_hybrid,1.2434108919334779,0.9999611740953565,3213952,416,7,0.2801138609647751,decomposed_hybrid,0.324959879898535,0.6750401201014651
Qwen2.5-0.5B,Qwen2.5-0.5B-Instruct,896,151936,1,153728,0.12014422565698624,0.986895013765239,0.013104986234760993,0.25682551061798764,0.7431745111245006,0.18956543505191803,85,0,153216,decomposed_hybrid,1.5778156129877643,0.9966694421315571,4480,2,0,0.12323401123285294,decomposed_hybrid,0.029142381348875937,0.9708576186511241
Qwen2.5-0.5B,Qwen2.5-0.5B-Instruct,896,151936,2,306560,0.14315257966518402,0.986895013765239,0.013104986234760993,0.25682551061798764,0.7431745111245006,0.20799358934164047,85,1,306048,decomposed_hybrid,1.4529503403159865,0.998329853862213,11648,6,0,0.14348502457141876,decomposed_hybrid,0.037995824634655534,0.9620041753653444
Qwen2.5-0.5B,Qwen2.5-0.5B-Instruct,896,151936,4,612224,0.16040636599063873,0.986895013765239,0.013104986234760993,0.25682551061798764,0.7431745111245006,0.23578187078237534,255,1,610688,decomposed_hybrid,1.4699034500671595,0.9974911143633702,29568,16,0,0.16132289171218872,decomposed_hybrid,0.048296048505122306,0.9517039514948777
Qwen2.5-0.5B,Qwen2.5-0.5B-Instruct,896,151936,8,1223552,0.180696040391922,0.986895013765239,0.013104986234760993,0.25682551061798764,0.7431745111245006,0.2644312847405672,511,2,1222272,decomposed_hybrid,1.4634038696532976,0.9989538654670991,95872,53,0,0.1807653158903122,decomposed_hybrid,0.07835547651427974,0.9216445234857202
Qwen2.5-0.5B,Qwen2.5-0.5B-Instruct,896,151936,16,2446208,0.20363521575927734,0.986895013765239,0.013104986234760993,0.25682551061798764,0.7431745111245006,0.2898448444902897,852,6,2444672,decomposed_hybrid,1.4233532417738741,0.9993720893726127,275584,68,1,0.2036414071917534,decomposed_hybrid,0.11265763173041704,0.8873423682695829
Qwen2.5-0.5B,Qwen2.5-0.5B-Instruct,896,151936,32,4891520,0.23176175355911255,0.986895013765239,0.013104986234760993,0.25682551061798764,0.7431745111245006,0.3118528164923191,852,22,4889984,decomposed_hybrid,1.3455749781975082,0.9996859871778098,555136,224,1,0.2318735048174858,decomposed_hybrid,0.11348946748658903,0.8865105325134109
Qwen2.5-0.5B,Qwen2.5-0.5B-Instruct,896,151936,64,9782144,0.2745168209075928,0.986895013765239,0.013104986234760993,0.25682551061798764,0.7431745111245006,0.3474431186914444,852,54,9780608,decomposed_hybrid,1.265653294187025,0.99984297920783,1548416,693,2,0.2745194900780916,decomposed_hybrid,0.15829004357326984,0.8417099564267302
Qwen3-14B-Base,Qwen3-14B,5120,151936,1,162176,0.00788204651325941,0.995181645320977,0.0048183546790230795,0.07883679992740748,0.9211633177342248,0.00788204651325941,0,1,162176,pure_W_fallback,1.0,1.0,162176,0,1,0.00788204651325941,pure_W_fallback,1.0,0.0
Qwen3-14B-Base,Qwen3-14B,5120,151936,2,319232,0.01489404495805502,0.995181645320977,0.0048183546790230795,0.07883679992740748,0.9211633177342248,0.01489404495805502,0,2,319232,pure_W_fallback,1.0,1.0,319232,0,2,0.01489404495805502,pure_W_fallback,1.0,0.0
Qwen3-14B-Base,Qwen3-14B,5120,151936,4,633344,0.02315603941679001,0.995181645320977,0.0048183546790230795,0.07883679992740748,0.9211633177342248,0.02315603941679001,0,4,633344,pure_W_fallback,1.0,1.0,633344,0,4,0.02315603941679001,pure_W_fallback,1.0,0.0
Qwen3-14B-Base,Qwen3-14B,5120,151936,8,1261568,0.0368153415620327,0.995181645320977,0.0048183546790230795,0.07883679992740748,0.9211633177342248,0.0368153415620327,0,8,1261568,pure_W_fallback,1.0,1.0,1261568,0,8,0.0368153415620327,pure_W_fallback,1.0,0.0
Qwen3-14B-Base,Qwen3-14B,5120,151936,16,2518016,0.06001419946551323,0.995181645320977,0.0048183546790230795,0.07883679992740748,0.9211633177342248,0.06001419946551323,0,16,2518016,pure_W_fallback,1.0,1.0,2518016,0,16,0.06001419946551323,pure_W_fallback,1.0,0.0
Qwen3-14B-Base,Qwen3-14B,5120,151936,32,5030912,0.09994225949048996,0.995181645320977,0.0048183546790230795,0.07883679992740748,0.9211633177342248,0.09994225949048996,0,32,5030912,pure_W_fallback,1.0,1.0,5030912,0,32,0.09994225949048996,pure_W_fallback,1.0,0.0
Qwen3-14B-Base,Qwen3-14B,5120,151936,64,10056704,0.16529059410095215,0.995181645320977,0.0048183546790230795,0.07883679992740748,0.9211633177342248,0.16529059410095215,0,64,10056704,pure_W_fallback,1.0,1.0,10056704,0,64,0.16529059410095215,pure_W_fallback,1.0,0.0
Qwen3-8B-Base,Qwen3-8B,4096,151936,1,160128,0.006615165621042252,0.9953341716367314,0.004665828363268554,0.0731781030860501,0.9268219847960458,0.006615165621042252,0,1,160128,pure_W_fallback,1.0,1.0,160128,0,1,0.006615165621042252,pure_W_fallback,1.0,0.0
Qwen3-8B-Base,Qwen3-8B,4096,151936,2,316160,0.012353895232081413,0.9953341716367314,0.004665828363268554,0.0731781030860501,0.9268219847960458,0.012353895232081413,0,2,316160,pure_W_fallback,1.0,1.0,316160,0,2,0.012353895232081413,pure_W_fallback,1.0,0.0
Qwen3-8B-Base,Qwen3-8B,4096,151936,4,628224,0.01914742961525917,0.9953341716367314,0.004665828363268554,0.0731781030860501,0.9268219847960458,0.01914742961525917,0,4,628224,pure_W_fallback,1.0,1.0,628224,0,4,0.01914742961525917,pure_W_fallback,1.0,0.0
Qwen3-8B-Base,Qwen3-8B,4096,151936,8,1252352,0.030230339616537094,0.9953341716367314,0.004665828363268554,0.0731781030860501,0.9268219847960458,0.030230339616537094,0,8,1252352,pure_W_fallback,1.0,1.0,1252352,0,8,0.030230339616537094,pure_W_fallback,1.0,0.0
Qwen3-8B-Base,Qwen3-8B,4096,151936,16,2500608,0.047875937074422836,0.9953341716367314,0.004665828363268554,0.0731781030860501,0.9268219847960458,0.047875937074422836,0,16,2500608,pure_W_fallback,1.0,1.0,2500608,0,16,0.047875937074422836,pure_W_fallback,1.0,0.0
Qwen3-8B-Base,Qwen3-8B,4096,151936,32,4997120,0.07766114175319672,0.9953341716367314,0.004665828363268554,0.0731781030860501,0.9268219847960458,0.07766114175319672,0,32,4997120,pure_W_fallback,1.0,1.0,4997120,0,32,0.07766114175319672,pure_W_fallback,1.0,0.0
Qwen3-8B-Base,Qwen3-8B,4096,151936,64,9990144,0.12751084566116333,0.9953341716367314,0.004665828363268554,0.0731781030860501,0.9268219847960458,0.12751084566116333,0,64,9990144,pure_W_fallback,1.0,1.0,9990144,0,64,0.12751084566116333,pure_W_fallback,1.0,0.0
Qwen2.5-1.5B,Qwen2.5-1.5B-Instruct,1536,151936,1,155008,0.5729874968528748,0.9992619361598801,0.0007380638401198979,0.5682479107468079,0.4317491536362726,0.5729874968528748,0,1,155008,pure_W_fallback,1.0,1.0,155008,0,1,0.5729874968528748,pure_W_fallback,1.0,0.0
Qwen2.5-1.5B,Qwen2.5-1.5B-Instruct,1536,151936,2,308480,0.6016871333122253,0.9992619361598801,0.0007380638401198979,0.5682479107468079,0.4317491536362726,0.6452847793698311,49,1,305536,decomposed_hybrid,1.0724589967839353,0.9904564315352697,170368,5,1,0.6034111753106117,decomposed_hybrid,0.5522821576763486,0.4477178423236514
Qwen2.5-1.5B,Qwen2.5-1.5B-Instruct,1536,151936,4,615424,0.6256941556930542,0.9992619361598801,0.0007380638401198979,0.5682479107468079,0.4317491536362726,0.6708607226610184,99,2,612608,decomposed_hybrid,1.0721863334618096,0.9954242928452579,201088,15,1,0.6265633776783943,decomposed_hybrid,0.32674708818635606,0.6732529118136439
Qwen2.5-1.5B,Qwen2.5-1.5B-Instruct,1536,151936,8,1229312,0.65412837266922,0.9992619361598801,0.0007380638401198979,0.5682479107468079,0.4317491536362726,0.6933507025241852,149,5,1226624,decomposed_hybrid,1.0599612117341977,0.9978134110787172,400640,30,2,0.6542756706476212,decomposed_hybrid,0.3259058725531029,0.6740941274468971
Qwen2.5-1.5B,Qwen2.5-1.5B-Instruct,1536,151936,16,2457088,0.6834786534309387,0.9992619361598801,0.0007380638401198979,0.5682479107468079,0.4317491536362726,0.7153461426496506,249,11,2454656,decomposed_hybrid,1.0466254345453847,0.9990102104605126,913408,97,4,0.6835259199142456,decomposed_hybrid,0.37174411335694935,0.6282558866430507
Qwen2.5-1.5B,Qwen2.5-1.5B-Instruct,1536,151936,32,4912640,0.7142037153244019,0.9992619361598801,0.0007380638401198979,0.5682479107468079,0.4317491536362726,0.7397281527519226,399,24,4910592,decomposed_hybrid,1.0357383151051338,0.9995831162063574,2377856,224,11,0.7142253965139389,decomposed_hybrid,0.4840281396560709,0.5159718603439292
Qwen2.5-1.5B,Qwen2.5-1.5B-Instruct,1536,151936,64,9823744,0.7474909424781799,0.9992619361598801,0.0007380638401198979,0.5682479107468079,0.4317491536362726,0.7674442231655121,649,51,9822336,decomposed_hybrid,1.0266936755396399,0.999856673789545,6018816,460,30,0.7474927455186844,decomposed_hybrid,0.6126804607286184,0.38731953927138163
Qwen3.5-9B-Base,Qwen3.5-9B-Instruct,4096,248320,1,256512,0.004796353634446859,0.9985479709321446,0.0014520290678553445,0.029256946365186928,0.9707430968515189,0.004796353634446859,0,1,256512,pure_W_fallback,1.0,1.0,256512,0,1,0.004796353634446859,pure_W_fallback,1.0,0.0
Qwen3.5-9B-Base,Qwen3.5-9B-Instruct,4096,248320,2,508928,0.008429163135588169,0.9985479709321446,0.0014520290678553445,0.029256946365186928,0.9707430968515189,0.008429163135588169,0,2,508928,pure_W_fallback,1.0,1.0,508928,0,2,0.008429163135588169,pure_W_fallback,1.0,0.0
Qwen3.5-9B-Base,Qwen3.5-9B-Instruct,4096,248320,4,1013760,0.013836301863193512,0.9985479709321446,0.0014520290678553445,0.029256946365186928,0.9707430968515189,0.013836301863193512,0,4,1013760,pure_W_fallback,1.0,1.0,1013760,0,4,0.013836301863193512,pure_W_fallback,1.0,0.0
Qwen3.5-9B-Base,Qwen3.5-9B-Instruct,4096,248320,8,2023424,0.021958591416478157,0.9985479709321446,0.0014520290678553445,0.029256946365186928,0.9707430968515189,0.021958591416478157,0,8,2023424,pure_W_fallback,1.0,1.0,2023424,0,8,0.021958591416478157,pure_W_fallback,1.0,0.0
Qwen3.5-9B-Base,Qwen3.5-9B-Instruct,4096,248320,16,4042752,0.034868400543928146,0.9985479709321446,0.0014520290678553445,0.029256946365186928,0.9707430968515189,0.034868400543928146,0,16,4042752,pure_W_fallback,1.0,1.0,4042752,0,16,0.034868400543928146,pure_W_fallback,1.0,0.0
Qwen3.5-9B-Base,Qwen3.5-9B-Instruct,4096,248320,32,8081408,0.0556560754776001,0.9985479709321446,0.0014520290678553445,0.029256946365186928,0.9707430968515189,0.0556560754776001,0,32,8081408,pure_W_fallback,1.0,1.0,8081408,0,32,0.0556560754776001,pure_W_fallback,1.0,0.0
Qwen3.5-9B-Base,Qwen3.5-9B-Instruct,4096,248320,64,16158720,0.08915267884731293,0.9985479709321446,0.0014520290678553445,0.029256946365186928,0.9707430968515189,0.08915267884731293,0,64,16158720,pure_W_fallback,1.0,1.0,16158720,0,64,0.08915267884731293,pure_W_fallback,1.0,0.0
Qwen2.5-3B,Qwen2.5-3B-Instruct,2048,151936,1,156032,0.5176088809967041,0.9993997007337432,0.0006002992662567704,0.5538074195570127,0.4461887415895566,0.5176088809967041,0,1,156032,pure_W_fallback,1.0,1.0,156032,0,1,0.5176088809967041,pure_W_fallback,1.0,0.0
Qwen2.5-3B,Qwen2.5-3B-Instruct,2048,151936,2,310016,0.5492799878120422,0.9993997007337432,0.0006002992662567704,0.5538074195570127,0.4461887415895566,0.5934864059090614,37,1,307584,decomposed_hybrid,1.0804806639198845,0.9921552436003304,176512,5,1,0.5530237630009651,decomposed_hybrid,0.569364161849711,0.43063583815028905
Qwen2.5-3B,Qwen2.5-3B-Instruct,2048,151936,4,617984,0.5735723972320557,0.9993997007337432,0.0006002992662567704,0.5538074195570127,0.4461887415895566,0.6200748905539513,75,2,617216,decomposed_hybrid,1.081075193901079,0.9987572493786246,209280,13,1,0.5748030915856361,decomposed_hybrid,0.3386495443247722,0.6613504556752279
Qwen2.5-3B,Qwen2.5-3B-Instruct,2048,151936,8,1233920,0.6014469265937805,0.9993997007337432,0.0006002992662567704,0.5538074195570127,0.4461887415895566,0.6420575007796288,112,5,1230720,decomposed_hybrid,1.0675214593178506,0.9974066390041494,405888,61,1,0.6014476791024208,decomposed_hybrid,0.32894190871369294,0.6710580912863071
Qwen2.5-3B,Qwen2.5-3B-Instruct,2048,151936,16,2465792,0.6307701468467712,0.9993997007337432,0.0006002992662567704,0.5538074195570127,0.4461887415895566,0.6638393551111221,225,10,2463488,decomposed_hybrid,1.0524267174495565,0.9990656146179402,857216,96,3,0.6307849213480949,decomposed_hybrid,0.3476432724252492,0.6523567275747508
Qwen2.5-3B,Qwen2.5-3B-Instruct,2048,151936,32,4929536,0.662178635597229,0.9993997007337432,0.0006002992662567704,0.5538074195570127,0.4461887415895566,0.6885662376880646,338,23,4928128,decomposed_hybrid,1.039849672991996,0.9997143747403406,2348800,197,10,0.662208154797554,decomposed_hybrid,0.47647486497714997,0.52352513502285
Qwen2.5-3B,Qwen2.5-3B-Instruct,2048,151936,64,9857024,0.6965086460113525,0.9993997007337432,0.0006002992662567704,0.5538074195570127,0.4461887415895566,0.7171845138072968,563,49,9853312,decomposed_hybrid,1.0296850124034314,0.9996234157490131,6013440,415,28,0.6965347677469254,decomposed_hybrid,0.6100664865987949,0.3899335134012051
Qwen2.5-14B,Qwen2.5-14B-Instruct,5120,152064,1,162304,0.012055815197527409,0.9998309539329064,0.00016904606709352654,0.04727705015169363,0.9527229028602262,0.012055815197527409,0,1,162304,pure_W_fallback,1.0,1.0,162304,0,1,0.012055815197527409,pure_W_fallback,1.0,0.0
Qwen2.5-14B,Qwen2.5-14B-Instruct,5120,152064,2,319488,0.01847418025135994,0.9998309539329064,0.00016904606709352654,0.04727705015169363,0.9527229028602262,0.01847418025135994,0,2,319488,pure_W_fallback,1.0,1.0,319488,0,2,0.01847418025135994,pure_W_fallback,1.0,0.0
Qwen2.5-14B,Qwen2.5-14B-Instruct,5120,152064,4,633856,0.026330452412366867,0.9998309539329064,0.00016904606709352654,0.04727705015169363,0.9527229028602262,0.026330452412366867,0,4,633856,pure_W_fallback,1.0,1.0,633856,0,4,0.026330452412366867,pure_W_fallback,1.0,0.0
Qwen2.5-14B,Qwen2.5-14B-Instruct,5120,152064,8,1262592,0.03965240344405174,0.9998309539329064,0.00016904606709352654,0.04727705015169363,0.9527229028602262,0.03965240344405174,0,8,1262592,pure_W_fallback,1.0,1.0,1262592,0,8,0.03965240344405174,pure_W_fallback,1.0,0.0
Qwen2.5-14B,Qwen2.5-14B-Instruct,5120,152064,16,2520064,0.061797499656677246,0.9998309539329064,0.00016904606709352654,0.04727705015169363,0.9527229028602262,0.061797499656677246,0,16,2520064,pure_W_fallback,1.0,1.0,2520064,0,16,0.061797499656677246,pure_W_fallback,1.0,0.0
Qwen2.5-14B,Qwen2.5-14B-Instruct,5120,152064,32,5035008,0.09935647994279861,0.9998309539329064,0.00016904606709352654,0.04727705015169363,0.9527229028602262,0.09935647994279861,0,32,5035008,pure_W_fallback,1.0,1.0,5035008,0,32,0.09935647994279861,pure_W_fallback,1.0,0.0
Qwen2.5-14B,Qwen2.5-14B-Instruct,5120,152064,64,10064896,0.1608491986989975,0.9998309539329064,0.00016904606709352654,0.04727705015169363,0.9527229028602262,0.1608491986989975,0,64,10064896,pure_W_fallback,1.0,1.0,10064896,0,64,0.1608491986989975,pure_W_fallback,1.0,0.0
Llama-3.2-1B,Llama-3.2-1B-Instruct,2048,128256,1,132352,0.0682898685336113,0.9582858963221983,0.04171410367780169,0.4080941876317367,0.5919057519091038,0.20771388709545135,31,0,129024,decomposed_hybrid,3.041650124032931,0.9748549323017408,14336,3,0,0.0798630639910698,decomposed_hybrid,0.10831721470019343,0.8916827852998066
Llama-3.2-1B,Llama-3.2-1B-Instruct,2048,128256,2,262656,0.08901307731866837,0.9582858963221983,0.04171410367780169,0.4080941876317367,0.5919057519091038,0.24956464767456055,63,0,260096,decomposed_hybrid,2.803685202131758,0.9902534113060428,18432,4,0,0.09161486476659775,decomposed_hybrid,0.07017543859649122,0.9298245614035088
Llama-3.2-1B,Llama-3.2-1B-Instruct,2048,128256,4,523264,0.11789464205503464,0.9582858963221983,0.04171410367780169,0.4080941876317367,0.5919057519091038,0.293211854994297,95,1,521472,decomposed_hybrid,2.4870668410649417,0.9965753424657534,30720,7,0,0.11830674111843109,decomposed_hybrid,0.05870841487279843,0.9412915851272016
Llama-3.2-1B,Llama-3.2-1B-Instruct,2048,128256,8,1044480,0.1583019495010376,0.9582858963221983,0.04171410367780169,0.4080941876317367,0.5919057519091038,0.33662766963243484,222,1,1041664,decomposed_hybrid,2.1264909920154103,0.9973039215686275,63488,15,0,0.16157087683677673,decomposed_hybrid,0.060784313725490195,0.9392156862745098
Llama-3.2-1B,Llama-3.2-1B-Instruct,2048,128256,16,2086912,0.21197925508022308,0.9582858963221983,0.04171410367780169,0.4080941876317367,0.5919057519091038,0.372514970600605,413,3,2084608,decomposed_hybrid,1.7573180472760297,0.9988959764474975,141312,34,0,0.2134820818901062,decomposed_hybrid,0.06771344455348381,0.9322865554465162
Llama-3.2-1B,Llama-3.2-1B-Instruct,2048,128256,32,4171776,0.276320219039917,0.9582858963221983,0.04171410367780169,0.4080941876317367,0.5919057519091038,0.41073692589998245,763,8,4169728,decomposed_hybrid,1.4864526646913512,0.9995090819833088,419072,70,1,0.2766420915722847,decomposed_hybrid,0.10045409916543938,0.8995459008345607
Llama-3.2-1B,Llama-3.2-1B-Instruct,2048,128256,64,8341504,0.3481598198413849,0.9582858963221983,0.04171410367780169,0.4080941876317367,0.5919057519091038,0.4574817195534706,1145,28,8340480,decomposed_hybrid,1.3139991850923256,0.9998772403633686,1299712,285,1,0.3483029380440712,decomposed_hybrid,0.15581266879450037,0.8441873312054996
Llama-3.1-8B,Llama-3.1-8B-Instruct,4096,128256,1,136448,0.007410005200654268,0.9983613904442429,0.00163860955575709,0.048296668056131815,0.9517032714972986,0.007410005200654268,0,1,136448,pure_W_fallback,1.0,1.0,136448,0,1,0.007410005200654268,pure_W_fallback,1.0,0.0
Llama-3.1-8B,Llama-3.1-8B-Instruct,4096,128256,2,268800,0.011154359206557274,0.9983613904442429,0.00163860955575709,0.048296668056131815,0.9517032714972986,0.011154359206557274,0,2,268800,pure_W_fallback,1.0,1.0,268800,0,2,0.011154359206557274,pure_W_fallback,1.0,0.0
Llama-3.1-8B,Llama-3.1-8B-Instruct,4096,128256,4,533504,0.015278538689017296,0.9983613904442429,0.00163860955575709,0.048296668056131815,0.9517032714972986,0.015278538689017296,0,4,533504,pure_W_fallback,1.0,1.0,533504,0,4,0.015278538689017296,pure_W_fallback,1.0,0.0
Llama-3.1-8B,Llama-3.1-8B-Instruct,4096,128256,8,1062912,0.02158677950501442,0.9983613904442429,0.00163860955575709,0.048296668056131815,0.9517032714972986,0.02158677950501442,0,8,1062912,pure_W_fallback,1.0,1.0,1062912,0,8,0.02158677950501442,pure_W_fallback,1.0,0.0
Llama-3.1-8B,Llama-3.1-8B-Instruct,4096,128256,16,2121728,0.031114982441067696,0.9983613904442429,0.00163860955575709,0.048296668056131815,0.9517032714972986,0.031114982441067696,0,16,2121728,pure_W_fallback,1.0,1.0,2121728,0,16,0.031114982441067696,pure_W_fallback,1.0,0.0
Llama-3.1-8B,Llama-3.1-8B-Instruct,4096,128256,32,4239360,0.04643954336643219,0.9983613904442429,0.00163860955575709,0.048296668056131815,0.9517032714972986,0.04643954336643219,0,32,4239360,pure_W_fallback,1.0,1.0,4239360,0,32,0.04643954336643219,pure_W_fallback,1.0,0.0
Llama-3.1-8B,Llama-3.1-8B-Instruct,4096,128256,64,8474624,0.07052402943372726,0.9983613904442429,0.00163860955575709,0.048296668056131815,0.9517032714972986,0.07052402943372726,0,64,8474624,pure_W_fallback,1.0,1.0,8474624,0,64,0.07052402943372726,pure_W_fallback,1.0,0.0
Llama-3.2-3B,Llama-3.2-3B-Instruct,3072,128256,1,134400,0.05439969152212143,0.9657056778564524,0.03429432214354759,0.40243243090170117,0.5975676235570075,0.15628676116466522,21,0,132096,decomposed_hybrid,2.8729346948798744,0.9828571428571429,15360,2,0,0.05666222423315048,decomposed_hybrid,0.11428571428571428,0.8857142857142857
Llama-3.2-3B,Llama-3.2-3B-Instruct,3072,128256,2,265728,0.07539685815572739,0.9657056778564524,0.03429432214354759,0.40243243090170117,0.5975676235570075,0.1971421092748642,42,0,261120,decomposed_hybrid,2.61472578695096,0.9826589595375722,27648,4,0,0.07856758683919907,decomposed_hybrid,0.10404624277456648,0.8959537572254335
Llama-3.2-3B,Llama-3.2-3B-Instruct,3072,128256,4,528384,0.1006832867860794,0.9657056778564524,0.03429432214354759,0.40243243090170117,0.5975676235570075,0.23776821233332157,64,1,527616,decomposed_hybrid,2.3615459916252526,0.998546511627907,46080,7,0,0.1010369285941124,decomposed_hybrid,0.0872093023255814,0.9127906976744186
Llama-3.2-3B,Llama-3.2-3B-Instruct,3072,128256,8,1053696,0.1349925398826599,0.9657056778564524,0.03429432214354759,0.40243243090170117,0.5975676235570075,0.2834795657545328,149,1,1049856,decomposed_hybrid,2.099964679536683,0.9963556851311953,95232,15,0,0.1374070644378662,decomposed_hybrid,0.09037900874635568,0.9096209912536444
Llama-3.2-3B,Llama-3.2-3B-Instruct,3072,128256,16,2104320,0.17979633808135986,0.9657056778564524,0.03429432214354759,0.40243243090170117,0.5975676235570075,0.32330928556621075,299,2,2102784,decomposed_hybrid,1.798197277076409,0.9992700729927008,199680,32,0,0.18146145343780518,decomposed_hybrid,0.0948905109489051,0.9051094890510949
Llama-3.2-3B,Llama-3.2-3B-Instruct,3072,128256,32,4205568,0.23669859766960144,0.9657056778564524,0.03429432214354759,0.40243243090170117,0.5975676235570075,0.3622287083417177,577,5,4204800,decomposed_hybrid,1.5303373653583658,0.99981738495252,521472,63,1,0.2369105312973261,decomposed_hybrid,0.12399561723886048,0.8760043827611396
Llama-3.2-3B,Llama-3.2-3B-Instruct,3072,128256,64,8408064,0.3024144172668457,0.9657056778564524,0.03429432214354759,0.40243243090170117,0.5975676235570075,0.4062833599746227,919,21,8407296,decomposed_hybrid,1.343465578283342,0.9999086591158203,1455360,215,1,0.3025436643511057,decomposed_hybrid,0.17309097552064304,0.826909024479357
Qwen2.5-7B,Qwen2.5-7B-Instruct,3584,152064,1,159232,0.01878005638718605,0.9997140644190229,0.00028593558097710867,0.03179576674935525,0.9682042083337707,0.01878005638718605,0,1,159232,pure_W_fallback,1.0,1.0,159232,0,1,0.01878005638718605,pure_W_fallback,1.0,0.0
Qwen2.5-7B,Qwen2.5-7B-Instruct,3584,152064,2,314880,0.02827983722090721,0.9997140644190229,0.00028593558097710867,0.03179576674935525,0.9682042083337707,0.02827983722090721,0,2,314880,pure_W_fallback,1.0,1.0,314880,0,2,0.02827983722090721,pure_W_fallback,1.0,0.0
Qwen2.5-7B,Qwen2.5-7B-Instruct,3584,152064,4,626176,0.04225841909646988,0.9997140644190229,0.00028593558097710867,0.03179576674935525,0.9682042083337707,0.04225841909646988,0,4,626176,pure_W_fallback,1.0,1.0,626176,0,4,0.04225841909646988,pure_W_fallback,1.0,0.0
Qwen2.5-7B,Qwen2.5-7B-Instruct,3584,152064,8,1248768,0.05985221266746521,0.9997140644190229,0.00028593558097710867,0.03179576674935525,0.9682042083337707,0.05985221266746521,0,8,1248768,pure_W_fallback,1.0,1.0,1248768,0,8,0.05985221266746521,pure_W_fallback,1.0,0.0
Qwen2.5-7B,Qwen2.5-7B-Instruct,3584,152064,16,2493952,0.0876685082912445,0.9997140644190229,0.00028593558097710867,0.03179576674935525,0.9682042083337707,0.0876685082912445,0,16,2493952,pure_W_fallback,1.0,1.0,2493952,0,16,0.0876685082912445,pure_W_fallback,1.0,0.0
Qwen2.5-7B,Qwen2.5-7B-Instruct,3584,152064,32,4984320,0.13430358469486237,0.9997140644190229,0.00028593558097710867,0.03179576674935525,0.9682042083337707,0.13430358469486237,0,32,4984320,pure_W_fallback,1.0,1.0,4984320,0,32,0.13430358469486237,pure_W_fallback,1.0,0.0
Qwen2.5-7B,Qwen2.5-7B-Instruct,3584,152064,64,9965056,0.2094627022743225,0.9997140644190229,0.00028593558097710867,0.03179576674935525,0.9682042083337707,0.2094627022743225,0,64,9965056,pure_W_fallback,1.0,1.0,9965056,0,64,0.2094627022743225,pure_W_fallback,1.0,0.0
Llama-3.1-70B-Base,Llama-3.1-70B-Instruct,8192,128256,1,144640,0.004017640836536884,0.9984301656151496,0.0015698343848503684,0.08244330223834276,0.917556669548201,0.004017640836536884,0,1,144640,pure_W_fallback,1.0,1.0,144640,0,1,0.004017640836536884,pure_W_fallback,1.0,0.0
Llama-3.1-70B-Base,Llama-3.1-70B-Instruct,8192,128256,2,281088,0.006610310636460781,0.9984301656151496,0.0015698343848503684,0.08244330223834276,0.917556669548201,0.006610310636460781,0,2,281088,pure_W_fallback,1.0,1.0,281088,0,2,0.006610310636460781,pure_W_fallback,1.0,0.0
Llama-3.1-70B-Base,Llama-3.1-70B-Instruct,8192,128256,4,553984,0.009989732876420021,0.9984301656151496,0.0015698343848503684,0.08244330223834276,0.917556669548201,0.009989732876420021,0,4,553984,pure_W_fallback,1.0,1.0,553984,0,4,0.009989732876420021,pure_W_fallback,1.0,0.0
Llama-3.1-70B-Base,Llama-3.1-70B-Instruct,8192,128256,8,1099776,0.01557640265673399,0.9984301656151496,0.0015698343848503684,0.08244330223834276,0.917556669548201,0.01557640265673399,0,8,1099776,pure_W_fallback,1.0,1.0,1099776,0,8,0.01557640265673399,pure_W_fallback,1.0,0.0
Llama-3.1-70B-Base,Llama-3.1-70B-Instruct,8192,128256,16,2191360,0.02452661655843258,0.9984301656151496,0.0015698343848503684,0.08244330223834276,0.917556669548201,0.02452661655843258,0,16,2191360,pure_W_fallback,1.0,1.0,2191360,0,16,0.02452661655843258,pure_W_fallback,1.0,0.0
Llama-3.1-70B-Base,Llama-3.1-70B-Instruct,8192,128256,32,4374528,0.038487065583467484,0.9984301656151496,0.0015698343848503684,0.08244330223834276,0.917556669548201,0.038487065583467484,0,32,4374528,pure_W_fallback,1.0,1.0,4374528,0,32,0.038487065583467484,pure_W_fallback,1.0,0.0
Llama-3.1-70B-Base,Llama-3.1-70B-Instruct,8192,128256,64,8740864,0.060178376734256744,0.9984301656151496,0.0015698343848503684,0.08244330223834276,0.917556669548201,0.060178376734256744,0,64,8740864,pure_W_fallback,1.0,1.0,8740864,0,64,0.060178376734256744,pure_W_fallback,1.0,0.0
Gemma-3-4B,Gemma-3-4B-Instruct,2560,262208,1,267328,0.018168888986110687,0.9531679034284962,0.04683209657150381,0.1009840327263784,0.8990160085664437,0.07840780913829803,51,0,263680,decomposed_hybrid,4.315498278306249,0.9863538424706727,12800,2,0,0.025364605709910393,decomposed_hybrid,0.04788125448886761,0.9521187455111324
Gemma-3-4B,Gemma-3-4B-Instruct,2560,262208,2,532096,0.030754972249269485,0.9531679034284962,0.04683209657150381,0.1009840327263784,0.8990160085664437,0.08426082879304886,103,0,529920,decomposed_hybrid,2.7397465395225735,0.9959105123887418,17920,3,0,0.03264305368065834,decomposed_hybrid,0.03367813326918451,0.9663218667308155
Gemma-3-4B,Gemma-3-4B-Instruct,2560,262208,4,1061632,0.046388816088438034,0.9531679034284962,0.04683209657150381,0.1009840327263784,0.8990160085664437,0.09215002786368132,103,2,1059456,decomposed_hybrid,1.9864707839924551,0.9979503255365324,38400,7,0,0.048199594020843506,decomposed_hybrid,0.03617072582589824,0.9638292741741018
Gemma-3-4B,Gemma-3-4B-Instruct,2560,262208,8,2120704,0.06461799889802933,0.9531679034284962,0.04683209657150381,0.1009840327263784,0.8990160085664437,0.10018487181514502,206,4,2116352,decomposed_hybrid,1.550417430493973,0.9979478512795751,94720,18,0,0.06488397717475891,decomposed_hybrid,0.04466441332689522,0.9553355866731048
Gemma-3-4B,Gemma-3-4B-Instruct,2560,262208,16,4238848,0.08493389934301376,0.9531679034284962,0.04683209657150381,0.1009840327263784,0.8990160085664437,0.11029595695436001,258,11,4235968,decomposed_hybrid,1.2986093633699676,0.9993205701171639,574528,60,1,0.08505827514454722,decomposed_hybrid,0.13553871240487983,0.8644612875951202
Gemma-3-4B,Gemma-3-4B-Instruct,2560,262208,32,8475136,0.10734844207763672,0.9531679034284962,0.04683209657150381,0.1009840327263784,0.8990160085664437,0.12474241107702255,361,25,8470080,decomposed_hybrid,1.1620328032968203,0.9994034314021627,3557952,229,9,0.10735402442514896,decomposed_hybrid,0.4198106083489398,0.5801893916510602
Gemma-3-4B,Gemma-3-4B-Instruct,2560,262208,64,16947712,0.13497519493103027,0.9531679034284962,0.04683209657150381,0.1009840327263784,0.8990160085664437,0.1468222700059414,517,54,16947072,decomposed_hybrid,1.087772239047069,0.9999622367904293,12143936,458,37,0.1349821463227272,decomposed_hybrid,0.7165531252832241,0.2834468747167759
Gemma-2-9B,Gemma-2-9B-Instruct,3584,256000,1,263168,0.08386193215847015,0.9878627279082711,0.01213727209172885,0.26866272928414836,0.7313366621629243,0.21806444227695465,36,0,261632,decomposed_hybrid,2.600279252627855,0.9941634241245136,17920,2,0,0.11844101548194885,decomposed_hybrid,0.06809338521400778,0.9319066147859922
Gemma-2-9B,Gemma-2-9B-Instruct,3584,256000,2,522752,0.1268921047449112,0.9878627279082711,0.01213727209172885,0.26866272928414836,0.7313366621629243,0.23136429488658905,72,0,519680,decomposed_hybrid,1.8233151333701678,0.9941234084231146,25088,3,0,0.13676227629184723,decomposed_hybrid,0.047992164544564155,0.9520078354554359
Gemma-2-9B,Gemma-2-9B-Instruct,3584,256000,4,1041920,0.16089174151420593,0.9878627279082711,0.01213727209172885,0.26866272928414836,0.7313366621629243,0.24822771828621626,108,1,1037312,decomposed_hybrid,1.5428244852722848,0.9955773955773956,46592,6,0,0.1657049059867859,decomposed_hybrid,0.04471744471744472,0.9552825552825552
Gemma-2-9B,Gemma-2-9B-Instruct,3584,256000,8,2080256,0.19529302418231964,0.9878627279082711,0.01213727209172885,0.26866272928414836,0.7313366621629243,0.26276537775993347,181,3,2079744,decomposed_hybrid,1.3454929015519965,0.9997538764459759,111104,15,0,0.19597338140010834,decomposed_hybrid,0.053408811223234064,0.946591188776766
Gemma-2-9B,Gemma-2-9B-Instruct,3584,256000,16,4156928,0.225343257188797,0.9878627279082711,0.01213727209172885,0.26866272928414836,0.7313366621629243,0.2768601309508085,253,9,4153344,decomposed_hybrid,1.2286151110297021,0.9991378248552777,376320,52,0,0.22565650939941406,decomposed_hybrid,0.09052839019583693,0.9094716098041631
Gemma-2-9B,Gemma-2-9B-Instruct,3584,256000,32,8310272,0.25481271743774414,0.9878627279082711,0.01213727209172885,0.26866272928414836,0.7313366621629243,0.2929174192249775,507,18,8310272,decomposed_hybrid,1.1495400314803483,1.0,1375744,119,2,0.25491960532963276,decomposed_hybrid,0.16554740927854106,0.8344525907214589
Gemma-2-9B,Gemma-2-9B-Instruct,3584,256000,64,16616960,0.284685879945755,0.9878627279082711,0.01213727209172885,0.26866272928414836,0.7313366621629243,0.3128402344882488,724,44,16614912,decomposed_hybrid,1.098896209913391,0.9998767524264366,5885440,386,12,0.28469984605908394,decomposed_hybrid,0.35418271452780775,0.6458172854721922
Qwen2.5-32B,Qwen2.5-32B-Instruct,5120,152064,1,162304,0.011465039104223251,0.9998697145588493,0.00013028544115068803,0.049104489454442984,0.9508954720585722,0.011465039104223251,0,1,162304,pure_W_fallback,1.0,1.0,162304,0,1,0.011465039104223251,pure_W_fallback,1.0,0.0
Qwen2.5-32B,Qwen2.5-32B-Instruct,5120,152064,2,319488,0.018455244600772858,0.9998697145588493,0.00013028544115068803,0.049104489454442984,0.9508954720585722,0.018455244600772858,0,2,319488,pure_W_fallback,1.0,1.0,319488,0,2,0.018455244600772858,pure_W_fallback,1.0,0.0
Qwen2.5-32B,Qwen2.5-32B-Instruct,5120,152064,4,633856,0.027821367606520653,0.9998697145588493,0.00013028544115068803,0.049104489454442984,0.9508954720585722,0.027821367606520653,0,4,633856,pure_W_fallback,1.0,1.0,633856,0,4,0.027821367606520653,pure_W_fallback,1.0,0.0
Qwen2.5-32B,Qwen2.5-32B-Instruct,5120,152064,8,1262592,0.04371041804552078,0.9998697145588493,0.00013028544115068803,0.049104489454442984,0.9508954720585722,0.04371041804552078,0,8,1262592,pure_W_fallback,1.0,1.0,1262592,0,8,0.04371041804552078,pure_W_fallback,1.0,0.0
Qwen2.5-32B,Qwen2.5-32B-Instruct,5120,152064,16,2520064,0.06998145580291748,0.9998697145588493,0.00013028544115068803,0.049104489454442984,0.9508954720585722,0.06998145580291748,0,16,2520064,pure_W_fallback,1.0,1.0,2520064,0,16,0.06998145580291748,pure_W_fallback,1.0,0.0
Qwen2.5-32B,Qwen2.5-32B-Instruct,5120,152064,32,5035008,0.11402290314435959,0.9998697145588493,0.00013028544115068803,0.049104489454442984,0.9508954720585722,0.11402290314435959,0,32,5035008,pure_W_fallback,1.0,1.0,5035008,0,32,0.11402290314435959,pure_W_fallback,1.0,0.0
Qwen2.5-32B,Qwen2.5-32B-Instruct,5120,152064,64,10064896,0.18516692519187927,0.9998697145588493,0.00013028544115068803,0.049104489454442984,0.9508954720585722,0.18516692519187927,0,64,10064896,pure_W_fallback,1.0,1.0,10064896,0,64,0.18516692519187927,pure_W_fallback,1.0,0.0
Gemma-2-2B,Gemma-2-2B-Instruct,2304,256000,1,260608,0.23200497031211853,0.9989458769818493,0.0010541230181506573,0.3685498521808143,0.631449765319352,0.30116820335388184,56,0,260352,decomposed_hybrid,1.2981109971425067,0.9990176817288802,39168,8,0,0.23655174672603607,decomposed_hybrid,0.15029469548133595,0.849705304518664
Gemma-2-2B,Gemma-2-2B-Instruct,2304,256000,2,518912,0.275238037109375,0.9989458769818493,0.0010541230181506573,0.3685498521808143,0.631449765319352,0.4060799926519394,56,1,518656,decomposed_hybrid,1.4753774475239771,0.9995066600888012,112896,24,0,0.2763844132423401,decomposed_hybrid,0.21756290083867785,0.7824370991613221
Gemma-2-2B,Gemma-2-2B-Instruct,2304,256000,4,1035520,0.3393592834472656,0.9989458769818493,0.0010541230181506573,0.3685498521808143,0.631449765319352,0.4396860748529434,112,2,1035008,decomposed_hybrid,1.2956359124363486,0.9995055624227441,297472,8,1,0.34146353602409363,decomposed_hybrid,0.2872682323856613,0.7127317676143388
Gemma-2-2B,Gemma-2-2B-Instruct,2304,256000,8,2068736,0.39636412262916565,0.9989458769818493,0.0010541230181506573,0.3685498521808143,0.631449765319352,0.4794476330280304,168,5,2067968,decomposed_hybrid,1.2096141039399695,0.9996287588169781,444928,40,1,0.3966112583875656,decomposed_hybrid,0.21507239203068926,0.7849276079693107
Gemma-2-2B,Gemma-2-2B-Instruct,2304,256000,16,4135168,0.4501577317714691,0.9989458769818493,0.0010541230181506573,0.3685498521808143,0.631449765319352,0.5183803588151932,280,11,4133888,decomposed_hybrid,1.1515527163673345,0.999690459976475,1233408,99,3,0.4502362310886383,decomposed_hybrid,0.29827276666873026,0.7017272333312697
Gemma-2-2B,Gemma-2-2B-Instruct,2304,256000,32,8268032,0.5050368309020996,0.9989458769818493,0.0010541230181506573,0.3685498521808143,0.631449765319352,0.5598621219396591,504,23,8265728,decomposed_hybrid,1.1085570154153515,0.9997213363470291,3276032,262,8,0.5050583183765411,decomposed_hybrid,0.39622875189646095,0.6037712481035391
Gemma-2-2B,Gemma-2-2B-Instruct,2304,256000,64,16533760,0.5639730095863342,0.9989458769818493,0.0010541230181506573,0.3685498521808143,0.631449765319352,0.6068014204502106,728,51,16530432,decomposed_hybrid,1.0759405328550924,0.9997987148718743,8823808,513,25,0.5639996379613876,decomposed_hybrid,0.5336842920182705,0.4663157079817295
Qwen2.5-72B-Base,Qwen2.5-72B-Instruct,8192,152064,1,168448,0.00471070222556591,0.9996624244489689,0.000337575551031072,0.07344402209621359,0.926556004261015,0.00471070222556591,0,1,168448,pure_W_fallback,1.0,1.0,168448,0,1,0.00471070222556591,pure_W_fallback,1.0,0.0
Qwen2.5-72B-Base,Qwen2.5-72B-Instruct,8192,152064,2,328704,0.008207952603697777,0.9996624244489689,0.000337575551031072,0.07344402209621359,0.926556004261015,0.008207952603697777,0,2,328704,pure_W_fallback,1.0,1.0,328704,0,2,0.008207952603697777,pure_W_fallback,1.0,0.0
Qwen2.5-72B-Base,Qwen2.5-72B-Instruct,8192,152064,4,649216,0.013111963868141174,0.9996624244489689,0.000337575551031072,0.07344402209621359,0.926556004261015,0.013111963868141174,0,4,649216,pure_W_fallback,1.0,1.0,649216,0,4,0.013111963868141174,pure_W_fallback,1.0,0.0
Qwen2.5-72B-Base,Qwen2.5-72B-Instruct,8192,152064,8,1290240,0.021025076508522034,0.9996624244489689,0.000337575551031072,0.07344402209621359,0.926556004261015,0.021025076508522034,0,8,1290240,pure_W_fallback,1.0,1.0,1290240,0,8,0.021025076508522034,pure_W_fallback,1.0,0.0
Qwen2.5-72B-Base,Qwen2.5-72B-Instruct,8192,152064,16,2572288,0.03496118262410164,0.9996624244489689,0.000337575551031072,0.07344402209621359,0.926556004261015,0.03496118262410164,0,16,2572288,pure_W_fallback,1.0,1.0,2572288,0,16,0.03496118262410164,pure_W_fallback,1.0,0.0
Qwen2.5-72B-Base,Qwen2.5-72B-Instruct,8192,152064,32,5136384,0.0586090125143528,0.9996624244489689,0.000337575551031072,0.07344402209621359,0.926556004261015,0.0586090125143528,0,32,5136384,pure_W_fallback,1.0,1.0,5136384,0,32,0.0586090125143528,pure_W_fallback,1.0,0.0
Qwen2.5-72B-Base,Qwen2.5-72B-Instruct,8192,152064,64,10264576,0.0974748358130455,0.9996624244489689,0.000337575551031072,0.07344402209621359,0.926556004261015,0.0974748358130455,0,64,10264576,pure_W_fallback,1.0,1.0,10264576,0,64,0.0974748358130455,pure_W_fallback,1.0,0.0
Gemma-3-12B,Gemma-3-12B-Instruct,3840,262208,1,269888,0.0340232253074646,0.962656724315314,0.037343275684686005,0.12327494939683,0.8767249241795274,0.07415088266134262,34,0,264960,decomposed_hybrid,2.179419558000403,0.9817405738676784,19200,2,0,0.03901796415448189,decomposed_hybrid,0.0711406212947593,0.9288593787052407
Gemma-3-12B,Gemma-3-12B-Instruct,3840,262208,2,535936,0.0418589748442173,0.962656724315314,0.037343275684686005,0.12327494939683,0.8767249241795274,0.08088190853595734,69,0,533760,decomposed_hybrid,1.9322477159789053,0.9959398137090996,26880,3,0,0.04389967396855354,decomposed_hybrid,0.050155242417005017,0.949844757582995
Gemma-3-12B,Gemma-3-12B-Instruct,3840,262208,4,1068032,0.055772341787815094,0.962656724315314,0.037343275684686005,0.12327494939683,0.8767249241795274,0.0906096687540412,103,1,1060928,decomposed_hybrid,1.6246344666459247,0.9933485139022051,65280,8,0,0.05628179758787155,decomposed_hybrid,0.06112176414189837,0.9388782358581016
Gemma-3-12B,Gemma-3-12B-Instruct,3840,262208,8,2132224,0.06979312747716904,0.962656724315314,0.037343275684686005,0.12327494939683,0.8767249241795274,0.09956152178347111,173,3,2130624,decomposed_hybrid,1.4265232893602597,0.9992496097970945,180480,23,0,0.06999675184488297,decomposed_hybrid,0.08464401488774162,0.9153559851122584
Gemma-3-12B,Gemma-3-12B-Instruct,3840,262208,16,4260608,0.08547904342412949,0.962656724315314,0.037343275684686005,0.12327494939683,0.8767249241795274,0.11100838705897331,277,8,4259584,decomposed_hybrid,1.2986620183402435,0.9997596587153759,715328,58,1,0.08553761150687933,decomposed_hybrid,0.1678934086402692,0.8321065913597308
Gemma-3-12B,Gemma-3-12B-Instruct,3840,262208,32,8517376,0.10422154515981674,0.962656724315314,0.037343275684686005,0.12327494939683,0.8767249241795274,0.12674136087298393,519,17,8512576,decomposed_hybrid,1.2160763945557953,0.9994364461543086,2908480,205,5,0.10424109641462564,decomposed_hybrid,0.34147606023263505,0.658523939767365
Gemma-3-12B,Gemma-3-12B-Instruct,3840,262208,64,17030912,0.12770159542560577,0.962656724315314,0.037343275684686005,0.12327494939683,0.8767249241795274,0.1481262370944023,866,39,17030592,decomposed_hybrid,1.1599403797636592,0.999981210636283,8832384,526,18,0.12771500274538994,decomposed_hybrid,0.518608985825304,0.481391014174696
Gemma-3-27B,Gemma-3-27B-Instruct,5376,262208,1,272960,0.019437016919255257,0.9675574083518943,0.032442591648105645,0.09911744841666441,0.9008825098104917,0.05005786567926407,24,0,263424,decomposed_hybrid,2.575388285517944,0.9650644783118406,26880,2,0,0.024133237078785896,decomposed_hybrid,0.0984759671746776,0.9015240328253225
Gemma-3-27B,Gemma-3-27B-Instruct,5376,262208,2,540544,0.026580652222037315,0.9675574083518943,0.032442591648105645,0.09911744841666441,0.9008825098104917,0.056052058935165405,49,0,532224,decomposed_hybrid,2.1087540842468164,0.9846080985081695,37632,3,0,0.02818588726222515,decomposed_hybrid,0.06961875443997158,0.9303812455600284
Gemma-3-27B,Gemma-3-27B-Instruct,5376,262208,4,1075712,0.03576241433620453,0.9675574083518943,0.032442591648105645,0.09911744841666441,0.9008825098104917,0.062269343761727214,74,1,1068608,decomposed_hybrid,1.7411951882311274,0.9933960019038554,80640,7,0,0.03685138374567032,decomposed_hybrid,0.07496430271299381,0.9250356972870062
Gemma-3-27B,Gemma-3-27B-Instruct,5376,262208,8,2146048,0.046902529895305634,0.9675574083518943,0.032442591648105645,0.09911744841666441,0.9008825098104917,0.07098057307302952,99,4,2140160,decomposed_hybrid,1.5133634205120734,0.9972563521412382,198912,18,0,0.04739405959844589,decomposed_hybrid,0.09268758201121317,0.9073124179887868
Gemma-3-27B,Gemma-3-27B-Instruct,5376,262208,16,4286720,0.06253429502248764,0.9675574083518943,0.032442591648105645,0.09911744841666441,0.9008825098104917,0.0835447870194912,149,10,4283264,decomposed_hybrid,1.335983510959036,0.9991937891908033,1100864,77,1,0.06258402648381889,decomposed_hybrid,0.25680800238877277,0.7431919976112272
Gemma-3-27B,Gemma-3-27B-Instruct,5376,262208,32,8568064,0.08272945880889893,0.9675574083518943,0.032442591648105645,0.09911744841666441,0.9008825098104917,0.09943755529820919,248,22,8558720,decomposed_hybrid,1.2019606646757495,0.9989094385849592,4132736,135,10,0.08278502151370049,decomposed_hybrid,0.4823418685948191,0.5176581314051809
Gemma-3-27B,Gemma-3-27B-Instruct,5376,262208,64,17130752,0.10648152232170105,0.9675574083518943,0.032442591648105645,0.09911744841666441,0.9008825098104917,0.1201905757188797,423,47,17129920,decomposed_hybrid,1.1287458433939457,0.9999514323714452,11130688,313,29,0.10650074481964111,decomposed_hybrid,0.6497489427200861,0.3502510572799139
Gemma-2-27B,Gemma-2-27B-Instruct,4608,256000,1,265216,0.08144690096378326,0.9964781784501565,0.003521821549843446,0.32016493263309553,0.6798346816858805,0.24408675730228424,28,0,262656,decomposed_hybrid,2.9968820718030944,0.9903474903474904,23040,2,0,0.10131656378507614,decomposed_hybrid,0.08687258687258688,0.9131274131274131
Gemma-2-27B,Gemma-2-27B-Instruct,4608,256000,2,525824,0.12983213365077972,0.9964781784501565,0.003521821549843446,0.32016493263309553,0.6798346816858805,0.2752876188606024,28,1,523264,decomposed_hybrid,2.1203350135265153,0.9951314508276533,32256,3,0,0.1310308575630188,decomposed_hybrid,0.06134371957156767,0.9386562804284323
Gemma-2-27B,Gemma-2-27B-Instruct,4608,256000,4,1047040,0.18742996454238892,0.9964781784501565,0.003521821549843446,0.32016493263309553,0.6798346816858805,0.3048767503350973,84,1,1039360,decomposed_hybrid,1.6266169130397865,0.9926650366748166,78336,8,0,0.19109895825386047,decomposed_hybrid,0.07481662591687041,0.9251833740831296
Gemma-2-27B,Gemma-2-27B-Instruct,4608,256000,8,2089472,0.24183224141597748,0.9964781784501565,0.003521821549843446,0.32016493263309553,0.6798346816858805,0.3267351984977722,113,4,2088448,decomposed_hybrid,1.351082041768585,0.9995099240382259,253440,27,0,0.24275392293930054,decomposed_hybrid,0.12129380053908356,0.8787061994609164
Gemma-2-27B,Gemma-2-27B-Instruct,4608,256000,16,4174336,0.2872562110424042,0.9964781784501565,0.003521821549843446,0.32016493263309553,0.6798346816858805,0.34894583001732826,197,9,4165632,decomposed_hybrid,1.214754691468856,0.9979148779590334,643072,41,1,0.2878140565007925,decomposed_hybrid,0.15405372255611433,0.8459462774438857
Gemma-2-27B,Gemma-2-27B-Instruct,4608,256000,32,8344064,0.33262115716934204,0.9964781784501565,0.003521821549843446,0.32016493263309553,0.6798346816858805,0.3743128031492233,311,21,8343552,decomposed_hybrid,1.1253427362669401,0.9999386390133154,2524160,132,5,0.33270206302404404,decomposed_hybrid,0.30250966435540283,0.6974903356445972
Gemma-2-27B,Gemma-2-27B-Instruct,4608,256000,64,16683520,0.3754139244556427,0.9964781784501565,0.003521821549843446,0.32016493263309553,0.6798346816858805,0.4035028889775276,480,47,16676864,decomposed_hybrid,1.074821317729795,0.9996010434248888,8576512,308,22,0.3754193037748337,decomposed_hybrid,0.5140708915145006,0.4859291084854994
