model_a,model_b,side,matrix_kind,n,d,delta_fro_norm_sq,r1,r5,r10,a_bias,B5,B10,R2_aff_full,rank_Z,k_eta90,R2_aff_k_eta90,a1_k_eta90,random_baseline_k_over_n_eta90,a1_over_baseline_eta90,A5_K_eta90,A5_K_over_baseline_eta90,R2_aff_K_L5_eta90,A10_K_eta90,A10_K_over_baseline_eta90,R2_aff_K_L10_eta90,k_eta95,R2_aff_k_eta95,a1_k_eta95,random_baseline_k_over_n_eta95,a1_over_baseline_eta95,A5_K_eta95,A5_K_over_baseline_eta95,R2_aff_K_L5_eta95,A10_K_eta95,A10_K_over_baseline_eta95,R2_aff_K_L10_eta95,k_eta99,R2_aff_k_eta99,a1_k_eta99,random_baseline_k_over_n_eta99,a1_over_baseline_eta99,A5_K_eta99,A5_K_over_baseline_eta99,R2_aff_K_L5_eta99,A10_K_eta99,A10_K_over_baseline_eta99,R2_aff_K_L10_eta99
Qwen3-0.6B-Base,Qwen3-0.6B,E,embed,151936,1024,2390.7734375,0.13680542251869982,0.21633772126894082,0.2741310077969015,0.8058977127075195,0.5111296946604702,0.40445089929715783,0.38791913247216675,1025,676,0.3341872257114754,0.9307430982589722,0.004449241786015164,209.19139552821775,0.743213510152534,167.04273354812932,0.16078511720269004,0.7095045274510772,159.46639035918176,0.19449719114662817,830,0.3484919185981916,0.9332767724990845,0.005462826453243471,170.84137314026614,0.7489244801949294,137.0946865336106,0.16202061544789703,0.7177848783227151,131.394413581735,0.19676709207598223,973,0.3642451530787304,0.936791718006134,0.006404012215669756,146.28200047993832,0.757751141662975,118.32443726588464,0.16393015527630636,0.7312264209807754,114.18254624679865,0.20045183571118133
Qwen3-1.7B-Base,Qwen3-1.7B,E,embed,151936,2048,3343.90966796875,0.09695324128068067,0.18351341502822513,0.22984379980687253,0.7648884654045105,0.4064709955034171,0.327073812351676,0.34901060507186643,2049,1557,0.31348809716592096,0.9308536052703857,0.010247735888795283,90.83505033420765,0.7843986008066974,76.54360039317044,0.14394766597739855,0.7268206351087055,70.92499679889292,0.16705521655142927,1774,0.32191814876830505,0.9328974485397339,0.011675968828980624,79.89893277414487,0.7899650480168298,67.65734472124298,0.14496918371450426,0.7329208399630125,62.77173660688854,0.1684573108147435,1975,0.33154506202755796,0.9361730813980103,0.012998894271272115,72.01943964318384,0.799377595899137,61.495814891408244,0.14669651252050317,0.7432102502754844,57.1748823219524,0.17082226797873407
Qwen3-4B-Base,Qwen3-4B,E,embed,151936,2560,2635.8828125,0.09965189426721953,0.1655033850546692,0.2080486443109371,0.7782867550849915,0.4709368526345546,0.377311306852912,0.35336661363750876,2561,1795,0.3118985130100506,0.9380996823310852,0.011814184919966301,79.40451996359653,0.811138108196043,68.65798306789638,0.13424610265328563,0.7747336294465396,65.57656196300248,0.16118228130844445,2131,0.32240193557661245,0.9398433566093445,0.014025642375737153,67.00893488024278,0.8171764605970538,58.26303271575503,0.1352454704158059,0.7821473297501172,55.765526369269736,0.16272469160593137,2447,0.33369912831623655,0.9428876638412476,0.01610546545914069,58.54457707126432,0.8275771200183225,51.384861997181794,0.1369668147568266,0.7943668966389207,49.32281520544792,0.16526695593121374
Qwen3-8B-Base,Qwen3-8B,E,embed,151936,4096,1390.450439453125,0.006977194183434191,0.023145853872984408,0.035873402296812185,0.09731951355934143,0.041040428735526054,0.026611593106559053,0.07412440729480614,4097,2324,0.0547763083849184,0.12402904778718948,0.015295914069081719,8.108639158603452,0.08568886211935747,5.6020752818273225,0.001983341881156957,0.07095488938643257,4.638813284774965,0.002545393291885305,2725,0.060715799341033855,0.126649409532547,0.017935183235046337,7.061506307059471,0.08831729087574496,4.924248039081536,0.0020441791090678517,0.07361072277686889,4.10426377094545,0.0026406670715337336,3402,0.06816349511042906,0.1312861144542694,0.022391006739679864,5.863341295039353,0.09309768404964877,4.15781590939666,0.002154825390926442,0.07850365297184293,3.5060349846942764,0.002816193124828257
Qwen3-8B-Base,Qwen3-8B,U,lm_head,151936,4096,3518.26025390625,0.07094559640502807,0.1450622186397224,0.18422701066991867,0.7163262963294983,0.35169463756033803,0.2821627667398344,0.3442312755286072,4097,3087,0.31096190813635943,0.9123169183731079,0.020317765374894693,44.90242413668174,0.7961231531741731,39.18359812137064,0.11548739090989711,0.7689122674192495,37.84433244658603,0.14165440849407743,3526,0.3196972005845063,0.9147945642471313,0.023207139848357202,39.418669005516776,0.8021771984108296,34.56596563180596,0.11636560414367174,0.7758102836027922,33.42981033734369,0.14292520939512424,3942,0.3290890841961935,0.9187542200088501,0.025945134793597304,35.411425969372054,0.812052648176892,31.29884098259875,0.11779815879680189,0.7870131918568134,30.33374843174957,0.1449890876935719
Qwen3-14B-Base,Qwen3-14B,E,embed,151936,5120,1298.2218017578125,0.007997407013217543,0.027901796943178268,0.04399617283745147,0.10191284865140915,0.035100555848733235,0.022419843778301276,0.0798058642601297,5121,2069,0.05098902843084737,0.1267223060131073,0.013617575821398484,9.305790375257356,0.07649629790484383,5.617468109458846,0.0021343841710458255,0.06272625574841459,4.606271818942059,0.002759715189353432,2461,0.05683313347499721,0.1294766664505005,0.01619760951979781,7.99356635263033,0.07929943429403756,4.895749227508691,0.002212596713381143,0.06550212237851724,4.043937613044451,0.002881842697385142,3693,0.06847711473955934,0.13871076703071594,0.024306286857624263,5.706785567175428,0.08861423944157533,3.645733301867097,0.0024724965151730134,0.07472701876412893,3.0743905559021645,0.0032877028331740957
Qwen3-14B-Base,Qwen3-14B,U,lm_head,151936,5120,3171.772705078125,0.06270665787327963,0.13401886960486178,0.17302270601245529,0.7402971982955933,0.3535633303218566,0.2772925801831404,0.3515391621697159,5121,3821,0.3144704636025438,0.9115936756134033,0.025148746840775064,36.2480755556132,0.8461952872782242,33.64761244907204,0.1134061358659889,0.8049022427545395,32.005660077245146,0.1392663641168846,4380,0.324464243420412,0.9142338633537292,0.028827927548441448,31.71347859874708,0.8523786741499854,29.567809642842963,0.11423482638487185,0.8127484470080925,28.193093160872497,0.14062393560876077,4918,0.3359556469686022,0.9190247058868408,0.032368892165122155,28.39221994990302,0.8633717607719642,26.672885694316623,0.1157081074274178,0.8260803656490446,25.520810580572032,0.1429306602483562
Qwen3-30B-A3B-Base,Qwen3-30B-A3B,E,embed,151936,2048,1055.433837890625,0.00222946414676871,0.009440209208437455,0.01716288019681443,0.05444168299436569,0.017580218801543413,0.009905079958865347,0.04113942836053284,2049,1219,0.028884537030161757,0.09029628336429596,0.0080231149957877,11.254516906675693,0.05460770821432564,6.806297584291863,0.0005155081899365425,0.04923372940503324,6.13648557086393,0.0008449925994209654,1564,0.03431979311746294,0.09267894923686981,0.010293807919123842,9.003368817936733,0.057207085060699665,5.55742690267421,0.0005400468511778817,0.0517562554872002,5.027901811830722,0.0008882864123625365,1922,0.0394253346069691,0.09527187049388885,0.012650063184498737,7.531335543891517,0.059836636578459314,4.7301452732491125,0.000564870367629897,0.05440801178085694,4.301007116512112,0.0009337981879417159
Qwen3-30B-A3B-Base,Qwen3-30B-A3B,U,lm_head,151936,2048,1721.5504150390625,0.09100016797914705,0.17785038595850328,0.22183957941822205,0.7570258378982544,0.3888332273149794,0.3148184262210091,0.35954755820080364,2049,1447,0.3176621103357094,0.8940497040748596,0.009523746840775064,93.87583679220309,0.7382694894194614,77.51880659601609,0.13130151363463835,0.7144293892089745,75.01557959837922,0.15848871522613617,1702,0.3298158873386764,0.8973524570465088,0.011202085088458298,80.10584190001079,0.7465064277821645,66.63995335576436,0.1327664563015615,0.7233775081782036,64.57525563017833,0.16047376217485415,1950,0.343323105443042,0.9025355577468872,0.012834351305812975,70.32186794965695,0.7607847178878513,59.277224049747986,0.13530585570768539,0.7389170139077006,57.573382269271995,0.16392103959025284
Qwen3.5-0.8B-Base,Qwen3.5-0.8B-Instruct,E,embed,248320,1024,198.681640625,0.04566227209541657,0.09728263624354878,0.13222296249078397,0.6128347516059875,0.2909418407035143,0.21454025901043985,0.1444798322683706,1025,435,0.09457483411157533,0.7317748069763184,0.001751771907216495,417.73406912266523,0.498110983855462,284.3469414045708,0.04845754965132711,0.4160761595534513,237.51731480531728,0.055014822437945435,686,0.10966613994531826,0.7430558204650879,0.002762564432989691,268.9732089473624,0.5232550543332062,189.40917651898215,0.050903631113295655,0.4426735200777743,160.2400707080363,0.05853160424090685,933,0.12780024076861637,0.7611597180366516,0.0037572487113402063,202.58433138570345,0.5615135398322133,149.44806239135605,0.05462551744132465,0.4857124965240442,129.27344816382706,0.06422234520920374
Qwen3.5-2B-Base,Qwen3.5-2B-Instruct,E,embed,248320,2048,371.875244140625,0.054841723941882914,0.0824928472998639,0.10371663441003519,0.6732665300369263,0.44875630517729603,0.3570710810082128,0.14796424191554497,2049,975,0.10304706379854005,0.8299685120582581,0.0039263853092783504,211.38233939928887,0.6705591805022854,170.78282636136154,0.055316336082696906,0.5730270457279254,145.94264204631634,0.05943243660882575,1436,0.11569461696125462,0.835124135017395,0.005782860824742268,144.4136665790526,0.6842328537228711,118.32082328444523,0.056444316319710926,0.5900215927480332,102.02936066238969,0.06119505382907443,1885,0.13090612712964342,0.8429178595542908,0.007591011597938144,111.04157182202731,0.7050112760768603,92.87448279862384,0.058158387542090635,0.6169635207968666,81.27553394391401,0.06398937993081676
Qwen3.5-4B-Base,Qwen3.5-4B-Instruct,E,embed,248320,2560,306.1229248046875,0.04801379688000322,0.07356857257814646,0.09252553151040431,0.6113723516464233,0.4008048186983464,0.3190536773963637,0.14613817057380712,2561,1237,0.1005245806614591,0.8041654825210571,0.004981475515463917,161.43118239258604,0.649564505758372,130.39600490696762,0.04778753348607263,0.559210044746708,112.25791294381773,0.05174120661614613,1805,0.11486286162266789,0.8143912553787231,0.007268846649484536,112.03857979814101,0.6672359374174254,91.79392131827981,0.049087595488641445,0.5795925274499427,79.73651879023257,0.05362710666176455,2358,0.13148344049408256,0.8271769881248474,0.009495811855670102,87.10966483933933,0.6930031105642649,72.9798695569628,0.05098324963642838,0.6093493003482618,64.17032157017829,0.05638036789021592
Qwen3.5-9B-Base,Qwen3.5-9B-Instruct,E,embed,248320,4096,264.84552001953125,0.004826171938465336,0.016099004137601403,0.025541907905759297,0.006185067351907492,0.006311879804020027,0.004054188632941694,0.029395654518924907,4097,2690,0.02067307780944495,0.028282560408115387,0.010832796391752577,2.6108272864472912,0.026429302551072332,2.439748851108655,0.0004254854511236328,0.024296847905617446,2.2428971271088938,0.0006205878516055215,3306,0.024633305752588767,0.03098112717270851,0.01331346649484536,2.3270518752350204,0.0290095656125828,2.1789641055403997,0.0004670251168269899,0.02686638883249733,2.017985987563744,0.0006862188293199668,3898,0.028238178228205978,0.03328684717416763,0.01569748711340206,2.1205207517417413,0.03157388167614097,2.0113972031347678,0.0005083080517443306,0.029418560718202914,1.8740936371329264,0.0007514061685843269
Qwen3.5-9B-Base,Qwen3.5-9B-Instruct,U,lm_head,248320,4096,520.1258544921875,0.050984528750107665,0.09736564865493463,0.12415793331926735,0.7203490138053894,0.38040385221035977,0.2983717858520486,0.23951773886137365,4097,2677,0.18838703987987432,0.88409423828125,0.010780444587628866,82.00907032125514,0.7125439688258134,66.09597248368546,0.06937730571988684,0.6448738146588007,59.818851571189164,0.08006620007974895,3282,0.20219340130222202,0.8893105983734131,0.013216817010309278,67.28629122123277,0.7312369859921198,55.32625483289555,0.0711973634616021,0.6681712148680315,50.55462403291578,0.08295875714143891,3872,0.21969850765254334,0.8980409502983093,0.01559278350515464,57.593370035660165,0.761560438817111,48.84057029108084,0.07414982611536468,0.7053613189931637,45.23639533377645,0.08757620360954368
Qwen3.5-35B-A3B-Base,Qwen3.5-35B-A3B-Instruct,E,embed,248320,2048,104.29498291015625,0.005163580455250241,0.021143606340295266,0.034970125972264246,0.011246914975345135,0.00589629008417195,0.0038480552453923522,0.020196334960284276,2049,750,0.009909639720904346,0.018096663057804108,0.0030202963917525774,5.991684494018554,0.017493235130382624,5.791893530102151,0.00036987007721503396,0.015830202007818008,5.24127435010849,0.0005535841583797862,1296,0.014611363684910015,0.020886801183223724,0.005219072164948453,4.002014251402867,0.020027750216722335,3.8374158439942057,0.0004234588664641403,0.01831457923653156,3.509163824086047,0.0006404631430305238,1871,0.018927093861136293,0.023985836654901505,0.007534632731958763,3.1834115222582264,0.022567603624522956,2.995182967419316,0.000477160527080734,0.020852875603480883,2.767603457967062,0.0007292276867376823
Qwen3.5-35B-A3B-Base,Qwen3.5-35B-A3B-Instruct,U,lm_head,248320,2048,248.61416625976562,0.05453732307472489,0.10494010131111316,0.13667838465890447,0.6642695069313049,0.3478756237360604,0.267352793947619,0.23595676055340462,2049,1224,0.18133449778796992,0.830081582069397,0.004929123711340206,168.4034791335561,0.6432639137353308,130.5026920414684,0.06750418027716877,0.5712763596353313,115.89815819006984,0.07808113002877647,1570,0.20001159380938452,0.8371522426605225,0.006322487113402062,132.40869101749104,0.6647570465159022,105.14170050371263,0.06975967180865514,0.5959920522702772,94.26544357946193,0.08145923097384684,1913,0.22094581548179243,0.8477908372879028,0.007703769329896908,110.0488346656205,0.697518112781978,90.54244525144838,0.07319762142167723,0.6357448459484664,82.52386834601315,0.08689257859946045
Qwen2.5-0.5B,Qwen2.5-0.5B-Instruct,E,embed,151936,896,412.9770202636719,0.2120389529420102,0.29081711186999587,0.30929614568143743,0.6519032120704651,0.5165203899160518,0.4857038970285415,0.3685280937327521,897,202,0.2872883297908558,0.9460998773574829,0.0013295071609098568,711.6169849811214,0.8713951663876863,655.4272079221757,0.2534166255863414,0.8391676320464887,631.1869967456204,0.25955131417259764,491,0.31387146921347686,0.9491122961044312,0.0032316238416175234,293.69516460473085,0.8779448412988308,271.672968243542,0.2553213831276878,0.8476420093877028,262.29600068906313,0.2621724064212853,778,0.338827074012053,0.9527354836463928,0.005120577085088458,186.06017794768425,0.8859339912399115,173.0144818676442,0.25764476463984926,0.8578975236999626,167.53922642786316,0.26534439747004807
Qwen2.5-1.5B,Qwen2.5-1.5B-Instruct,E,embed,151936,1536,122.517822265625,0.6113841656487318,0.6848712619536779,0.7104487449011923,0.20238231122493744,0.20504321559918648,0.19778181888940272,0.6290655332550869,1537,1020,0.5599518415488818,0.7750548720359802,0.00671335299073294,115.44974219378304,0.7449194461740343,110.96086369990007,0.5101739211550457,0.7310094828121182,108.8888791966098,0.5193447695747391,1240,0.5712257613588584,0.7854940891265869,0.008161331086773378,96.24583058511058,0.7556120996040048,92.58441932696297,0.5174970122032629,0.7420398651853841,90.92142657806978,0.527181290887606,1453,0.5875406385191887,0.8013647198677063,0.009563237152485258,83.7963868395181,0.7721989919724404,80.74661117985181,0.5288568981115231,0.7594672101978358,79.41528564942764,0.5395625262786624
Qwen2.5-3B,Qwen2.5-3B-Instruct,E,embed,151936,2048,115.95667266845703,0.5478447690795111,0.6297701121670293,0.6565976516502461,0.17473191022872925,0.1857609487163682,0.17843608386585463,0.6061316668896028,2049,1419,0.528717342625899,0.7704658508300781,0.009339458719460826,82.4957713260879,0.7426876396699844,79.52148641360024,0.4677224781400323,0.7295786836360014,78.1178765869764,0.4790396503694764,1692,0.5384569429186351,0.7798943519592285,0.011136267902274642,70.03193159531757,0.7522092800942782,67.5459037709245,0.47371892269805393,0.7394604772845857,66.40110347323335,0.48552801287322916,1951,0.5539903384986308,0.797040581703186,0.01284093302443134,62.07030129249373,0.7694262861130816,59.91981148481659,0.48456167850969617,0.7573446454215293,58.978942104954115,0.4972707156736645
Qwen2.5-7B,Qwen2.5-7B-Instruct,E,embed,152064,3584,28.70819854736328,0.018815217511183705,0.047710700837478914,0.06719940382147425,0.0017993561923503876,0.0009083409394147998,0.0006939990928721678,0.03187514060187502,3585,976,0.011456107690638536,0.01176436711102724,0.006418350168350169,1.83292696759349,0.011932568453454888,1.8591332882235285,0.0005693112037055245,0.011697025684166609,1.82243495249704,0.0007860331524604681,1367,0.01499586474355414,0.01470116525888443,0.008989635942760943,1.6353460087249465,0.014782618080175265,1.6444067562134392,0.000705289068817949,0.014581317532326813,1.6220142423085182,0.000979855845103972,2493,0.02388102915456699,0.02363565005362034,0.01639441287878788,1.4416893260143293,0.023553577362417272,1.4366831881422462,0.0011237576831907062,0.023276073230298577,1.4197564379029775,0.0015641382443810409
Qwen2.5-7B,Qwen2.5-7B-Instruct,U,lm_head,152064,3584,116.93476867675781,0.40493469183605213,0.4883056714630785,0.5154776505633177,0.35101208090782166,0.31352187364861134,0.2973188256020604,0.5447739375948416,3585,1959,0.456033043659131,0.8807226419448853,0.012882733585858586,68.36457775635887,0.8327560616202173,64.6412545963332,0.406639507834409,0.8055010207373788,62.525629003271455,0.41521777369605833,2634,0.47026490855212877,0.8859050273895264,0.01732165404040404,51.144366774852294,0.8392618342148682,48.45159892105153,0.4098163134896261,0.8128651514094833,46.92768655426411,0.419013818473356,3293,0.4925494265823546,0.8954068422317505,0.02165535563973064,41.34805528610048,0.8510549458228632,39.299975487885774,0.4155749567720071,0.8262614355938066,38.155061932018405,0.4259193035709695
Qwen2.5-14B,Qwen2.5-14B-Instruct,E,embed,152064,5120,35.520965576171875,0.012062136918242263,0.02992591344051425,0.045559820333931585,0.0004789959639310837,0.001200339482558897,0.0008124929767914701,0.04733880952677561,5121,1841,0.02099274569440638,0.018515538424253464,0.01210674452861953,1.529357324793959,0.020234909333426636,1.6713749336655013,0.0006055481451887794,0.019392077791313574,1.6017582385976683,0.0008834995800738713,2216,0.024488906078305703,0.021297356113791466,0.014572811447811447,1.4614445668265277,0.02300040986005714,1.5783097134294806,0.0006883082745684204,0.022215690758501733,1.5244615521213032,0.0010121428795515234,3431,0.03433955767897446,0.031199520453810692,0.022562868265993265,1.382781660824328,0.032758742840135344,1.4518873422449259,0.000980335302653956,0.03170574891536431,1.405218013134934,0.0014445082241367443
Qwen2.5-14B,Qwen2.5-14B-Instruct,U,lm_head,152064,5120,148.80528259277344,0.4011187125484626,0.4940482068329262,0.5301643143022587,0.35321781039237976,0.3185346114961595,0.29728512845785776,0.5674899044852172,5121,3690,0.5055432658986477,0.8600884675979614,0.024266098484848484,35.444035972036964,0.8264220760069149,34.056652185884964,0.40829234473836057,0.8003047067463512,32.980361768747194,0.42429299608504956,4306,0.5152022081801227,0.8667894601821899,0.02831702441077441,30.610188683962967,0.8339777385222817,29.45146094534423,0.4120252062555123,0.8085553759155564,28.55368432030264,0.428667206447676,4895,0.5293496182310625,0.8785513639450073,0.03219039351851852,27.29234619140625,0.8468365771006239,26.307120992896685,0.4183780923970963,0.8226187604891633,25.554790438207178,0.43612311108691126
Qwen2.5-32B,Qwen2.5-32B-Instruct,E,embed,152064,5120,30.97676658630371,0.011487269874347528,0.03206443490561118,0.05086745702029593,0.0021345452405512333,0.0011073900178945502,0.0008501387368656457,0.0491734732090833,5121,1693,0.02196467625534712,0.019175078719854355,0.011133470117845119,1.7222912997377038,0.018765898407298316,1.6855390285926821,0.0006017179279261294,0.018646779548779212,1.6748398613736337,0.0009485142572644596,2040,0.025404552281369817,0.021604051813483238,0.01341540404040404,1.6103914387085858,0.021349375528534185,1.5914075688093248,0.0006845556619101326,0.021227730570294708,1.5823400105104384,0.001079800672422888,3293,0.035558332076720364,0.03137792646884918,0.02165535563973064,1.4489684210625817,0.031248002806887082,1.4429688122764885,0.0010019495519317863,0.03109282805699618,1.4358031599329084,0.0015816130948287047
Qwen2.5-32B,Qwen2.5-32B-Instruct,U,lm_head,152064,5120,155.88150024414062,0.44418780620310594,0.521512257912949,0.5475701972914637,0.25685468316078186,0.2456439618964388,0.2342096383646815,0.5769854197154421,5121,3698,0.5205705839455356,0.8805203437805176,0.024318707912457913,36.20752989633332,0.8489189782215222,34.908062602562886,0.4427216531174596,0.8273670671330084,34.02183496390313,0.45304154818248116,4298,0.5296981651061831,0.886301577091217,0.02826441498316498,31.357506519031837,0.8551721561929925,30.256142103148257,0.4459827620804926,0.8341106688631088,29.51098295718934,0.45673414351228725,4881,0.5429835011281489,0.8959977030754089,0.032098327020202023,27.91415585340278,0.8655270172388001,26.96486382901063,0.45138294904486653,0.8453733042897659,26.336989580725046,0.4629012270148837
Qwen2.5-72B-Base,Qwen2.5-72B-Instruct,E,embed,152064,8192,36.184165954589844,0.004724320162265159,0.015265812171299617,0.02470706619245325,0.002024767454713583,0.0008648114210678873,0.0005562845730377505,0.07347244920700752,8193,1924,0.01928278012446837,0.019010543823242188,0.01265256734006734,1.502504852358368,0.018086188589908077,1.429448119405292,0.00027610035790823895,0.018517179300653087,1.4635116180740702,0.000457505174678761,3825,0.03623788303616629,0.034820251166820526,0.025153882575757576,1.3842893263872933,0.03215300310442724,1.2782520951821237,0.0004908417061353997,0.032751540562152924,1.3020471278544372,0.0008091944805739299,6832,0.062044197214642785,0.0590510368347168,0.04492845117845118,1.3143350212579588,0.05394230291958595,1.2006268078401519,0.000823473064457746,0.054786488456359625,1.219416361333119,0.0013536133967433533
Qwen2.5-72B-Base,Qwen2.5-72B-Instruct,U,lm_head,152064,8192,180.53915405273438,0.4426883739044579,0.5119092051311828,0.5323530271858568,0.3702915608882904,0.3403189498374104,0.3274316478220433,0.5712458377050214,8193,5112,0.5061266176091004,0.9234258532524109,0.03361742424242424,27.468667634775944,0.8853430297394778,26.33583772971517,0.4532152466223692,0.8620698359757296,25.64354216310903,0.45892548682729467,6409,0.5175208129539561,0.9261562824249268,0.04214672769360269,21.97457152920332,0.88920966623627,21.097952673826207,0.4551946134379733,0.8666280767053275,20.562167554395213,0.46135208007833794,7684,0.5313361924046474,0.9298765063285828,0.05053135521885522,18.401970465688393,0.8943272078086592,17.69846076629567,0.45781433007652084,0.8727146481925959,17.270754849396006,0.46459228483476844
Llama-3.2-1B,Llama-3.2-1B-Instruct,E,embed,128256,2048,4775.09619140625,0.1993443844237022,0.25997686769439876,0.2997220585277395,0.7607351541519165,0.5921812786808773,0.5143717326697375,0.49943253147407757,2049,1323,0.4379639153620617,0.9129818081855774,0.010315306886227544,88.5074790556685,0.8784943618611738,85.16415183285466,0.22838821248385766,0.8536714531501985,82.75773688226143,0.2558641652445442,1637,0.4583573506628272,0.9158981442451477,0.012763535429141716,71.75896908265466,0.8841716366748649,69.27325438813162,0.22986417260696135,0.8615226837969759,67.4987497453054,0.2582173522559724,1940,0.48143622761198873,0.9209802150726318,0.015125998003992017,60.88723632183272,0.8935301526067517,59.072475903469865,0.23229717026520144,0.87367170220337,57.759607132884234,0.26185868106182825
Llama-3.2-3B,Llama-3.2-3B-Instruct,E,embed,128256,3072,5131.6416015625,0.16451317566545337,0.21973717463325443,0.25474661171755125,0.7556543946266174,0.5734074984944358,0.49543567542572503,0.47794302771884223,3073,2054,0.425740099387208,0.9144766330718994,0.01601484530938124,57.101808690978345,0.8805479484976347,54.983231588370316,0.19348911833197868,0.8573281594361154,53.53334002757469,0.21840144374639497,2494,0.44424346421491506,0.9175073504447937,0.019445484031936126,47.18356966264935,0.8858527414799899,45.55570537740882,0.19465477855393573,0.864398940643424,44.45242603494908,0.22020270130115296,2921,0.4632474664597194,0.9215590357780457,0.022774762974051895,40.46404508481651,0.8932123873370875,39.219393341426056,0.1962719663408757,0.8738226647849099,38.36802454455783,0.22260336309595738
Llama-3.1-8B,Llama-3.1-8B-Instruct,E,embed,128256,4096,94.68632507324219,0.007559503116497778,0.01714209748889791,0.024470687693854493,0.01961788348853588,0.009723576914975437,0.007246186744008871,0.048530460667651515,4097,2130,0.02754942075910789,0.04621259495615959,0.01660741017964072,2.7826490979799083,0.0434850253412669,2.618410990689919,0.0007454245437071934,0.04145634328726799,2.4962557580525084,0.001014465229511956,2970,0.03686441772221867,0.053340282291173935,0.02315681137724551,2.3034381298103717,0.050313521428441324,2.1727309778875994,0.0008624792893360952,0.04829977625872986,2.0857697319325443,0.0011819287405104263,3811,0.045691353994923425,0.06073661893606186,0.029714009481037924,2.044039831609433,0.05734999837687805,1.9300659647926715,0.0009830992631645805,0.05516222605482731,1.8564383271812992,0.0013498576062854824
Llama-3.1-8B,Llama-3.1-8B-Instruct,U,lm_head,128256,4096,454.58087158203125,0.14843687167295058,0.22869651159871174,0.28373210373513014,0.5878366231918335,0.38808571665087377,0.31398285534463216,0.4642423796495446,4097,2633,0.35860052554742955,0.8858381509780884,0.020529253992015967,43.150040976773916,0.818740026701141,39.88162585058167,0.18724298801278705,0.7564459858176836,36.84722231562204,0.2146280109180458,3252,0.3820276125213535,0.8918208479881287,0.02535553892215569,35.17262444021077,0.8293352073448099,32.70824611107501,0.18966606886575232,0.7719150977548215,30.44364784060344,0.21901709459088411,3863,0.4165983136348153,0.9004999995231628,0.03011944860279441,29.89762566369215,0.8457765464410808,28.080744690744826,0.19342614576308098,0.7967629584586373,26.453437742705407,0.22606723038169527
Llama-3.1-70B-Base,Llama-3.1-70B-Instruct,E,embed,128256,8192,135.23866271972656,0.004052611613295542,0.011586639608581788,0.018132019772422455,0.009237808175384998,0.005911572390947267,0.005265384616506481,0.0826448978737563,8193,4123,0.04539001166196416,0.05421973764896393,0.03214664421157685,1.686637562916691,0.05436923010443735,1.6912878914078866,0.0006299566750161712,0.054325888669811744,1.6899396500692152,0.0009850380875154475,5773,0.06077167739234149,0.0669407993555069,0.04501153942115768,1.487191956026311,0.06757242902366115,1.5012245724681594,0.0007829373825736338,0.06760874969847049,1.5020314916554705,0.0012258831863214276,7581,0.07704590550085688,0.08166369050741196,0.059108345808383235,1.381593231726504,0.08208030551190232,1.3886415596536794,0.0009510349189287015,0.08218156393402744,1.3903546582143018,0.0014901177421803857
Llama-3.1-70B-Base,Llama-3.1-70B-Instruct,U,lm_head,128256,8192,614.645263671875,0.1320622062911828,0.22240472722491814,0.27148024080200606,0.4771992266178131,0.3049442490555625,0.25107824425212255,0.5142705594682527,8193,5161,0.3548334178719544,0.9024659991264343,0.040239832834331336,22.42718062080216,0.8286352750131379,20.592413453223216,0.18429240230824195,0.7479978697103278,18.58849346591122,0.20306664178834732,6368,0.385745060647358,0.9088311195373535,0.04965069860279441,18.304498126159363,0.8443776111279537,17.00635912261728,0.18779357227774054,0.7717699491989558,15.543989730600074,0.2095202916522845,7657,0.43410724237136594,0.9197433590888977,0.059700910678642714,15.405851412211788,0.8694003486192081,14.562597768382547,0.1933587473839037,0.8116045188915982,13.594508185315505,0.22033459022468738
Gemma-2-2B,Gemma-2-2B-Instruct,E,embed,256000,2304,876.984375,0.35834249920938227,0.4750683299704242,0.5186157411428546,0.48837289214134216,0.3803061444984453,0.3488245659250028,0.48300457277691666,2305,1586,0.3861443342219431,0.7126290798187256,0.0061953125,115.02714024816756,0.6544379781791013,105.63437731011976,0.31090275736276657,0.6237208602317057,100.67625486716057,0.32347145619532486,1873,0.39637281160359544,0.7160909175872803,0.00731640625,97.87467960616324,0.659899282525335,90.19445612732822,0.31349725009799206,0.6298729161987947,86.09047866892229,0.3266620092602491,2157,0.41438563714878757,0.7233107089996338,0.00842578125,85.84494274636359,0.6712440256225256,79.66549400063354,0.31888677825511785,0.6430054256481023,76.31404217242196,0.33347273538136724
Gemma-2-9B,Gemma-2-9B-Instruct,E,embed,256000,3584,8909.111328125,0.21474360485063462,0.327893998967437,0.35392702782987484,0.865466833114624,0.5767791107304585,0.5346734357402315,0.40713104232960245,3585,2291,0.38313546196233006,0.9890024662017822,0.00894921875,110.51271555986742,0.941775196115204,105.23546495220089,0.30880243518255646,0.9268194124133612,103.56428178866018,0.3280264399704919,2832,0.3882480738096204,0.9897654056549072,0.0110625,89.47031915524586,0.9444344433992099,85.37260505303593,0.30967438640875244,0.929942194616259,84.06257126474658,0.3291316769941236,3366,0.3946940292208753,0.991075336933136,0.0131484375,75.37590203650707,0.9486688970947604,72.1506944908671,0.31106283836442894,0.9348520673682268,71.09986014446407,0.33086941366425043
Gemma-2-27B,Gemma-2-27B-Instruct,E,embed,256000,4608,1081.937744140625,0.25534519905488223,0.3569761330909237,0.4011231961155488,0.7610659003257751,0.5458032379013282,0.4868203314887601,0.4531097791167423,4609,2745,0.39766006967659884,0.9193716049194336,0.01072265625,85.74103127846084,0.8667261595663414,80.83129211256225,0.3094005528907394,0.8310342560418592,77.50264828659962,0.3333471168650179,3433,0.4063081827694045,0.9216673374176025,0.01341015625,68.72905283393716,0.8714840375819818,64.98686676987688,0.3110990017864811,0.8371765829324882,62.42854798447917,0.3358109466589735,4170,0.41949611733143904,0.9257193207740784,0.0162890625,56.8307304839722,0.8796679196311714,54.00359410685369,0.314020452354073,0.847608975321347,52.03546707008749,0.33999562123712407
Gemma-3-4B,Gemma-3-4B-Instruct,E,embed,262208,2560,12395.541015625,0.05810049039496782,0.09397861456921962,0.11295658311480139,0.7778164148330688,0.48691861774978284,0.40600090112600645,0.1423673213197097,2561,1689,0.13245298562975566,0.9306596517562866,0.0064414510617525015,144.47981407206183,0.8768562578395241,136.1271318268715,0.08240573628810889,0.8395104695741813,130.32940272712074,0.09482823413220196,2076,0.13525667897840657,0.9323256611824036,0.007917378569685135,117.75686270101912,0.8794933244192857,111.08390443609446,0.08265356415180168,0.8428759171459275,106.45896362379546,0.0952083835905584,2436,0.1382829747403182,0.935015082359314,0.009290334391017818,100.64385661546429,0.8833441091314148,95.08205753987275,0.0830154555640519,0.847793923920763,91.25547996856135,0.09576390483157927
Gemma-3-12B,Gemma-3-12B-Instruct,E,embed,262208,3840,8835.58203125,0.033831313091066,0.07498458022626021,0.08934632897477308,0.02568010240793228,0.21682454729560233,0.18304412203245576,0.1377049761948867,3841,2435,0.12421504357602361,0.9622548818588257,0.00928652062484745,103.61845094966692,0.834001432160186,89.80774025620454,0.06253724729863137,0.8106162926476784,87.28955928647329,0.07242558995521041,3050,0.1294920711885403,0.962792158126831,0.011631986819624116,82.77108399938365,0.8364452984546838,71.9090651859691,0.06272049958685341,0.8138778591474899,69.96894612830984,0.07271699894867566,3639,0.13429753915829504,0.9633352756500244,0.013878295093971198,69.41308490179765,0.8389460974003428,60.450227619441904,0.06290802094602392,0.8173860630097382,58.89672020051042,0.07303044408506267
Gemma-3-27B,Gemma-3-27B-Instruct,E,embed,262208,5376,8880.146484375,0.020103351503364578,0.050714951827010524,0.06301736751465645,0.18773584067821503,0.2499218182059665,0.2013356429696627,0.11061860172413224,5377,3393,0.09778375243449276,0.9549072980880737,0.012940108616060533,73.79438043533086,0.8627827690646347,66.67507937250213,0.043755986570287696,0.7599538988910234,58.72855641627393,0.04789029414061169,4248,0.10294361929206985,0.9557495713233948,0.016200878691725654,58.9936872875623,0.8658483763123699,53.44453179287049,0.04391145869417712,0.763692115530243,47.13893178647692,0.04812586671241479,5090,0.1078527100262062,0.9565081596374512,0.019412069807175983,49.273888314777366,0.8689906237412985,44.76548005303702,0.044070817621163785,0.7675167144877872,39.5381184032247,0.04836688287051853
DeepSeek-V3-Base,DeepSeek-V3,E,embed,129280,7168,6.8035054206848145,0.0068419677866215865,0.019138281877223728,0.02879134431035637,0.00012928294017910957,0.0004395654209518182,0.0003382864482208941,0.06030979935148516,7169,4771,0.03997060551998057,0.03928935155272484,0.03690439356435644,1.0646253130866206,0.03997462297456727,1.0831941433980417,0.000765045602423012,0.040131762971796346,1.0874521729184303,0.0011554474055025991,5784,0.04845219034082248,0.047259293496608734,0.04474009900990099,1.0563073069228177,0.048372346711305046,1.0811855087893356,0.0009257636064237522,0.048427216834330856,1.0824119281366344,0.001394284673869506,6834,0.057319555809737674,0.05570542812347412,0.05286200495049505,1.0537895446009269,0.056790294448282694,1.0743121548542562,0.001086868663041768,0.05690650369333874,1.0765105059225684,0.001638414741333482
DeepSeek-V3-Base,DeepSeek-V3,U,lm_head,129280,7168,13.941328048706055,0.11652922534955948,0.22826708710075191,0.26072117862369587,0.22969622910022736,0.12620345387619525,0.11081766571202144,0.14704821452098302,7169,4907,0.12452567089111896,0.4072115421295166,0.03795637376237624,10.728410060424679,0.354230360402909,9.332565924778494,0.08085913253182157,0.332183547961248,8.751719804448776,0.08660728614385758,5678,0.13197608899711066,0.41333824396133423,0.04392017326732673,9.41112507561136,0.36626525503066887,8.339339938422839,0.0836063028720648,0.34351135099026897,7.821265842906301,0.08956068430080101,6630,0.1410265811734166,0.421881765127182,0.051284034653465344,8.226376258769546,0.3819518947344447,7.447773899135598,0.0871870464236447,0.3581712292726737,6.984068856767912,0.09338282504506949
DeepSeek-V3.1-Base,DeepSeek-V3.1,E,embed,129280,7168,19.944957733154297,0.004244598597414416,0.012689041410161441,0.01997549381738492,4.4261170842219144e-05,0.0004581886593325499,0.00035391775670022384,0.0605512034061331,7169,4769,0.04015451947431467,0.040295932441949844,0.036888923267326734,1.0923585963714144,0.04154573473310758,1.1262387473885822,0.0005271755484439846,0.04122798713746128,1.117625115775004,0.0008235494021675828,5783,0.048664389319131036,0.048006102442741394,0.04473236386138614,1.0731850118965256,0.0497320960485801,1.111769907861047,0.000631052626174559,0.04952087133017974,1.1070479414777168,0.0009892038590875196,6834,0.05755435500877793,0.05604277551174164,0.05286200495049505,1.0601712054664851,0.05824388727273412,1.101810030233987,0.0007390590974924982,0.05802513966856552,1.0976719426912716,0.0011590808187023271
DeepSeek-V3.1-Base,DeepSeek-V3.1,U,lm_head,129280,7168,70.15501403808594,0.07163940082593848,0.16084642925267292,0.1973469113437454,0.4300594627857208,0.20079726096073772,0.16400952263917157,0.1406686531399865,7169,4909,0.12128010676691435,0.5819129943847656,0.03797184405940594,15.324854739063454,0.45555040582053025,11.997057743833397,0.07327365612083836,0.40448581578359327,10.652256317886113,0.07982402642724731,5679,0.1278671259998795,0.586980938911438,0.043927908415841585,13.362369392933738,0.4648622705057772,10.582390267826533,0.07477143630514439,0.41334497545153387,9.409621135124898,0.08157235422481647,6630,0.13565853009746875,0.5930302739143372,0.051284034653465344,11.563643108845477,0.47589480308348553,9.279589765103019,0.07654597977588257,0.423850262760477,8.264760478080614,0.08364554022801504
