group,n,E_identity_R2_mean,E_identity_R2_median,E_full_affine_R2_mean,E_full_affine_R2_median,E_delta_R2_mean,E_delta_R2_median,E_delta_over_Yc_mean,E_delta_over_Yc_median,E_P_over_D_full_affine_gain_mean,E_P_over_D_full_affine_gain_median,E_R_over_D_mean,E_R_over_D_median,E_mean_shift_over_raw_delta_mean,E_mean_shift_over_raw_delta_median,E_D_rank95_over_h_mean,E_D_rank95_over_h_median,E_P_rank95_over_h_mean,E_P_rank95_over_h_median,E_AminusI_rank95_over_h_mean,E_AminusI_rank95_over_h_median,E_R_rank95_over_h_mean,E_R_rank95_over_h_median,E_D_eff_over_h_mean,E_D_eff_over_h_median,E_P_eff_over_h_mean,E_P_eff_over_h_median,E_AminusI_eff_over_h_mean,E_AminusI_eff_over_h_median,E_R_eff_over_h_mean,E_R_eff_over_h_median,E_D_energy_5pct_h_mean,E_D_energy_5pct_h_median,E_P_energy_5pct_h_mean,E_P_energy_5pct_h_median,E_AminusI_energy_5pct_h_mean,E_AminusI_energy_5pct_h_median,E_R_energy_5pct_h_mean,E_R_energy_5pct_h_median,U_identity_R2_mean,U_identity_R2_median,U_full_affine_R2_mean,U_full_affine_R2_median,U_delta_R2_mean,U_delta_R2_median,U_delta_over_Yc_mean,U_delta_over_Yc_median,U_P_over_D_full_affine_gain_mean,U_P_over_D_full_affine_gain_median,U_R_over_D_mean,U_R_over_D_median,U_mean_shift_over_raw_delta_mean,U_mean_shift_over_raw_delta_median,U_D_rank95_over_h_mean,U_D_rank95_over_h_median,U_P_rank95_over_h_mean,U_P_rank95_over_h_median,U_AminusI_rank95_over_h_mean,U_AminusI_rank95_over_h_median,U_R_rank95_over_h_mean,U_R_rank95_over_h_median,U_D_eff_over_h_mean,U_D_eff_over_h_median,U_P_eff_over_h_mean,U_P_eff_over_h_median,U_AminusI_eff_over_h_mean,U_AminusI_eff_over_h_median,U_R_eff_over_h_mean,U_R_eff_over_h_median,U_D_energy_5pct_h_mean,U_D_energy_5pct_h_median,U_P_energy_5pct_h_mean,U_P_energy_5pct_h_median,U_AminusI_energy_5pct_h_mean,U_AminusI_energy_5pct_h_median,U_R_energy_5pct_h_mean,U_R_energy_5pct_h_median,E_aff_vs_W_ratio_r1_mean,E_aff_vs_W_ratio_r1_median,E_aff_vs_W_ratio_r2_mean,E_aff_vs_W_ratio_r2_median,E_aff_vs_W_ratio_r4_mean,E_aff_vs_W_ratio_r4_median,E_aff_vs_W_ratio_r8_mean,E_aff_vs_W_ratio_r8_median,E_aff_vs_W_ratio_r16_mean,E_aff_vs_W_ratio_r16_median,E_aff_vs_W_ratio_r32_mean,E_aff_vs_W_ratio_r32_median,E_aff_vs_W_ratio_r64_mean,E_aff_vs_W_ratio_r64_median,E_aff_rank_budget_r1_mean,E_aff_rank_budget_r1_median,E_aff_rank_budget_r8_mean,E_aff_rank_budget_r8_median,E_boundary_rank_w_first_3_losses_mean,E_boundary_rank_w_first_3_losses_median,E_hybrid_min_gain_ratio_1_2_4_8_mean,E_hybrid_min_gain_ratio_1_2_4_8_median,E_hybrid_median_gain_ratio_1_2_4_8_mean,E_hybrid_median_gain_ratio_1_2_4_8_median,E_hybrid_median_match_param_ratio_1_2_4_8_mean,E_hybrid_median_match_param_ratio_1_2_4_8_median,U_aff_vs_W_ratio_r1_mean,U_aff_vs_W_ratio_r1_median,U_aff_vs_W_ratio_r2_mean,U_aff_vs_W_ratio_r2_median,U_aff_vs_W_ratio_r4_mean,U_aff_vs_W_ratio_r4_median,U_aff_vs_W_ratio_r8_mean,U_aff_vs_W_ratio_r8_median,U_aff_vs_W_ratio_r16_mean,U_aff_vs_W_ratio_r16_median,U_aff_vs_W_ratio_r32_mean,U_aff_vs_W_ratio_r32_median,U_aff_vs_W_ratio_r64_mean,U_aff_vs_W_ratio_r64_median,U_aff_rank_budget_r1_mean,U_aff_rank_budget_r1_median,U_aff_rank_budget_r8_mean,U_aff_rank_budget_r8_median,U_boundary_rank_w_first_3_losses_mean,U_boundary_rank_w_first_3_losses_median,U_hybrid_min_gain_ratio_1_2_4_8_mean,U_hybrid_min_gain_ratio_1_2_4_8_median,U_hybrid_median_gain_ratio_1_2_4_8_mean,U_hybrid_median_gain_ratio_1_2_4_8_median,U_hybrid_median_match_param_ratio_1_2_4_8_mean,U_hybrid_median_match_param_ratio_1_2_4_8_median,U_minus_E_full_affine_gain_mean,U_minus_E_full_affine_gain_median,U_over_E_full_affine_gain_mean,U_over_E_full_affine_gain_median,U_minus_E_aff_vs_W_ratio_r1_mean,U_minus_E_aff_vs_W_ratio_r1_median,U_minus_E_hybrid_min_gain_ratio_mean,U_minus_E_hybrid_min_gain_ratio_median,E_aff_wins_r1,E_aff_wins_r8,U_aff_wins_r1,U_aff_wins_r8,E_hybrid_stable_count,U_hybrid_stable_count
DeepSeek|extended,2,3.698604585500309e-05,3.698604585500309e-05,0.9999903778798234,0.9999903778798234,0.9999533918339683,0.9999533918339683,0.999963013954145,0.999963013954145,0.06040319082501344,0.06040319082501344,0.9396083677418076,0.9396083677418076,3.698604585502063e-05,3.698604585502063e-05,0.88525390625,0.88525390625,0.5821010044642858,0.5821010044642858,0.5380161830357143,0.5380161830357143,0.8842075892857143,0.8842075892857143,0.8118861520207064,0.8118861520207064,0.5248155781642566,0.5248155781642566,0.47633338422686405,0.47633338422686405,0.8106185234762784,0.8106185234762784,0.1769571229815483,0.1769571229815483,0.24487227201461792,0.24487227201461792,0.26742708683013916,0.26742708683013916,0.17715680599212646,0.17715680599212646,0.03078091638168101,0.03078091638168101,0.9999938124715713,0.9999938124715713,0.9692128960898903,0.9692128960898903,0.969219083618319,0.969219083618319,0.11667116785141193,0.11667116785141193,0.8833385149038231,0.8833385149038231,0.030780927274825395,0.030780927274825395,0.8542131696428571,0.8542131696428571,0.42452566964285715,0.42452566964285715,0.4072963169642857,0.4072963169642857,0.8649553571428572,0.8649553571428572,0.2671762878496956,0.2671762878496956,0.025872452132245163,0.025872452132245163,0.04088711498826255,0.04088711498826255,0.3951289377259486,0.3951289377259486,0.40852639079093933,0.40852639079093933,0.7172720432281494,0.7172720432281494,0.6663261651992798,0.6663261651992798,0.35028308629989624,0.35028308629989624,0.26600155167758416,0.26600155167758416,0.2711562374206363,0.2711562374206363,0.26496304538346394,0.26496304538346394,0.2631357815768421,0.2631357815768421,0.2647131174412237,0.2647131174412237,0.2768114165893867,0.2768114165893867,0.30041888480770573,0.30041888480770573,9.0,9.0,76.0,76.0,1.0,1.0,0.2644589433884155,0.2644589433884155,0.26871474455067657,0.26871474455067657,0.9981421076248662,0.9981421076248662,0.9471591625604415,0.9471591625604415,0.6015371023617083,0.6015371023617083,0.4712680837061898,0.4712680837061898,0.39200128610861806,0.39200128610861806,0.3545340630261742,0.3545340630261742,0.3325444691553373,0.3325444691553373,0.31623242484755854,0.31623242484755854,9.0,9.0,76.0,76.0,1.5,1.5,0.478978526358959,0.478978526358959,0.6226515065394221,0.6226515065394221,0.9981421076248662,0.9981421076248662,0.05626797702639849,0.05626797702639849,1.9317076111832279,1.9317076111832279,0.6811576108828574,0.6811576108828574,0.21451958297054347,0.21451958297054347,0,0,1,0,0,0
Gemma-2|27B,1,0.9964781784501565,0.9964781784501565,0.997605742209408,0.997605742209408,0.001127563759251493,0.001127563759251493,0.003521821549843446,0.003521821549843446,0.32016493263309553,0.32016493263309553,0.6798333493332521,0.6798333493332521,0.19552542439620604,0.19552542439620604,0.7977430555555556,0.7977430555555556,0.1519097222222222,0.1519097222222222,0.009331597222222222,0.009331597222222222,0.8726128472222222,0.8726128472222222,0.08781631856334082,0.08781631856334082,0.013102161703848704,0.013102161703848704,0.0022455653128245715,0.0022455653128245715,0.5955164744350223,0.5955164744350223,0.5699486136436462,0.5699486136436462,0.9069637060165405,0.9069637060165405,0.9843341708183289,0.9843341708183289,0.2682991921901703,0.2682991921901703,0.9964781784501565,0.9964781784501565,0.997605742209408,0.997605742209408,0.001127563759251493,0.001127563759251493,0.003521821549843446,0.003521821549843446,0.32016493263309553,0.32016493263309553,0.67983337178456,0.67983337178456,0.19552540202039165,0.19552540202039165,0.7977430555555556,0.7977430555555556,0.1519097222222222,0.1519097222222222,0.009331597222222222,0.009331597222222222,0.8726128472222222,0.8726128472222222,0.08781631856334082,0.08781631856334082,0.013102167951447747,0.013102167951447747,0.0022455653128245715,0.0022455653128245715,0.5955161904707067,0.5955161904707067,0.5699484944343567,0.5699484944343567,0.9069637060165405,0.9069637060165405,0.9843341708183289,0.9843341708183289,0.2682991921901703,0.2682991921901703,2.9968820832088054,2.9968820832088054,2.0395823372215505,2.0395823372215505,1.4893802217339362,1.4893802217339362,1.1994636445723916,1.1994636445723916,1.0409606986792963,1.0409606986792963,0.9233715223088537,0.9233715223088537,0.8387937693731109,0.8387937693731109,28.0,28.0,226.0,226.0,20.0,20.0,1.351082041768585,1.351082041768585,1.873475963283151,1.873475963283151,0.08084460639472865,0.08084460639472865,2.9968820832088054,2.9968820832088054,2.0395823372215505,2.0395823372215505,1.4893802217339362,1.4893802217339362,1.1994636445723916,1.1994636445723916,1.0409606986792963,1.0409606986792963,0.9233715223088537,0.9233715223088537,0.8387937693731109,0.8387937693731109,28.0,28.0,226.0,226.0,20.0,20.0,1.351082041768585,1.351082041768585,1.873475963283151,1.873475963283151,0.08084460639472865,0.08084460639472865,0.0,0.0,1.0,1.0,0.0,0.0,0.0,0.0,1,1,1,1,1,1
Gemma-2|2B,1,0.9989458769818493,0.9989458769818493,0.9993343738643692,0.9993343738643692,0.00038849688251985093,0.00038849688251985093,0.0010541230181506573,0.0010541230181506573,0.3685498521808143,0.3685498521808143,0.6314455041483379,0.6314455041483379,0.18121540361179148,0.18121540361179148,0.6775173611111112,0.6775173611111112,0.20963541666666666,0.20963541666666666,0.012586805555555556,0.012586805555555556,0.8033854166666666,0.8033854166666666,0.04916716195483079,0.04916716195483079,0.017957992067491296,0.017957992067491296,0.003612921664449634,0.003612921664449634,0.2281511551293763,0.2281511551293763,0.6888808608055115,0.6888808608055115,0.8700900077819824,0.8700900077819824,0.9777856469154358,0.9777856469154358,0.4808231294155121,0.4808231294155121,0.9989458769818493,0.9989458769818493,0.9993343738643692,0.9993343738643692,0.00038849688251985093,0.00038849688251985093,0.0010541230181506573,0.0010541230181506573,0.3685498521808143,0.3685498521808143,0.6314455041483379,0.6314455041483379,0.18121540361179148,0.18121540361179148,0.6775173611111112,0.6775173611111112,0.20963541666666666,0.20963541666666666,0.012586805555555556,0.012586805555555556,0.8033854166666666,0.8033854166666666,0.04916716195483079,0.04916716195483079,0.017957996349010758,0.017957996349010758,0.003612921664449634,0.003612921664449634,0.22815093754758317,0.22815093754758317,0.6888808012008667,0.6888808012008667,0.8700900077819824,0.8700900077819824,0.9777857065200806,0.9777857065200806,0.4808230698108673,0.4808230698108673,1.2981108247512383,1.2981108247512383,1.1618533700050893,1.1618533700050893,0.9892732282620456,0.9892732282620456,0.8801130575946096,0.8801130575946096,0.7990168574199679,0.7990168574199679,0.7274585659721416,0.7274585659721416,0.653488306899447,0.653488306899447,56.0,56.0,448.0,448.0,4.0,4.0,1.2096141039399695,1.2096141039399695,1.2968734547894276,1.2968734547894276,0.21631764643468354,0.21631764643468354,1.2981108247512383,1.2981108247512383,1.1618533700050893,1.1618533700050893,0.9892732282620456,0.9892732282620456,0.8801130575946096,0.8801130575946096,0.7990168574199679,0.7990168574199679,0.7274585659721416,0.7274585659721416,0.653488306899447,0.653488306899447,56.0,56.0,448.0,448.0,4.0,4.0,1.2096141039399695,1.2096141039399695,1.2968734547894276,1.2968734547894276,0.21631764643468354,0.21631764643468354,0.0,0.0,1.0,1.0,0.0,0.0,0.0,0.0,1,0,1,0,1,1
Gemma-2|9B,1,0.9878627279082711,0.9878627279082711,0.9911235605544993,0.9911235605544993,0.003260832646228229,0.003260832646228229,0.01213727209172885,0.01213727209172885,0.26866272928414836,0.26866272928414836,0.7313369144647023,0.7313369144647023,0.1894499118347798,0.1894499118347798,0.8713727678571429,0.8713727678571429,0.14983258928571427,0.14983258928571427,0.26255580357142855,0.26255580357142855,0.9171316964285714,0.9171316964285714,0.15191909061976205,0.15191909061976205,0.01137869124522493,0.01137869124522493,0.02523200934024335,0.02523200934024335,0.8625208400924694,0.8625208400924694,0.46468037366867065,0.46468037366867065,0.9065914750099182,0.9065914750099182,0.843457043170929,0.843457043170929,0.14543862640857697,0.14543862640857697,0.9878627279082711,0.9878627279082711,0.9911235605544993,0.9911235605544993,0.003260832646228229,0.003260832646228229,0.01213727209172885,0.01213727209172885,0.26866272928414836,0.26866272928414836,0.7313368650139,0.7313368650139,0.18944989034565943,0.18944989034565943,0.8713727678571429,0.8713727678571429,0.14983258928571427,0.14983258928571427,0.26255580357142855,0.26255580357142855,0.9171316964285714,0.9171316964285714,0.15192169850617376,0.15192169850617376,0.01137869124522493,0.01137869124522493,0.02523200934024335,0.02523200934024335,0.8625208400924694,0.8625208400924694,0.4646778702735901,0.4646778702735901,0.9065914750099182,0.9065914750099182,0.843457043170929,0.843457043170929,0.14543862640857697,0.14543862640857697,2.6002796816567635,2.6002796816567635,1.8233153782803804,1.8233153782803804,1.4977610965693964,1.4977610965693964,1.2735506318069514,1.2735506318069514,1.1361151950828206,1.1361151950828206,1.0320251237172848,1.0320251237172848,0.9412023596580837,0.9412023596580837,36.0,36.0,289.0,289.0,41.0,41.0,1.3454929015519965,1.3454929015519965,1.6830698093212262,1.6830698093212262,0.05070048788389911,0.05070048788389911,2.6002796816567635,2.6002796816567635,1.8233153782803804,1.8233153782803804,1.4977610965693964,1.4977610965693964,1.2735506318069514,1.2735506318069514,1.1361151950828206,1.1361151950828206,1.0320251237172848,1.0320251237172848,0.9412023596580837,0.9412023596580837,36.0,36.0,289.0,289.0,41.0,41.0,1.3454929015519965,1.3454929015519965,1.6830698093212262,1.6830698093212262,0.05070048788389911,0.05070048788389911,0.0,0.0,1.0,1.0,0.0,0.0,0.0,0.0,1,1,1,1,1,1
Gemma-3|12B,1,0.962656724315314,0.962656724315314,0.9672602147356555,0.9672602147356555,0.004603490420341472,0.004603490420341472,0.037343275684686005,0.037343275684686005,0.12327494939683,0.12327494939683,0.8767240675019169,0.8767240675019169,0.016466287288620318,0.016466287288620318,0.9044270833333333,0.9044270833333333,0.44765625,0.44765625,0.5916666666666667,0.5916666666666667,0.91328125,0.91328125,0.699388340381413,0.699388340381413,0.042078712718119235,0.042078712718119235,0.2838259434982769,0.2838259434982769,0.9150347716747179,0.9150347716747179,0.20275670289993286,0.20275670289993286,0.7308074235916138,0.7308074235916138,0.44884470105171204,0.44884470105171204,0.12136353552341461,0.12136353552341461,0.962656724315314,0.962656724315314,0.9672602147356555,0.9672602147356555,0.004603490420341472,0.004603490420341472,0.037343275684686005,0.037343275684686005,0.12327494939683,0.12327494939683,0.8767240675019169,0.8767240675019169,0.016466287288620318,0.016466287288620318,0.9044270833333333,0.9044270833333333,0.44765625,0.44765625,0.5916666666666667,0.5916666666666667,0.91328125,0.91328125,0.6993920088288696,0.6993920088288696,0.042078712718119235,0.042078712718119235,0.2838259434982769,0.2838259434982769,0.9150347716747179,0.9150347716747179,0.20275534689426422,0.20275534689426422,0.7308074235916138,0.7308074235916138,0.44884470105171204,0.44884470105171204,0.12136353552341461,0.12136353552341461,2.1794194613384508,2.1794194613384508,1.9322482325374195,1.9322482325374195,1.5603383496757683,1.5603383496757683,1.3419444850612916,1.3419444850612916,1.1864086510406338,1.1864086510406338,1.063790631962484,1.063790631962484,0.9414316039484422,0.9414316039484422,34.0,34.0,277.0,277.0,47.0,47.0,1.4265232893602597,1.4265232893602597,1.778441091312415,1.778441091312415,0.06613119271832883,0.06613119271832883,2.1794194613384508,2.1794194613384508,1.9322482325374195,1.9322482325374195,1.5603383496757683,1.5603383496757683,1.3419444850612916,1.3419444850612916,1.1864086510406338,1.1864086510406338,1.063790631962484,1.063790631962484,0.9414316039484422,0.9414316039484422,34.0,34.0,277.0,277.0,47.0,47.0,1.4265232893602597,1.4265232893602597,1.778441091312415,1.778441091312415,0.06613119271832883,0.06613119271832883,0.0,0.0,1.0,1.0,0.0,0.0,0.0,0.0,1,1,1,1,1,1
Gemma-3|27B,1,0.9675574083518943,0.9675574083518943,0.9707730352560784,0.9707730352560784,0.003215626904184088,0.003215626904184088,0.032442591648105645,0.032442591648105645,0.09911744841666441,0.09911744841666441,0.9008819528392389,0.9008819528392389,0.01277251391050981,0.01277251391050981,0.8956473214285714,0.8956473214285714,0.44568452380952384,0.44568452380952384,0.5587797619047619,0.5587797619047619,0.9025297619047619,0.9025297619047619,0.7336921027200566,0.7336921027200566,0.05424994848838796,0.05424994848838796,0.30173674023450314,0.30173674023450314,0.8844396803343011,0.8844396803343011,0.20068538188934326,0.20068538188934326,0.7000434398651123,0.7000434398651123,0.42282330989837646,0.42282330989837646,0.14225241541862488,0.14225241541862488,0.9675574083518943,0.9675574083518943,0.9707730352560784,0.9707730352560784,0.003215626904184088,0.003215626904184088,0.032442591648105645,0.032442591648105645,0.09911744841666441,0.09911744841666441,0.9008819528392389,0.9008819528392389,0.01277251391050981,0.01277251391050981,0.8956473214285714,0.8956473214285714,0.44568452380952384,0.44568452380952384,0.5587797619047619,0.5587797619047619,0.9025297619047619,0.9025297619047619,0.7336942018330028,0.7336942018330028,0.05424994848838796,0.05424994848838796,0.30173674023450314,0.30173674023450314,0.8844405238021108,0.8844405238021108,0.2006843537092209,0.2006843537092209,0.7000433802604675,0.7000433802604675,0.42282330989837646,0.42282330989837646,0.14225241541862488,0.14225241541862488,2.5753876172903576,2.5753876172903576,2.1087537995513226,2.1087537995513226,1.7220621107178193,1.7220621107178193,1.4277549108278016,1.4277549108278016,1.1637782951800208,1.1637782951800208,0.966740140044882,0.966740140044882,0.8347593924140946,0.8347593924140946,24.0,24.0,199.0,199.0,28.0,28.0,1.5133634205120734,1.5133634205120734,1.924974636238972,1.924974636238972,0.0838259423621035,0.0838259423621035,2.5753876172903576,2.5753876172903576,2.1087537995513226,2.1087537995513226,1.7220621107178193,1.7220621107178193,1.4277549108278016,1.4277549108278016,1.1637782951800208,1.1637782951800208,0.966740140044882,0.966740140044882,0.8347593924140946,0.8347593924140946,24.0,24.0,199.0,199.0,28.0,28.0,1.5133634205120734,1.5133634205120734,1.924974636238972,1.924974636238972,0.0838259423621035,0.0838259423621035,0.0,0.0,1.0,1.0,0.0,0.0,0.0,0.0,1,1,1,1,1,1
Gemma-3|4B,1,0.9531679034284962,0.9531679034284962,0.9578971974013178,0.9578971974013178,0.004729293972821624,0.004729293972821624,0.04683209657150381,0.04683209657150381,0.1009840327263784,0.1009840327263784,0.8990161820775457,0.8990161820775457,0.046039888687322644,0.046039888687322644,0.909765625,0.909765625,0.2734375,0.2734375,0.423828125,0.423828125,0.91953125,0.91953125,0.6644274133306775,0.6644274133306775,0.034389659300944966,0.034389659300944966,0.09481517072128759,0.09481517072128759,0.9418885829622454,0.9418885829622454,0.21285511553287506,0.21285511553287506,0.8488757610321045,0.8488757610321045,0.7054887413978577,0.7054887413978577,0.10513487458229065,0.10513487458229065,0.9531679034284962,0.9531679034284962,0.9578971974013178,0.9578971974013178,0.004729293972821624,0.004729293972821624,0.04683209657150381,0.04683209657150381,0.1009840327263784,0.1009840327263784,0.8990162563233763,0.8990162563233763,0.046039892314502076,0.046039892314502076,0.909765625,0.909765625,0.2734375,0.2734375,0.423828125,0.423828125,0.91953125,0.91953125,0.664430898400293,0.664430898400293,0.034389659300944966,0.034389659300944966,0.09481521593269493,0.09481521593269493,0.9418885829622454,0.9418885829622454,0.21285349130630493,0.21285349130630493,0.8488757610321045,0.8488757610321045,0.7054888606071472,0.7054888606071472,0.10513486713171005,0.10513486713171005,4.315497466377396,4.315497466377396,2.739746224457343,2.739746224457343,1.9109778265726183,1.9109778265726183,1.4342693149552623,1.4342693149552623,1.141893993453397,1.141893993453397,0.9357327625211912,0.9357327625211912,0.7481673706857321,0.7481673706857321,51.0,51.0,413.0,413.0,26.0,26.0,1.550417430493973,1.550417430493973,2.363108661757514,2.363108661757514,0.04041756957639673,0.04041756957639673,4.315497466377396,4.315497466377396,2.739746224457343,2.739746224457343,1.9109778265726183,1.9109778265726183,1.4342693149552623,1.4342693149552623,1.141893993453397,1.141893993453397,0.9357327625211912,0.9357327625211912,0.7481673706857321,0.7481673706857321,51.0,51.0,413.0,413.0,26.0,26.0,1.550417430493973,1.550417430493973,2.363108661757514,2.363108661757514,0.04041756957639673,0.04041756957639673,0.0,0.0,1.0,1.0,0.0,0.0,0.0,0.0,1,1,1,1,1,1
Llama-3.1|70B,1,0.9984301656151496,0.9984301656151496,0.998559587945804,0.998559587945804,0.0001294223306543829,0.0001294223306543829,0.0015698343848503684,0.0015698343848503684,0.08244330223834276,0.08244330223834276,0.9175554845830389,0.9175554845830389,0.00022219872935090782,0.00022219872935090782,0.8558349609375,0.8558349609375,0.578369140625,0.578369140625,0.5587158203125,0.5587158203125,0.853759765625,0.853759765625,0.7712371220882216,0.7712371220882216,0.5200962777891647,0.5200962777891647,0.5062133413625489,0.5062133413625489,0.7689054127928462,0.7689054127928462,0.1912163645029068,0.1912163645029068,0.25079861283302307,0.25079861283302307,0.25083088874816895,0.25083088874816895,0.19163550436496735,0.19163550436496735,0.9950256673885755,0.9950256673885755,0.9974053026118898,0.9974053026118898,0.0023796352233143026,0.0023796352233143026,0.004974332611424567,0.004974332611424567,0.4783828121684043,0.4783828121684043,0.5216144684134787,0.5216144684134787,0.06884954297182258,0.06884954297182258,0.591796875,0.591796875,0.1982421875,0.1982421875,0.1424560546875,0.1424560546875,0.72998046875,0.72998046875,0.09134692118906906,0.09134692118906906,0.025836052547106764,0.025836052547106764,0.026050696465760297,0.026050696465760297,0.34777899187483124,0.34777899187483124,0.6638154983520508,0.6638154983520508,0.8537687063217163,0.8537687063217163,0.890550434589386,0.890550434589386,0.4546639025211334,0.4546639025211334,0.35930798036933626,0.35930798036933626,0.34741708018316547,0.34741708018316547,0.3740329165806154,0.3740329165806154,0.384440808018602,0.384440808018602,0.39224808692795754,0.39224808692795754,0.4001774288314566,0.4001774288314566,0.4102775617250525,0.4102775617250525,8.0,8.0,66.0,66.0,1.0,1.0,1.0,1.0,1.0,1.0,1.0,1.0,2.1816592356163937,2.1816592356163937,2.003076393612503,2.003076393612503,1.7932565882461635,1.7932565882461635,1.5702926330760514,1.5702926330760514,1.3399489385654553,1.3399489385654553,1.1482288977347925,1.1482288977347925,1.0149001075412658,1.0149001075412658,8.0,8.0,66.0,66.0,70.0,70.0,1.5848184519699635,1.5848184519699635,1.8981664986946152,1.8981664986946152,0.1981219424327209,0.1981219424327209,0.39593950993006155,0.39593950993006155,5.802567330277533,5.802567330277533,1.8223512552470575,1.8223512552470575,0.5848184519699635,0.5848184519699635,0,0,1,1,0,1
Llama-3.1|8B,1,0.9983613904442429,0.9983613904442429,0.9984405298260309,0.9984405298260309,7.913938178805147e-05,7.913938178805147e-05,0.00163860955575709,0.00163860955575709,0.048296668056131815,0.048296668056131815,0.9517025422459094,0.9517025422459094,0.0002464371180909272,0.0002464371180909272,0.890380859375,0.890380859375,0.61376953125,0.61376953125,0.607666015625,0.607666015625,0.88916015625,0.88916015625,0.8688705918577491,0.8688705918577491,0.5793382061754869,0.5793382061754869,0.580856805441598,0.580856805441598,0.8676202767835346,0.8676202767835346,0.14328151941299438,0.14328151941299438,0.20749276876449585,0.20749276876449585,0.2007552832365036,0.2007552832365036,0.14360570907592773,0.14360570907592773,0.9958805526042451,0.9958805526042451,0.9975749045071948,0.9975749045071948,0.0016943519029496423,0.0016943519029496423,0.004119447395754818,0.004119447395754818,0.41130562917143865,0.41130562917143865,0.5886915307001286,0.5886915307001286,0.08995717648417684,0.08995717648417684,0.681396484375,0.681396484375,0.25537109375,0.25537109375,0.262451171875,0.262451171875,0.785888671875,0.785888671875,0.13271279210545966,0.13271279210545966,0.04067282318071042,0.04067282318071042,0.053157863957686735,0.053157863957686735,0.4255822114443944,0.4255822114443944,0.6086203455924988,0.6086203455924988,0.8283380270004272,0.8283380270004272,0.8185967803001404,0.8185967803001404,0.40073370933532715,0.40073370933532715,0.2556009439841447,0.2556009439841447,0.254387804454544,0.254387804454544,0.2893712540795277,0.2893712540795277,0.3318667365930379,0.3318667365930379,0.38126541904260974,0.38126541904260974,0.422447932541443,0.422447932541443,0.43832493333679035,0.43832493333679035,16.0,16.0,129.0,129.0,1.0,1.0,1.0,1.0,1.0,1.0,1.0,1.0,2.818451830218981,2.818451830218981,2.5732336134875617,2.5732336134875617,2.030645992244627,2.030645992244627,1.6472094873683745,1.6472094873683745,1.3224683846928653,1.3224683846928653,1.0800586839209183,1.0800586839209183,0.916513084443558,0.916513084443558,16.0,16.0,129.0,129.0,44.0,44.0,1.6910674618975488,1.6910674618975488,2.3029381358758565,2.3029381358758565,0.11731182437804874,0.11731182437804874,0.36300896111530684,0.36300896111530684,8.516231982989119,8.516231982989119,2.5628508862348367,2.5628508862348367,0.6910674618975488,0.6910674618975488,0,0,1,1,0,1
Llama-3.2|1B,1,0.9582858963221983,0.9582858963221983,0.9753091795753769,0.9753091795753769,0.01702328325317859,0.01702328325317859,0.04171410367780169,0.04171410367780169,0.4080941876317367,0.4080941876317367,0.5919056667769039,0.5919056667769039,0.15433992154679282,0.15433992154679282,0.8173828125,0.8173828125,0.55078125,0.55078125,0.63916015625,0.63916015625,0.8828125,0.8828125,0.20522405361201093,0.20522405361201093,0.12348875675107322,0.12348875675107322,0.18798575656309743,0.18798575656309743,0.7155669886199199,0.7155669886199199,0.49393826723098755,0.49393826723098755,0.6771169900894165,0.6771169900894165,0.607408344745636,0.607408344745636,0.22209203243255615,0.22209203243255615,0.9582858963221983,0.9582858963221983,0.9753091795753769,0.9753091795753769,0.01702328325317859,0.01702328325317859,0.04171410367780169,0.04171410367780169,0.4080941876317367,0.4080941876317367,0.5919056667769039,0.5919056667769039,0.15433992154679282,0.15433992154679282,0.8173828125,0.8173828125,0.55078125,0.55078125,0.63916015625,0.63916015625,0.8828125,0.8828125,0.20522464076357796,0.20522464076357796,0.1234888156351151,0.1234888156351151,0.18798566692452487,0.18798566692452487,0.7155669886199199,0.7155669886199199,0.49393755197525024,0.49393755197525024,0.6771169900894165,0.6771169900894165,0.6074082851409912,0.6074082851409912,0.22209203243255615,0.22209203243255615,3.041650080537484,3.041650080537484,2.8036849199055043,2.8036849199055043,2.4384558752120604,2.4384558752120604,2.03241437882848,2.03241437882848,1.665315543196342,1.665315543196342,1.3873340216085752,1.3873340216085752,1.1719731114968148,1.1719731114968148,31.0,31.0,254.0,254.0,109.0,109.0,2.1264909920154103,2.1264909920154103,2.64537602159835,2.64537602159835,0.06547987616099071,0.06547987616099071,3.041650080537484,3.041650080537484,2.8036849199055043,2.8036849199055043,2.4384558752120604,2.4384558752120604,2.03241437882848,2.03241437882848,1.665315543196342,1.665315543196342,1.3873340216085752,1.3873340216085752,1.1719731114968148,1.1719731114968148,31.0,31.0,254.0,254.0,109.0,109.0,2.1264909920154103,2.1264909920154103,2.64537602159835,2.64537602159835,0.06547987616099071,0.06547987616099071,0.0,0.0,1.0,1.0,0.0,0.0,0.0,0.0,1,1,1,1,1,1
Llama-3.2|3B,1,0.9657056778564524,0.9657056778564524,0.9795068252828063,0.9795068252828063,0.013801147426353855,0.013801147426353855,0.03429432214354759,0.03429432214354759,0.40243243090170117,0.40243243090170117,0.5975675146395901,0.5975675146395901,0.1263923548003308,0.1263923548003308,0.8157552083333334,0.8157552083333334,0.5364583333333334,0.5364583333333334,0.6331380208333334,0.6331380208333334,0.876953125,0.876953125,0.22592770818340777,0.22592770818340777,0.12419674135651233,0.12419674135651233,0.20203483870956204,0.20203483870956204,0.7005371520468039,0.7005371520468039,0.4747985601425171,0.4747985601425171,0.6657435297966003,0.6657435297966003,0.5818513035774231,0.5818513035774231,0.23066851496696472,0.23066851496696472,0.9657056778564524,0.9657056778564524,0.9795068252828063,0.9795068252828063,0.013801147426353855,0.013801147426353855,0.03429432214354759,0.03429432214354759,0.40243243090170117,0.40243243090170117,0.5975675690982989,0.5975675690982989,0.1263923548003308,0.1263923548003308,0.8157552083333334,0.8157552083333334,0.5364583333333334,0.5364583333333334,0.6331380208333334,0.6331380208333334,0.876953125,0.876953125,0.2259283545686904,0.2259283545686904,0.12419674135651233,0.12419674135651233,0.20203483870956204,0.20203483870956204,0.7005371520468039,0.7005371520468039,0.47479793429374695,0.47479793429374695,0.6657435297966003,0.6657435297966003,0.5818513035774231,0.5818513035774231,0.23066851496696472,0.23066851496696472,2.872934363057566,2.872934363057566,2.6147252302764037,2.6147252302764037,2.3413505134815793,2.3413505134815793,2.025557471128735,2.025557471128735,1.7145041203786018,1.7145041203786018,1.4426800926838776,1.4426800926838776,1.2368040492010268,1.2368040492010268,21.0,21.0,171.0,171.0,,,2.099964679536683,2.099964679536683,2.488135889288106,2.488135889288106,0.09721262576046108,0.09721262576046108,2.872934363057566,2.872934363057566,2.6147252302764037,2.6147252302764037,2.3413505134815793,2.3413505134815793,2.025557471128735,2.025557471128735,1.7145041203786018,1.7145041203786018,1.4426800926838776,1.4426800926838776,1.2368040492010268,1.2368040492010268,21.0,21.0,171.0,171.0,,,2.099964679536683,2.099964679536683,2.488135889288106,2.488135889288106,0.09721262576046108,0.09721262576046108,0.0,0.0,1.0,1.0,0.0,0.0,0.0,0.0,1,1,1,1,1,1
Qwen2.5|0.5B,1,0.986895013765239,0.986895013765239,0.9902607085466232,0.9902607085466232,0.0033656947813841542,0.0033656947813841542,0.013104986234760993,0.013104986234760993,0.25682551061798764,0.25682551061798764,0.7431742725507633,0.7431742725507633,0.15032077940470487,0.15032077940470487,0.890625,0.890625,0.6283482142857143,0.6283482142857143,0.6506696428571429,0.6506696428571429,0.9129464285714286,0.9129464285714286,0.30857069738518417,0.30857069738518417,0.05896424374106201,0.05896424374106201,0.11028632324627281,0.11028632324627281,0.9121467515862361,0.9121467515862361,0.36254245042800903,0.36254245042800903,0.6931515336036682,0.6931515336036682,0.6658024787902832,0.6658024787902832,0.10975753515958786,0.10975753515958786,0.986895013765239,0.986895013765239,0.9902607085466232,0.9902607085466232,0.0033656947813841542,0.0033656947813841542,0.013104986234760993,0.013104986234760993,0.25682551061798764,0.25682551061798764,0.7431744241545477,0.7431744241545477,0.15032080620998606,0.15032080620998606,0.890625,0.890625,0.6283482142857143,0.6283482142857143,0.6506696428571429,0.6506696428571429,0.9129464285714286,0.9129464285714286,0.3085715802142937,0.3085715802142937,0.05896424374106201,0.05896424374106201,0.11028637583490232,0.11028637583490232,0.9121467515862361,0.9121467515862361,0.36254212260246277,0.36254212260246277,0.6931515336036682,0.6931515336036682,0.6658024787902832,0.6658024787902832,0.10975753515958786,0.10975753515958786,1.5778153350630437,1.5778153350630437,1.4370089802524362,1.4370089802524362,1.4133967310436992,1.4133967310436992,1.385088081860389,1.385088081860389,1.2612038536488128,1.2612038536488128,1.1081444115730772,1.1081444115730772,0.9355544789264102,0.9355544789264102,85.0,85.0,682.0,682.0,51.0,51.0,1.4529503403159865,1.4529503403159865,1.4666536598602287,1.4666536598602287,0.043145936569888924,0.043145936569888924,1.5778153350630437,1.5778153350630437,1.4370089802524362,1.4370089802524362,1.4133967310436992,1.4133967310436992,1.385088081860389,1.385088081860389,1.2612038536488128,1.2612038536488128,1.1081444115730772,1.1081444115730772,0.9355544789264102,0.9355544789264102,85.0,85.0,682.0,682.0,51.0,51.0,1.4529503403159865,1.4529503403159865,1.4666536598602287,1.4666536598602287,0.043145936569888924,0.043145936569888924,0.0,0.0,1.0,1.0,0.0,0.0,0.0,0.0,1,1,1,1,1,1
Qwen2.5|1.5B,1,0.9992619361598801,0.9992619361598801,0.999681339395026,0.999681339395026,0.0004194032351458876,0.0004194032351458876,0.0007380638401198979,0.0007380638401198979,0.5682479107468079,0.5682479107468079,0.4317489395180633,0.4317489395180633,0.14089406707949595,0.14089406707949595,0.5774739583333334,0.5774739583333334,0.047526041666666664,0.047526041666666664,0.06380208333333333,0.06380208333333333,0.7981770833333334,0.7981770833333334,0.013776405866185499,0.013776405866185499,0.002607779607693851,0.002607779607693851,0.004444958119358181,0.004444958119358181,0.1633976138058799,0.1633976138058799,0.7910254597663879,0.7910254597663879,0.9514542818069458,0.9514542818069458,0.9448009133338928,0.9448009133338928,0.5071979761123657,0.5071979761123657,0.9992619361598801,0.9992619361598801,0.999681339395026,0.999681339395026,0.0004194032351458876,0.0004194032351458876,0.0007380638401198979,0.0007380638401198979,0.5682479107468079,0.5682479107468079,0.4317489395180633,0.4317489395180633,0.14089408045399568,0.14089408045399568,0.5774739583333334,0.5774739583333334,0.047526041666666664,0.047526041666666664,0.06380208333333333,0.06380208333333333,0.7981770833333334,0.7981770833333334,0.013776428858062467,0.013776428858062467,0.002607779607693851,0.002607779607693851,0.004444957589477913,0.004444957589477913,0.16339745797784655,0.16339745797784655,0.7910252809524536,0.7910252809524536,0.9514544010162354,0.9514544010162354,0.9448009133338928,0.9448009133338928,0.507197916507721,0.507197916507721,0.9329815551094656,0.9329815551094656,0.903725826633978,0.903725826633978,0.8819853301492587,0.8819853301492587,0.8545586591386383,0.8545586591386383,0.8266937983365724,0.8266937983365724,0.7956384264620362,0.7956384264620362,0.7602071109629406,0.7602071109629406,49.0,49.0,399.0,399.0,1.0,1.0,1.0,1.0,1.0660737725980036,1.0660737725980036,0.43951462293135235,0.43951462293135235,0.9329815551094656,0.9329815551094656,0.903725826633978,0.903725826633978,0.8819853301492587,0.8819853301492587,0.8545586591386383,0.8545586591386383,0.8266937983365724,0.8266937983365724,0.7956384264620362,0.7956384264620362,0.7602071109629406,0.7602071109629406,49.0,49.0,399.0,399.0,1.0,1.0,1.0,1.0,1.0660737725980036,1.0660737725980036,0.43951462293135235,0.43951462293135235,0.0,0.0,1.0,1.0,0.0,0.0,0.0,0.0,0,0,0,0,0,0
Qwen2.5|14B,1,0.9998309539329064,0.9998309539329064,0.9998389459322984,0.9998389459322984,7.991999391943061e-06,7.991999391943061e-06,0.00016904606709352654,0.00016904606709352654,0.04727705015169363,0.04727705015169363,0.9527236546695089,0.9527236546695089,7.477976543090823e-05,7.477976543090823e-05,0.5150390625,0.5150390625,0.3966796875,0.3966796875,0.3060546875,0.3060546875,0.5154296875,0.5154296875,0.356148085122172,0.356148085122172,0.3046313435482788,0.3046313435482788,0.2347021428559195,0.2347021428559195,0.35438746384939057,0.35438746384939057,0.3897538483142853,0.3897538483142853,0.4129640758037567,0.4129640758037567,0.4830276072025299,0.4830276072025299,0.39131179451942444,0.39131179451942444,0.9994339220724631,0.9994339220724631,0.9997092731081639,0.9997092731081639,0.00027535103570086594,0.00027535103570086594,0.0005660779275369471,0.0005660779275369471,0.4864189580733371,0.4864189580733371,0.5135674097720127,0.5135674097720127,0.1578763548363942,0.1578763548363942,0.6439453125,0.6439453125,0.083984375,0.083984375,0.0640625,0.0640625,0.8107421875,0.8107421875,0.02411395477957622,0.02411395477957622,0.003462034042119394,0.003462034042119394,0.0036936550561181896,0.0036936550561181896,0.3076313938721408,0.3076313938721408,0.7327134013175964,0.7327134013175964,0.9329643249511719,0.9329643249511719,0.9437215328216553,0.9437215328216553,0.4523427188396454,0.4523427188396454,0.2339648399709911,0.2339648399709911,0.24705789164502542,0.24705789164502542,0.28674715934258604,0.28674715934258604,0.3058411757023301,0.3058411757023301,0.30752920933121397,0.30752920933121397,0.28393294935495844,0.28393294935495844,0.23307598224146425,0.23307598224146425,15.0,15.0,122.0,122.0,1.0,1.0,1.0,1.0,1.0,1.0,1.0,1.0,1.180735266128636,1.180735266128636,1.13542673185912,1.13542673185912,1.082325162308819,1.082325162308819,1.0224121282875565,1.0224121282875565,0.9603182827926817,0.9603182827926817,0.8926140779120767,0.8926140779120767,0.8250590497127839,0.8250590497127839,15.0,15.0,122.0,122.0,11.0,11.0,1.1254976380607888,1.1254976380607888,1.1707064500796174,1.1707064500796174,0.29376052779337447,0.29376052779337447,0.4391419079216435,0.4391419079216435,10.28869095073843,10.28869095073843,0.9467704261576451,0.9467704261576451,0.12549763806078884,0.12549763806078884,0,0,1,1,0,1
Qwen2.5|32B,1,0.9998697145588493,0.9998697145588493,0.9998761121589204,0.9998761121589204,6.397600071039733e-06,6.397600071039733e-06,0.00013028544115068803,0.00013028544115068803,0.049104489454442984,0.049104489454442984,0.950897193251784,0.950897193251784,8.719174753664179e-05,8.719174753664179e-05,0.478515625,0.478515625,0.373046875,0.373046875,0.305078125,0.305078125,0.4794921875,0.4794921875,0.3220120653675805,0.3220120653675805,0.28389700069036883,0.28389700069036883,0.2249269604092412,0.2249269604092412,0.32012926634608585,0.32012926634608585,0.4331914782524109,0.4331914782524109,0.44070959091186523,0.44070959091186523,0.5051650404930115,0.5051650404930115,0.4352993071079254,0.4352993071079254,0.9994232718752262,0.9994232718752262,0.9997200531211683,0.9997200531211683,0.00029678124594212374,0.00029678124594212374,0.0005767281247738047,0.0005767281247738047,0.5145947166327168,0.5145947166327168,0.48538751453745344,0.48538751453745344,0.12852382115606584,0.12852382115606584,0.62734375,0.62734375,0.081640625,0.081640625,0.0822265625,0.0822265625,0.803515625,0.803515625,0.02005193740832725,0.02005193740832725,0.0021756433007873123,0.0021756433007873123,0.004377296616420895,0.004377296616420895,0.31244936252049693,0.31244936252049693,0.7336350083351135,0.7336350083351135,0.9341860413551331,0.9341860413551331,0.9347857236862183,0.9347857236862183,0.44697266817092896,0.44697266817092896,0.27830481101620314,0.27830481101620314,0.28303856926658394,0.28303856926658394,0.3114701485300479,0.3114701485300479,0.31551835642515597,0.31551835642515597,0.30154764730507605,0.30154764730507605,0.266353243038057,0.266353243038057,0.21404843841298207,0.21404843841298207,15.0,15.0,122.0,122.0,1.0,1.0,1.0,1.0,1.0,1.0,1.0,1.0,1.088253814790557,1.088253814790557,1.0491208566499917,1.0491208566499917,1.0183963146340453,1.0183963146340453,0.9868679677749534,0.9868679677749534,0.9529595748925483,0.9529595748925483,0.9080124555211851,0.9080124555211851,0.854065251482529,0.854065251482529,15.0,15.0,122.0,122.0,7.0,7.0,1.080076704663227,1.080076704663227,1.0893424175624868,1.0893424175624868,0.3907107583982223,0.3907107583982223,0.4654902271782738,0.4654902271782738,10.479585926865923,10.479585926865923,0.8099490037743537,0.8099490037743537,0.08007670466322692,0.08007670466322692,0,0,1,0,0,1
Qwen2.5|3B,1,0.9993997007337432,0.9993997007337432,0.9997321509213508,0.9997321509213508,0.0003324501876076358,0.0003324501876076358,0.0006002992662567704,0.0006002992662567704,0.5538074195570127,0.5538074195570127,0.44618851278583416,0.44618851278583416,0.11732609814027843,0.11732609814027843,0.6298828125,0.6298828125,0.0576171875,0.0576171875,0.05859375,0.05859375,0.81982421875,0.81982421875,0.017504440258645358,0.017504440258645358,0.002432688447938643,0.002432688447938643,0.0030329998802935735,0.0030329998802935735,0.22974383186912037,0.22974383186912037,0.7550369501113892,0.7550369501113892,0.9468611478805542,0.9468611478805542,0.946907103061676,0.946907103061676,0.45101723074913025,0.45101723074913025,0.9993997007337432,0.9993997007337432,0.9997321509213508,0.9997321509213508,0.0003324501876076358,0.0003324501876076358,0.0006002992662567704,0.0006002992662567704,0.5538074195570127,0.5538074195570127,0.446188583315487,0.446188583315487,0.11732610585977511,0.11732610585977511,0.6298828125,0.6298828125,0.0576171875,0.0576171875,0.05859375,0.05859375,0.81982421875,0.81982421875,0.017504469472356156,0.017504469472356156,0.002432688447938643,0.002432688447938643,0.003032999518731834,0.003032999518731834,0.22974383186912037,0.22974383186912037,0.7550367712974548,0.7550367712974548,0.9468611478805542,0.9468611478805542,0.946907103061676,0.946907103061676,0.45101723074913025,0.45101723074913025,0.9833180274722086,0.9833180274722086,0.946628820849289,0.946628820849289,0.922997398222682,0.922997398222682,0.8943869385480753,0.8943869385480753,0.8647198665480827,0.8647198665480827,0.8329128690549172,0.8329128690549172,0.7951192033978643,0.7951192033978643,37.0,37.0,300.0,300.0,1.0,1.0,1.0,1.0,1.0740010616188675,1.0740010616188675,0.45400685308724154,0.45400685308724154,0.9833180274722086,0.9833180274722086,0.946628820849289,0.946628820849289,0.922997398222682,0.922997398222682,0.8943869385480753,0.8943869385480753,0.8647198665480827,0.8647198665480827,0.8329128690549172,0.8329128690549172,0.7951192033978643,0.7951192033978643,37.0,37.0,300.0,300.0,1.0,1.0,1.0,1.0,1.0740010616188675,1.0740010616188675,0.45400685308724154,0.45400685308724154,0.0,0.0,1.0,1.0,0.0,0.0,0.0,0.0,0,0,0,0,0,0
Qwen2.5|72B,1,0.9996624244489689,0.9996624244489689,0.9996872173551979,0.9996872173551979,2.4792906229031964e-05,2.4792906229031964e-05,0.000337575551031072,0.000337575551031072,0.07344402209621359,0.07344402209621359,0.9265561096899293,0.9265561096899293,3.92951789282315e-05,3.92951789282315e-05,0.7818603515625,0.7818603515625,0.518310546875,0.518310546875,0.468017578125,0.468017578125,0.77978515625,0.77978515625,0.5232993646633266,0.5232993646633266,0.4014472363104484,0.4014472363104484,0.36832616159459114,0.36832616159459114,0.5193062504992804,0.5193062504992804,0.34103211760520935,0.34103211760520935,0.3581323027610779,0.3581323027610779,0.37028324604034424,0.37028324604034424,0.3436712622642517,0.3436712622642517,0.9986657799103109,0.9986657799103109,0.9993069179084211,0.9993069179084211,0.0006411379981101639,0.0006411379981101639,0.0013342200896891412,0.0013342200896891412,0.4805339112077239,0.4805339112077239,0.5194325476536106,0.5194325476536106,0.17464265587324984,0.17464265587324984,0.6339111328125,0.6339111328125,0.1103515625,0.1103515625,0.089599609375,0.089599609375,0.800537109375,0.800537109375,0.017113188112003318,0.017113188112003318,0.0016854951352410902,0.0016854951352410902,0.006591200096196835,0.006591200096196835,0.3618454404554981,0.3618454404554981,0.7098096013069153,0.7098096013069153,0.920945942401886,0.920945942401886,0.9297500252723694,0.9297500252723694,0.40350106358528137,0.40350106358528137,0.33948935761734844,0.33948935761734844,0.34182833964430936,0.34182833964430936,0.37096836808607236,0.37096836808607236,0.3911462125174761,0.3911462125174761,0.39178369390161044,0.39178369390161044,0.37800758171031,0.37800758171031,0.34419458251573853,0.34419458251573853,9.0,9.0,78.0,78.0,1.0,1.0,1.0,1.0,1.0,1.0,1.0,1.0,1.0807340350109373,1.0807340350109373,1.0085866976188065,1.0085866976188065,0.9888570998439274,0.9888570998439274,0.9633862546947403,0.9633862546947403,0.9398047001428473,0.9398047001428473,0.9156545447082791,0.9156545447082791,0.8824371554810657,0.8824371554810657,9.0,9.0,78.0,78.0,3.0,3.0,1.0494535001716694,1.0494535001716694,1.0563860253204793,1.0563860253204793,0.4849631966351209,0.4849631966351209,0.4070898891115103,0.4070898891115103,6.542859411732814,6.542859411732814,0.7412446773935889,0.7412446773935889,0.049453500171669384,0.049453500171669384,0,0,1,0,0,1
Qwen2.5|7B,1,0.9997140644190229,0.9997140644190229,0.999723155960061,0.999723155960061,9.091541038119821e-06,9.091541038119821e-06,0.00028593558097710867,0.00028593558097710867,0.03179576674935525,0.03179576674935525,0.9682052714537275,0.9682052714537275,8.443438798150598e-05,8.443438798150598e-05,0.49135044642857145,0.49135044642857145,0.37472098214285715,0.37472098214285715,0.3197544642857143,0.3197544642857143,0.4916294642857143,0.4916294642857143,0.32557202822898235,0.32557202822898235,0.27610840726556096,0.27610840726556096,0.23525661475030837,0.23525661475030837,0.3248221291393471,0.3248221291393471,0.40730199217796326,0.40730199217796326,0.43955501914024353,0.43955501914024353,0.48527228832244873,0.48527228832244873,0.4080217480659485,0.4080217480659485,0.9986040546735593,0.9986040546735593,0.9992492212865177,0.9992492212865177,0.0006451666129584366,0.0006451666129584366,0.0013959453264406666,0.0013959453264406666,0.46217183491235747,0.46217183491235747,0.5378215595724541,0.5378215595724541,0.15361955833121832,0.15361955833121832,0.6780133928571429,0.6780133928571429,0.13504464285714285,0.13504464285714285,0.1328125,0.1328125,0.8236607142857143,0.8236607142857143,0.034256314852823926,0.034256314852823926,0.004322227325230685,0.004322227325230685,0.017410210486664163,0.017410210486664163,0.3943330929448367,0.3943330929448367,0.6800107359886169,0.6800107359886169,0.9055940508842468,0.9055940508842468,0.8985941410064697,0.8985941410064697,0.3854874074459076,0.3854874074459076,0.1813128973409254,0.1813128973409254,0.19278778067621327,0.19278778067621327,0.20555454990715277,0.20555454990715277,0.22790662352897176,0.22790662352897176,0.23047411163280696,0.23047411163280696,0.19530704629503653,0.19530704629503653,0.1448780331034255,0.1448780331034255,21.0,21.0,173.0,173.0,1.0,1.0,1.0,1.0,1.0,1.0,1.0,1.0,1.1581917319113215,1.1581917319113215,1.0557013593588092,1.0557013593588092,1.0301003390907402,1.0301003390907402,0.9985131940320956,0.9985131940320956,0.9596054967012904,0.9596054967012904,0.9138846130115694,0.9138846130115694,0.855992149252862,0.855992149252862,21.0,21.0,173.0,173.0,8.0,8.0,1.1087674600877921,1.1087674600877921,1.1193222627750985,1.1193222627750985,0.35145933634315907,0.35145933634315907,0.4303760681630022,0.4303760681630022,14.535640500688016,14.535640500688016,0.9768788345703961,0.9768788345703961,0.10876746008779214,0.10876746008779214,0,0,1,0,0,1
Qwen3.5|0.8B,1,0.9975700738204689,0.9975700738204689,0.9978601038593179,0.9978601038593179,0.00029003003884897627,0.00029003003884897627,0.0024299261795311103,0.0024299261795311103,0.11935755139071841,0.11935755139071841,0.8806424090806964,0.8806424090806964,0.02854861822704608,0.02854861822704608,0.8515625,0.8515625,0.4697265625,0.4697265625,0.4736328125,0.4736328125,0.8662109375,0.8662109375,0.6262705978249011,0.6262705978249011,0.13324873362235948,0.13324873362235948,0.11992288905600272,0.11992288905600272,0.766706868326627,0.766706868326627,0.2723273038864136,0.2723273038864136,0.6780125498771667,0.6780125498771667,0.6928040385246277,0.6928040385246277,0.20172283053398132,0.20172283053398132,0.9975700738204689,0.9975700738204689,0.9978601038593179,0.9978601038593179,0.00029003003884897627,0.00029003003884897627,0.0024299261795311103,0.0024299261795311103,0.11935755139071841,0.11935755139071841,0.8806424881378668,0.8806424881378668,0.02854861822704608,0.02854861822704608,0.8515625,0.8515625,0.4697265625,0.4697265625,0.4736328125,0.4736328125,0.8662109375,0.8662109375,0.6262705978249011,0.6262705978249011,0.1332487971603221,0.1332487971603221,0.11992288905600272,0.11992288905600272,0.7667065027323899,0.7667065027323899,0.2723273038864136,0.2723273038864136,0.6780125498771667,0.6780125498771667,0.6928040385246277,0.6928040385246277,0.20172283053398132,0.20172283053398132,4.265433678628369,4.265433678628369,2.602424011917603,2.602424011917603,1.811480621451709,1.811480621451709,1.257404083990151,1.257404083990151,0.8681598297909044,0.8681598297909044,0.6070603784350297,0.6070603784350297,0.4290713123547927,0.4290713123547927,121.0,121.0,974.0,974.0,13.0,13.0,1.5778056290215896,1.5778056290215896,2.3124361164779996,2.3124361164779996,0.03537095418242959,0.03537095418242959,4.265433678628369,4.265433678628369,2.602424011917603,2.602424011917603,1.811480621451709,1.811480621451709,1.257404083990151,1.257404083990151,0.8681598297909044,0.8681598297909044,0.6070603784350297,0.6070603784350297,0.4290713123547927,0.4290713123547927,121.0,121.0,974.0,974.0,13.0,13.0,1.5778056290215896,1.5778056290215896,2.3124361164779996,2.3124361164779996,0.03537095418242959,0.03537095418242959,0.0,0.0,1.0,1.0,0.0,0.0,0.0,0.0,1,1,1,1,1,1
Qwen3.5|2B,1,0.9961489055099909,0.9961489055099909,0.9965920495136669,0.9965920495136669,0.00044314400367595486,0.00044314400367595486,0.0038510944900091095,0.0038510944900091095,0.11506962626484923,0.11506962626484923,0.8849301926131902,0.8849301926131902,0.03718994244486025,0.03718994244486025,0.8486328125,0.8486328125,0.46337890625,0.46337890625,0.46337890625,0.46337890625,0.86376953125,0.86376953125,0.5895644039641186,0.5895644039641186,0.13199194519191904,0.13199194519191904,0.12960389074700313,0.12960389074700313,0.7613997105879934,0.7613997105879934,0.2732696533203125,0.2732696533203125,0.6555432081222534,0.6555432081222534,0.6698179841041565,0.6698179841041565,0.20050852000713348,0.20050852000713348,0.9961489055099909,0.9961489055099909,0.9965920495136669,0.9965920495136669,0.00044314400367595486,0.00044314400367595486,0.0038510944900091095,0.0038510944900091095,0.11506962626484923,0.11506962626484923,0.8849302680392162,0.8849302680392162,0.03718994549681673,0.03718994549681673,0.8486328125,0.8486328125,0.46337890625,0.46337890625,0.46337890625,0.46337890625,0.86376953125,0.86376953125,0.5895644039641186,0.5895644039641186,0.13199188225327,0.13199188225327,0.12960389074700313,0.12960389074700313,0.7614000736517542,0.7614000736517542,0.27326950430870056,0.27326950430870056,0.6555432081222534,0.6555432081222534,0.6698179841041565,0.6698179841041565,0.20050852000713348,0.20050852000713348,3.454377389571667,3.454377389571667,2.6914248542879027,2.6914248542879027,2.1187751365960645,2.1187751365960645,1.6336571175555776,1.6336571175555776,1.2268668342648803,1.2268668342648803,0.8812360654619031,0.8812360654619031,0.605413140068109,0.605413140068109,61.0,61.0,489.0,489.0,25.0,25.0,1.7865812044905545,1.7865812044905545,2.4512703052333267,2.4512703052333267,0.06003021898414538,0.06003021898414538,3.454377389571667,3.454377389571667,2.6914248542879027,2.6914248542879027,2.1187751365960645,2.1187751365960645,1.6336571175555776,1.6336571175555776,1.2268668342648803,1.2268668342648803,0.8812360654619031,0.8812360654619031,0.605413140068109,0.605413140068109,61.0,61.0,489.0,489.0,25.0,25.0,1.7865812044905545,1.7865812044905545,2.4512703052333267,2.4512703052333267,0.06003021898414538,0.06003021898414538,0.0,0.0,1.0,1.0,0.0,0.0,0.0,0.0,1,1,1,1,1,1
Qwen3.5|4B,1,0.9967907101000678,0.9967907101000678,0.997175886644525,0.997175886644525,0.0003851765444571331,0.0003851765444571331,0.0032092898999321936,0.0032092898999321936,0.12001924303107303,0.12001924303107303,0.8799782269513602,0.8799782269513602,0.029697593911453674,0.029697593911453674,0.8484375,0.8484375,0.452734375,0.452734375,0.459375,0.459375,0.86328125,0.86328125,0.5937531101050065,0.5937531101050065,0.1295255554960404,0.1295255554960404,0.13498829013492747,0.13498829013492747,0.7553682080470105,0.7553682080470105,0.2739056944847107,0.2739056944847107,0.6428479552268982,0.6428479552268982,0.6483452320098877,0.6483452320098877,0.2067493200302124,0.2067493200302124,0.9967907101000678,0.9967907101000678,0.997175886644525,0.997175886644525,0.0003851765444571331,0.0003851765444571331,0.0032092898999321936,0.0032092898999321936,0.12001924303107303,0.12001924303107303,0.8799782269513602,0.8799782269513602,0.029697593911453674,0.029697593911453674,0.8484375,0.8484375,0.452734375,0.452734375,0.459375,0.459375,0.86328125,0.86328125,0.5937539594762511,0.5937539594762511,0.1295255554960404,0.1295255554960404,0.13498829013492747,0.13498829013492747,0.7553678478594668,0.7553678478594668,0.27390527725219727,0.27390527725219727,0.6428479552268982,0.6428479552268982,0.6483452320098877,0.6483452320098877,0.2067493200302124,0.2067493200302124,3.035174200719873,3.035174200719873,2.449906958584335,2.449906958584335,2.0661951038085498,2.0661951038085498,1.6698689148824992,1.6698689148824992,1.3086848129395592,1.3086848129395592,0.9794839099172171,0.9794839099172171,0.6910482210104442,0.6910482210104442,49.0,49.0,392.0,392.0,31.0,31.0,1.7825106917303417,1.7825106917303417,2.287268198046934,2.287268198046934,0.07479373891587632,0.07479373891587632,3.035174200719873,3.035174200719873,2.449906958584335,2.449906958584335,2.0661951038085498,2.0661951038085498,1.6698689148824992,1.6698689148824992,1.3086848129395592,1.3086848129395592,0.9794839099172171,0.9794839099172171,0.6910482210104442,0.6910482210104442,49.0,49.0,392.0,392.0,31.0,31.0,1.7825106917303417,1.7825106917303417,2.287268198046934,2.287268198046934,0.07479373891587632,0.07479373891587632,0.0,0.0,1.0,1.0,0.0,0.0,0.0,0.0,1,1,1,1,1,1
Qwen3.5|9B,1,0.9985479709321446,0.9985479709321446,0.9985904528687036,0.9985904528687036,4.248193655898014e-05,4.248193655898014e-05,0.0014520290678553445,0.0014520290678553445,0.029256946365186928,0.029256946365186928,0.9707420596505786,0.9707420596505786,0.00014351091645313038,0.00014351091645313038,0.87548828125,0.87548828125,0.625244140625,0.625244140625,0.62451171875,0.62451171875,0.874267578125,0.874267578125,0.7890533938841842,0.7890533938841842,0.5772975587213501,0.5772975587213501,0.5920556529056361,0.5920556529056361,0.7871766369647472,0.7871766369647472,0.18647752702236176,0.18647752702236176,0.22278106212615967,0.22278106212615967,0.2058858722448349,0.2058858722448349,0.18715710937976837,0.18715710937976837,0.9977631099964671,0.9977631099964671,0.9982332054347849,0.9982332054347849,0.00047009543831777467,0.00047009543831777467,0.0022368900035329075,0.0022368900035329075,0.21015581346213347,0.21015581346213347,0.7898413223086103,0.7898413223086103,0.037209425386355154,0.037209425386355154,0.814208984375,0.814208984375,0.363037109375,0.363037109375,0.37548828125,0.37548828125,0.8447265625,0.8447265625,0.43120271464921583,0.43120271464921583,0.08557593980417287,0.08557593980417287,0.07276670865830433,0.07276670865830433,0.6744424696290898,0.6744424696290898,0.37096312642097473,0.37096312642097473,0.7319473624229431,0.7319473624229431,0.7499961853027344,0.7499961853027344,0.2531294822692871,0.2531294822692871,0.35165888071295703,0.35165888071295703,0.3281176766021699,0.3281176766021699,0.32779976686205886,0.32779976686205886,0.3376871058520558,0.3376871058520558,0.3435271684692358,0.3435271684692358,0.33125892484840863,0.33125892484840863,0.28786027681934306,0.28786027681934306,30.0,30.0,246.0,246.0,1.0,1.0,1.0,1.0,1.0,1.0,1.0,1.0,5.037449228517103,5.037449228517103,3.3187370234643145,3.3187370234643145,2.472005024170477,2.472005024170477,1.95319609131454,1.95319609131454,1.5442269884914392,1.5442269884914392,1.216541495752175,1.216541495752175,0.9541629759273859,0.9541629759273859,30.0,30.0,246.0,246.0,57.0,57.0,1.9726326355721193,1.9726326355721193,2.8953710302038753,2.8953710302038753,0.07426359402407307,0.07426359402407307,0.18089886709694653,0.18089886709694653,7.183108272440884,7.183108272440884,4.685790347804145,4.685790347804145,0.9726326355721193,0.9726326355721193,0,0,1,1,0,1
Qwen3.5|extended,1,0.00019189302612876435,0.00019189302612876435,0.9987133610282297,0.9987133610282297,0.998521468002101,0.998521468002101,0.9998081069738712,0.9998081069738712,0.020009750210096544,0.020009750210096544,0.9799902337848123,0.9799902337848123,0.00019189302612874362,0.00019189302612874362,0.8857421875,0.8857421875,0.66162109375,0.66162109375,0.666015625,0.666015625,0.8857421875,0.8857421875,0.8266783923264875,0.8266783923264875,0.6100632862172762,0.6100632862172762,0.6461675080421444,0.6461675080421444,0.8263284248392211,0.8263284248392211,0.18222060799598694,0.18222060799598694,0.22025179862976074,0.22025179862976074,0.18309935927391052,0.18309935927391052,0.1823827177286148,0.1823827177286148,0.03670701934269671,0.03670701934269671,0.9988217804952013,0.9988217804952013,0.9621147611525046,0.9621147611525046,0.9632929806573033,0.9632929806573033,0.20687355751194766,0.20687355751194766,0.7931260602032328,0.7931260602032328,0.03670703042816029,0.03670703042816029,0.83447265625,0.83447265625,0.5341796875,0.5341796875,0.5625,0.5625,0.85888671875,0.85888671875,0.518660845176096,0.518660845176096,0.16622260850120538,0.16622260850120538,0.16610162082940866,0.16610162082940866,0.7325490949694987,0.7325490949694987,0.3240922689437866,0.3240922689437866,0.6074957847595215,0.6074957847595215,0.6110444068908691,0.6110444068908691,0.2253633588552475,0.2253633588552475,0.5912817140322965,0.5912817140322965,0.49403430573234774,0.49403430573234774,0.4389362699374035,0.4389362699374035,0.40876082752795173,0.40876082752795173,0.3522290901031589,0.3522290901031589,0.2492632419247576,0.2492632419247576,0.1516687535068551,0.1516687535068551,61.0,61.0,489.0,489.0,1.0,1.0,0.41256129341561554,0.41256129341561554,0.4741959396600941,0.4741959396600941,0.9979674712781383,0.9979674712781383,5.246468966155281,5.246468966155281,3.307926831418738,3.307926831418738,2.4119590171780034,2.4119590171780034,1.8566940760876336,1.8566940760876336,1.47470364010262,1.47470364010262,1.1464448861783418,1.1464448861783418,0.8468541756296075,0.8468541756296075,61.0,61.0,489.0,489.0,,,1.6083622186038755,1.6083622186038755,2.0273599816860703,2.0273599816860703,0.9979674712781383,0.9979674712781383,0.18686380730185112,0.18686380730185112,10.338637681122234,10.338637681122234,4.6551872521229845,4.6551872521229845,1.19580092518826,1.19580092518826,0,0,1,1,0,1
Qwen3|0.6B,1,0.9821210165079378,0.9821210165079378,0.9876894496558482,0.9876894496558482,0.005568433147910334,0.005568433147910334,0.017878983492062236,0.017878983492062236,0.31145132777725315,0.31145132777725315,0.6885487226034405,0.6885487226034405,0.11109501052924442,0.11109501052924442,0.8291015625,0.8291015625,0.5732421875,0.5732421875,0.60546875,0.60546875,0.875,0.875,0.35052052675774925,0.35052052675774925,0.1603095123775953,0.1603095123775953,0.1332202081377038,0.1332202081377038,0.7105030249199955,0.7105030249199955,0.41843727231025696,0.41843727231025696,0.6545668244361877,0.6545668244361877,0.6687540411949158,0.6687540411949158,0.2229526937007904,0.2229526937007904,0.9821210165079378,0.9821210165079378,0.9876894496558482,0.9876894496558482,0.005568433147910334,0.005568433147910334,0.017878983492062236,0.017878983492062236,0.31145132777725315,0.31145132777725315,0.6885485860623769,0.6885485860623769,0.11109498783782833,0.11109498783782833,0.8291015625,0.8291015625,0.5732421875,0.5732421875,0.60546875,0.60546875,0.875,0.875,0.350520693899001,0.350520693899001,0.1603095123775953,0.1603095123775953,0.1332202081377038,0.1332202081377038,0.7105033637143195,0.7105033637143195,0.4184371829032898,0.4184371829032898,0.6545668244361877,0.6545668244361877,0.6687540411949158,0.6687540411949158,0.2229526937007904,0.2229526937007904,6.001784089606212,6.001784089606212,4.0111717002401495,4.0111717002401495,2.5598613892893844,2.5598613892893844,1.803755645901236,1.803755645901236,1.3632425947163904,1.3632425947163904,1.060197661072559,1.060197661072559,0.8396714270991652,0.8396714270991652,74.0,74.0,597.0,597.0,39.0,39.0,1.9866744806094276,1.9866744806094276,3.3547400540505223,3.3547400540505223,0.03163761433225388,0.03163761433225388,6.001784089606212,6.001784089606212,4.0111717002401495,4.0111717002401495,2.5598613892893844,2.5598613892893844,1.803755645901236,1.803755645901236,1.3632425947163904,1.3632425947163904,1.060197661072559,1.060197661072559,0.8396714270991652,0.8396714270991652,74.0,74.0,597.0,597.0,39.0,39.0,1.9866744806094276,1.9866744806094276,3.3547400540505223,3.3547400540505223,0.03163761433225388,0.03163761433225388,0.0,0.0,1.0,1.0,0.0,0.0,0.0,0.0,1,1,1,1,1,1
Qwen3|1.7B,1,0.9912145794555884,0.9912145794555884,0.9938152295635725,0.9938152295635725,0.0026006501079840483,0.0026006501079840483,0.008785420544411506,0.008785420544411506,0.29601885246555293,0.29601885246555293,0.7039808711886887,0.7039808711886887,0.07530013126747336,0.07530013126747336,0.82568359375,0.82568359375,0.5556640625,0.5556640625,0.517578125,0.517578125,0.86328125,0.86328125,0.346705714441788,0.346705714441788,0.10343876931600682,0.10343876931600682,0.024855187988760123,0.024855187988760123,0.686076143733445,0.686076143733445,0.4067821204662323,0.4067821204662323,0.6855060458183289,0.6855060458183289,0.775377631187439,0.775377631187439,0.2367280125617981,0.2367280125617981,0.9912145794555884,0.9912145794555884,0.9938152295635725,0.9938152295635725,0.0026006501079840483,0.0026006501079840483,0.008785420544411506,0.008785420544411506,0.29601885246555293,0.29601885246555293,0.703980815605228,0.703980815605228,0.07530012576977059,0.07530012576977059,0.82568359375,0.82568359375,0.5556640625,0.5556640625,0.517578125,0.517578125,0.86328125,0.86328125,0.3467062104086455,0.3467062104086455,0.10343871999256977,0.10343871999256977,0.024855182062822223,0.024855182062822223,0.6860758165869243,0.6860758165869243,0.4067818522453308,0.4067818522453308,0.6855060458183289,0.6855060458183289,0.7753775715827942,0.7753775715827942,0.23672796785831451,0.23672796785831451,4.180041249199177,4.180041249199177,2.7940573028985147,2.7940573028985147,2.0133733525551643,2.0133733525551643,1.550544366879938,1.550544366879938,1.2854427333222285,1.2854427333222285,1.125479034350587,1.125479034350587,0.9552528754097196,0.9552528754097196,37.0,37.0,300.0,300.0,55.0,55.0,1.6612653690447516,1.6612653690447516,2.4312824293345425,2.4312824293345425,0.05766879421585732,0.05766879421585732,4.180041249199177,4.180041249199177,2.7940573028985147,2.7940573028985147,2.0133733525551643,2.0133733525551643,1.550544366879938,1.550544366879938,1.2854427333222285,1.2854427333222285,1.125479034350587,1.125479034350587,0.9552528754097196,0.9552528754097196,37.0,37.0,300.0,300.0,55.0,55.0,1.6612653690447516,1.6612653690447516,2.4312824293345425,2.4312824293345425,0.05766879421585732,0.05766879421585732,0.0,0.0,1.0,1.0,0.0,0.0,0.0,0.0,1,1,1,1,1,1
Qwen3|14B,1,0.995181645320977,0.995181645320977,0.9955615089847863,0.9955615089847863,0.00037986366380937664,0.00037986366380937664,0.0048183546790230795,0.0048183546790230795,0.07883679992740748,0.07883679992740748,0.9211614351481087,0.9211614351481087,0.0010665209474126404,0.0010665209474126404,0.55859375,0.55859375,0.4638671875,0.4638671875,0.3966796875,0.3966796875,0.5587890625,0.5587890625,0.3626955222452118,0.3626955222452118,0.3745486116027852,0.3745486116027852,0.28352010292183,0.28352010292183,0.3543396442895067,0.3543396442895067,0.40855878591537476,0.40855878591537476,0.3616572618484497,0.3616572618484497,0.45386937260627747,0.45386937260627747,0.4159596562385559,0.4159596562385559,0.9907810132168415,0.9907810132168415,0.9937198291009526,0.9937198291009526,0.0029388158841110457,0.0029388158841110457,0.009218986783158512,0.009218986783158512,0.31877861995417894,0.31877861995417894,0.6812195201632297,0.6812195201632297,0.04812386371689002,0.04812386371689002,0.8130859375,0.8130859375,0.4423828125,0.4423828125,0.42890625,0.42890625,0.8548828125,0.8548828125,0.31910038630820364,0.31910038630820364,0.07139896120913228,0.07139896120913228,0.02709125490103994,0.02709125490103994,0.6582045403347878,0.6582045403347878,0.4348185658454895,0.4348185658454895,0.7308958172798157,0.7308958172798157,0.7803269624710083,0.7803269624710083,0.2664433419704437,0.2664433419704437,0.515699803746039,0.515699803746039,0.43987224460969304,0.43987224460969304,0.46807574390931195,0.46807574390931195,0.47554995883558404,0.47554995883558404,0.46204005666813186,0.46204005666813186,0.41637936717981083,0.41637936717981083,0.34167437834390196,0.34167437834390196,15.0,15.0,122.0,122.0,1.0,1.0,1.0,1.0,1.0,1.0,1.0,1.0,4.298023864584027,4.298023864584027,2.879886399284339,2.879886399284339,2.203687931792225,2.203687931792225,1.7316487518436252,1.7316487518436252,1.4301171769083691,1.4301171769083691,1.2067126090264755,1.2067126090264755,1.0347022647087873,1.0347022647087873,15.0,15.0,122.0,122.0,76.0,76.0,1.74079808580445,1.74079808580445,2.541787061938003,2.541787061938003,0.11498212593340901,0.11498212593340901,0.23994182002677145,0.23994182002677145,4.043525615546403,4.043525615546403,3.782324060837988,3.782324060837988,0.7407980858044501,0.7407980858044501,0,0,1,1,0,1
Qwen3|4B,1,0.9859308098198453,0.9859308098198453,0.9901264025115812,0.9901264025115812,0.004195592691735972,0.004195592691735972,0.014069190180154734,0.014069190180154734,0.29821138516231127,0.29821138516231127,0.7017867802268967,0.7017867802268967,0.07863214865672695,0.07863214865672695,0.823828125,0.823828125,0.48984375,0.48984375,0.515625,0.515625,0.86640625,0.86640625,0.34642478973559,0.34642478973559,0.10217782295614712,0.10217782295614712,0.06464562741817045,0.06464562741817045,0.7232262213724121,0.7232262213724121,0.40416908264160156,0.40416908264160156,0.6949618458747864,0.6949618458747864,0.7165668606758118,0.7165668606758118,0.22202596068382263,0.22202596068382263,0.9859308098198453,0.9859308098198453,0.9901264025115812,0.9901264025115812,0.004195592691735972,0.004195592691735972,0.014069190180154734,0.014069190180154734,0.29821138516231127,0.29821138516231127,0.701786830490206,0.701786830490206,0.07863214865672695,0.07863214865672695,0.823828125,0.823828125,0.48984375,0.48984375,0.515625,0.515625,0.86640625,0.86640625,0.346428093515589,0.346428093515589,0.10217782295614712,0.10217782295614712,0.06464562741817045,0.06464562741817045,0.7232269110950132,0.7232269110950132,0.4041670560836792,0.4041670560836792,0.6949618458747864,0.6949618458747864,0.7165668606758118,0.7165668606758118,0.22202596068382263,0.22202596068382263,4.989307336479545,4.989307336479545,3.515863500766289,3.515863500766289,2.378625516181486,2.378625516181486,1.7859639651719,1.7859639651719,1.4525160096812855,1.4525160096812855,1.2402059678114417,1.2402059678114417,1.051042129319325,1.051042129319325,30.0,30.0,241.0,241.0,77.0,77.0,1.8374415316284194,1.8374415316284194,2.9541194951264,2.9541194951264,0.06286424610969785,0.06286424610969785,4.989307336479545,4.989307336479545,3.515863500766289,3.515863500766289,2.378625516181486,2.378625516181486,1.7859639651719,1.7859639651719,1.4525160096812855,1.4525160096812855,1.2402059678114417,1.2402059678114417,1.051042129319325,1.051042129319325,30.0,30.0,241.0,241.0,77.0,77.0,1.8374415316284194,1.8374415316284194,2.9541194951264,2.9541194951264,0.06286424610969785,0.06286424610969785,0.0,0.0,1.0,1.0,0.0,0.0,0.0,0.0,1,1,1,1,1,1
Qwen3|8B,1,0.9953341716367314,0.9953341716367314,0.9956756081056806,0.9956756081056806,0.00034143646894913005,0.00034143646894913005,0.004665828363268554,0.004665828363268554,0.0731781030860501,0.0731781030860501,0.9268199699390529,0.9268199699390529,0.001025645087777478,0.001025645087777478,0.725341796875,0.725341796875,0.5947265625,0.5947265625,0.558349609375,0.558349609375,0.72216796875,0.72216796875,0.5364761925989463,0.5364761925989463,0.5183142239367415,0.5183142239367415,0.41849617525872673,0.41849617525872673,0.5260679449840057,0.5260679449840057,0.28411728143692017,0.28411728143692017,0.26311251521110535,0.26311251521110535,0.3427428603172302,0.3427428603172302,0.2890694737434387,0.2890694737434387,0.9916613926048998,0.9916613926048998,0.994231386317553,0.994231386317553,0.002569993712653207,0.002569993712653207,0.008338607395100202,0.008338607395100202,0.30820418696811974,0.30820418696811974,0.6917934112856481,0.6917934112856481,0.05208878651495519,0.05208878651495519,0.82275390625,0.82275390625,0.487060546875,0.487060546875,0.462646484375,0.462646484375,0.860595703125,0.860595703125,0.34164823193525334,0.34164823193525334,0.08478917071662849,0.08478917071662849,0.018736745691738138,0.018736745691738138,0.6758077519830431,0.6758077519830431,0.4105552136898041,0.4105552136898041,0.701643168926239,0.701643168926239,0.774347722530365,0.774347722530365,0.24795959889888763,0.24795959889888763,0.5358647273140917,0.5358647273140917,0.4653177746741724,0.4653177746741724,0.49514851637809154,0.49514851637809154,0.5159211846217495,0.5159211846217495,0.5264876797647466,0.5264876797647466,0.49940077727444715,0.49940077727444715,0.42895319090866324,0.42895319090866324,19.0,19.0,152.0,152.0,1.0,1.0,1.0,1.0,1.0,1.0,1.0,1.0,4.447351932175511,4.447351932175511,2.889005136858823,2.889005136858823,2.01778667457364,2.01778667457364,1.6076088178315915,1.6076088178315915,1.3500551952799948,1.3500551952799948,1.1816665718763348,1.1816665718763348,1.0430672636389118,1.0430672636389118,19.0,19.0,152.0,152.0,82.0,82.0,1.6607829286246716,1.6607829286246716,2.459581402270081,2.459581402270081,0.10286541371872046,0.10286541371872046,0.23502608388206964,0.23502608388206964,4.211699592782591,4.211699592782591,3.9114872048614195,3.9114872048614195,0.6607829286246716,0.6607829286246716,0,0,1,1,0,1
Qwen3|extended,1,0.00023163158231753744,0.00023163158231753744,0.9921235164246368,0.9921235164246368,0.9918918848423193,0.9918918848423193,0.9997683684176825,0.9997683684176825,0.04091907668921381,0.04091907668921381,0.9590808076250765,0.9590808076250765,0.00023163158231757574,0.00023163158231757574,0.8681640625,0.8681640625,0.75048828125,0.75048828125,0.75927734375,0.75927734375,0.8662109375,0.8662109375,0.8433860285000121,0.8433860285000121,0.7222746673155015,0.7222746673155015,0.7404426857346267,0.7404426857346267,0.8402277791455065,0.8402277791455065,0.13102740049362183,0.13102740049362183,0.1731514185667038,0.1731514185667038,0.15601228177547455,0.15601228177547455,0.13138556480407715,0.13138556480407715,0.07001404884272011,0.07001404884272011,0.9944893606962468,0.9944893606962468,0.9244753118535267,0.9244753118535267,0.9299859511572799,0.9299859511572799,0.31134390456143735,0.31134390456143735,0.6886559048249415,0.6886559048249415,0.07001399114285753,0.07001399114285753,0.83935546875,0.83935546875,0.5908203125,0.5908203125,0.60595703125,0.60595703125,0.875,0.875,0.3666951786572663,0.3666951786572663,0.13785556598534857,0.13785556598534857,0.06481025787657956,0.06481025787657956,0.6876338185659223,0.6876338185659223,0.4004587233066559,0.4004587233066559,0.6400413513183594,0.6400413513183594,0.6907454133033752,0.6907454133033752,0.24081049859523773,0.24081049859523773,1.4778047756132084,1.4778047756132084,1.3408034920410106,1.3408034920410106,1.2322034082896944,1.2322034082896944,1.1162646266791247,1.1162646266791247,0.971700385825042,0.971700385825042,0.7619054266093528,0.7619054266093528,0.4742011779483628,0.4742011779483628,37.0,37.0,300.0,300.0,16.0,16.0,1.1143691273119938,1.1143691273119938,1.274042965542377,1.274042965542377,0.9975124361006165,0.9975124361006165,5.172152001183006,5.172152001183006,3.209043627107811,3.209043627107811,2.012132910221441,2.012132910221441,1.5889835735682545,1.5889835735682545,1.361481299508859,1.361481299508859,1.1981575615290365,1.1981575615290365,1.0151100266987516,1.0151100266987516,37.0,37.0,300.0,300.0,,,1.3924587376881237,1.3924587376881237,1.779291211041565,1.779291211041565,0.9975124361006165,0.9975124361006165,0.27042482787222355,0.27042482787222355,7.608771501032109,7.608771501032109,3.694347225569798,3.694347225569798,0.2780896103761299,0.2780896103761299,1,1,1,1,1,1
