model_a,model_b,hidden_dim,vocab,identity_R2,full_affine_R2,delta_over_Yc_energy,full_affine_gain_over_delta,D_energy_at_1,P_energy_at_1,R_energy_at_1,P_abs_delta_energy_at_1,D_energy_at_2,P_energy_at_2,R_energy_at_2,P_abs_delta_energy_at_2,D_energy_at_4,P_energy_at_4,R_energy_at_4,P_abs_delta_energy_at_4,D_energy_at_8,P_energy_at_8,R_energy_at_8,P_abs_delta_energy_at_8,D_energy_at_16,P_energy_at_16,R_energy_at_16,P_abs_delta_energy_at_16,D_energy_at_32,P_energy_at_32,R_energy_at_32,P_abs_delta_energy_at_32,D_energy_at_64,P_energy_at_64,R_energy_at_64,P_abs_delta_energy_at_64,D_energy_at_128,P_energy_at_128,R_energy_at_128,P_abs_delta_energy_at_128,D_energy_at_256,P_energy_at_256,R_energy_at_256,P_abs_delta_energy_at_256,D_energy_at_512,P_energy_at_512,R_energy_at_512,P_abs_delta_energy_at_512,D_energy_at_1024,P_energy_at_1024,R_energy_at_1024,P_abs_delta_energy_at_1024,D_energy_at_2048,P_energy_at_2048,R_energy_at_2048,P_abs_delta_energy_at_2048,D_energy_at_4096,P_energy_at_4096,R_energy_at_4096,P_abs_delta_energy_at_4096
Qwen3-0.6B-Base,Qwen3-0.6B,1024,151936,0.9821210165079378,0.9876894496558482,0.017878983492062236,0.31145132777725315,0.036353117161560346,0.08552911587489864,0.036855683325943515,0.026638156702851724,0.06108203007157744,0.14466638830381767,0.05843659265308915,0.0450565387219637,0.10595373325990172,0.2372623868317159,0.07700280569757029,0.07389568541033818,0.1643640307797008,0.35704044379202127,0.0998248863476629,0.11120072028920475,0.2284636124079204,0.4766189961066394,0.13256040915258466,0.14844361918127427,0.2937672277659719,0.584901099271981,0.17836943360071542,0.18216822398663343,0.3709204788035151,0.6819461620553138,0.24674776418042055,0.21239303764472933,0.4706164705541766,0.7680429059937982,0.3532917362373162,0.23920798286166847,0.6079077068497953,0.8525934082410956,0.5129669401941985,0.2655413490508229,0.7886035793545049,0.9346886247495126,0.7340926979285848,0.2911100132365304,0.9999998851195068,0.9999998155723173,0.9999999165777872,0.3114512703370065,0.9999998851195068,0.9999998155723173,0.9999999165777872,0.3114512703370065,0.9999998851195068,0.9999998155723173,0.9999999165777872,0.3114512703370065
Qwen3-1.7B-Base,Qwen3-1.7B,2048,151936,0.9912145794555884,0.9938152295635724,0.008785420544411506,0.29601885246555293,0.04074683665036411,0.1170544401814217,0.021066514580775235,0.034650321058502166,0.06920953684214017,0.18835328155025433,0.03676593733442918,0.05575612226262749,0.1064899761892599,0.2854857967726418,0.053349772558120546,0.08450917795585147,0.15244341366599257,0.3783879706030582,0.07388098236408557,0.11200997284468665,0.20192077277643716,0.47485467099278494,0.10080592474936419,0.1405659347951919,0.25145310495382933,0.5582473286388664,0.13649679782380775,0.16525173361563764,0.3098853101937713,0.6366249369359661,0.18730205804674765,0.18845298328273968,0.3845879443926011,0.7077729697448673,0.2644366543130176,0.2095141423100121,0.4866828979005855,0.7812378514632122,0.3791189142277519,0.23126113229279419,0.623045199191207,0.8583839523755353,0.5395007404562789,0.2540978325570518,0.7990552607034042,0.9382657287335008,0.7536648211711726,0.27774434432744666,1.000000078955931,0.9999999333184945,0.9999998878436415,0.2960188327265702,1.000000078955931,0.9999999333184945,0.9999998878436415,0.2960188327265702
Qwen3-4B-Base,Qwen3-4B,2560,151936,0.9859308098198453,0.9901264025115812,0.014069190180154734,0.29821138516231127,0.030960467630730345,0.09128858819512982,0.0158231006066519,0.02722329633518148,0.05140455666052181,0.14526581567267127,0.022946431090985035,0.043319920108480285,0.08619537433800709,0.2294648004667466,0.03434559965372239,0.06842901599318188,0.12820657295307197,0.3332557304432079,0.05007994168973847,0.09938065298874685,0.17364498160061298,0.4351032242041462,0.07187726862398841,0.12975273517850613,0.22190082466006422,0.5265944612857932,0.10351998050738107,0.1570364637188375,0.28009156266015145,0.6139589381969459,0.1507795006348566,0.18308954539249309,0.35343387369071616,0.6949619023885706,0.22202596824227228,0.2072455515463306,0.44975599173832037,0.7746374989918647,0.3265001853575022,0.23100572157303248,0.5756924223235843,0.8525574864652834,0.4726515319067013,0.2542423489693106,0.7384486370299451,0.9291837740657799,0.6710551081891919,0.2770931803345003,0.9370829024929999,0.9909291000050817,0.9202097547895003,0.29550633951015787,1.0,1.0000000842746317,0.9999999283780904,0.2982114102939659
Qwen3-8B-Base,Qwen3-8B,4096,151936,0.9953341716367314,0.9956756081056806,0.004665828363268554,0.0731781030860501,0.0066151654881384655,0.006875574783118767,0.006744135860239768,0.0005031415202549117,0.012353895191548695,0.011178555900865873,0.012579752248587544,0.0008180255160667365,0.019147429751885995,0.017453584357380043,0.01945384042519298,0.0012772201953254285,0.030230339742516005,0.027644000000750586,0.030693240137467836,0.0020229354817656955,0.04787593587841055,0.04314439602760948,0.0487056102135978,0.0031572250600937772,0.07766114456587211,0.06949638068417228,0.07913098667232558,0.005085613309813741,0.1275108464082851,0.11444898506037697,0.13002036235693393,0.008375159626842075,0.2064549487374946,0.18855828584638848,0.21057284175799834,0.013798337679395919,0.32853699950487225,0.30668276794346,0.33499983785592047,0.022442463207281698,0.511797336504588,0.4795522541537316,0.5209339385195164,0.035092724289609474,0.6961913305718436,0.6910740556152687,0.7057181200086173,0.05057148848190886,0.8608802692566809,0.9073108378318332,0.8660759122548306,0.06639528602194839,1.0000001757641919,0.9999999249416046,1.0000000948210992,0.07317809759341912
Qwen3-14B-Base,Qwen3-14B,5120,151936,0.995181645320977,0.9955615089847863,0.0048183546790230795,0.07883679992740748,0.007882046113899848,0.008975982532791825,0.007971221163773865,0.0007076377390896134,0.014894044758861427,0.014264643061398165,0.01506636485850175,0.0011245788110673285,0.02315604013871271,0.021427454140845677,0.023478075611212117,0.0016892719150555498,0.036815342257921074,0.03405937831048709,0.03740340727711716,0.0026851323935157523,0.06001419799384093,0.0538453709446953,0.0610907156027389,0.004244996736183984,0.09994226108381989,0.08697551586511525,0.10188849716660155,0.006856871342841146,0.16529059034511945,0.14221514849041042,0.16866642762081183,0.011211787208185033,0.2636911781261566,0.2293990879211641,0.26910436385054437,0.018085089997970573,0.40797486069804034,0.36165723524535776,0.4159596880400502,0.02851189909733761,0.6030012752638351,0.5397177110630005,0.6132109144699518,0.04254961720435209,0.7485627866943332,0.7285052097682819,0.7575825699398169,0.05743301946857606,0.8886154746319638,0.9185810093819707,0.8920141857944225,0.07241798725376244,0.983409050946922,0.9978209178158941,0.9832944142974627,0.07866500806123375
Qwen3-30B-A3B-Base,Qwen3-30B-A3B,2048,151936,0.9917874672256084,0.9921235164840164,0.008212532774391657,0.04091907668921381,0.0021438945764080974,0.0037650168271490475,0.002130369834439844,0.00015406101228629233,0.004135044700958225,0.0069253975427629065,0.004132397991508371,0.00028338087315560827,0.007634719081837228,0.012535979766382817,0.007617831611391995,0.0005129607174350512,0.013979247863574157,0.022359299726258025,0.013919359203454646,0.0009149219002158695,0.025549628229511193,0.039483305728543805,0.025457502399914213,0.001615620415049959,0.04687705342134702,0.0689466890950612,0.04683227456864116,0.0028212348585481906,0.08629054205696134,0.11959588425796347,0.08648224383128415,0.004893753159665946,0.1578886085438524,0.20416118458252405,0.15860173160512572,0.008354087168893038,0.28155911944665213,0.3404997999768171,0.28320543742126814,0.013932937427913343,0.47614499931167004,0.548471430611039,0.4789790312301559,0.022442944531015915,0.7342272946549732,0.8131940733767024,0.7372448411871055,0.03327515065171545,0.9999998843142903,1.0000000883494624,0.9999998793785656,0.04091908030439224,0.9999998843142903,1.0000000883494624,0.9999998793785656,0.04091908030439224
Qwen3.5-0.8B-Base,Qwen3.5-0.8B-Instruct,1024,248320,0.9975700738204689,0.997860103859318,0.0024299261795311103,0.11935755139071841,0.022172663093756904,0.11603180549920931,0.013019331987349307,0.013849272187829718,0.040208192809212756,0.19854089219330856,0.022650524920304758,0.023697354743121908,0.06268264182816861,0.2846716163966187,0.03820934039002416,0.03397770708353829,0.09485430514518296,0.380102499565329,0.061616456719491605,0.04536810362560928,0.13748338415918826,0.48463595267467563,0.09683054875032654,0.05784496062715737,0.19661561787052553,0.6001460908586616,0.1498997132676979,0.07163196788160145,0.27817646967675264,0.7079747642427203,0.22844576998036684,0.08450213430643223,0.39287397638752053,0.7993782962552057,0.34611158590612884,0.09541183607590564,0.5551707974828829,0.8826740960912727,0.5180792167557955,0.10535381878547,0.7648368568323658,0.9560759556552769,0.7435480743421271,0.11411488501055493,1.0,1.0000001655889585,1.0000000897721673,0.11935757115501104,1.0,1.0000001655889585,1.0000000897721673,0.11935757115501104,1.0,1.0000001655889585,1.0000000897721673,0.11935757115501104
Qwen3.5-2B-Base,Qwen3.5-2B-Instruct,2048,248320,0.9961489055099909,0.9965920495136669,0.0038510944900091095,0.11506962626484923,0.019254345819014754,0.10183327566553989,0.00968012367927656,0.01171791697215904,0.02908009498632252,0.16021138448350875,0.014407871563720758,0.01843546413589142,0.042321767041189944,0.2191411412223307,0.02252853344387962,0.02521648921970614,0.06143099687992918,0.29549713449552223,0.03602232913307529,0.03400274482873363,0.08939649395615196,0.37881867810603104,0.057551500966348944,0.04359052371180522,0.13052537045620402,0.4784729074484228,0.09238292397945827,0.05505769863794581,0.19006793650349893,0.5852824723456157,0.14691895488682843,0.06734823535217696,0.27549788083044374,0.6871712785315536,0.23030323592533425,0.07907254220056449,0.39645943643710174,0.7859182933320692,0.35434348470071114,0.09043532428842935,0.5601771108549928,0.8779797019860529,0.525657176034238,0.10102879617565881,0.7672132771176225,0.9577406027035933,0.7477276882039934,0.11020685321177394,1.0,0.9999998148211074,1.0,0.11506960495638327,1.0,0.9999998148211074,1.0,0.11506960495638327
Qwen3.5-4B-Base,Qwen3.5-4B-Instruct,2560,248320,0.9967907101000678,0.997175886644525,0.0032092898999321936,0.12001924303107303,0.019837492091447625,0.10859486745593269,0.008700324847348716,0.01303347378912075,0.029521676933657752,0.16257435416514407,0.013044255474582094,0.019512050923166165,0.04110850241042607,0.21291447407773761,0.020453564082599004,0.02555383400916909,0.05819954805923765,0.27580685685339174,0.03267586275500161,0.033102130182323594,0.08290769319522366,0.35089462550561473,0.051848827330610144,0.04211410733685573,0.11989330723279881,0.44128948893813763,0.08260349802555673,0.05296323041992435,0.17367708848968894,0.540113074936971,0.13138248332213653,0.06482396240512049,0.251875038399759,0.6428479021609456,0.20674933327075268,0.07715411860146998,0.36135639866871244,0.7477060946205406,0.3163794611197782,0.08973911948607716,0.5062744949365744,0.847276766830667,0.46644990522999213,0.10168951619283162,0.6961191020281854,0.9363726627707362,0.6691700683226725,0.11238273818073398,0.9285365844136123,0.9949573620213867,0.9218331907755168,0.11941402943800013,0.9999998972581698,0.9999998929944196,1.0000001167549684,0.12001923018834428
Qwen3.5-9B-Base,Qwen3.5-9B-Instruct,4096,248320,0.9985479709321446,0.9985904528713182,0.0014520290678553445,0.029256948165883003,0.0047963534283812755,0.005117072610272904,0.004801682886365973,0.00014970992811981398,0.00842916277716314,0.008999808286798703,0.00844804572056013,0.00026330692454975396,0.013836301960886,0.014990896796488486,0.013871382001958373,0.0004385878905349652,0.021958591913290002,0.02419028580384632,0.022014325227030382,0.0007077339378810273,0.034868401529295164,0.037839680648997696,0.03498378519781151,0.0011070735753612917,0.05565607641289817,0.06027282560347306,0.05587286776523562,0.0017633989344921172,0.08915267885953994,0.09778593448118449,0.08952699273517029,0.002860918016468446,0.13921377287604297,0.15946903959895067,0.1398016423923958,0.004665577425609644,0.21392674192135713,0.260672314401095,0.21481836382367905,0.007626476390713594,0.33166554303231455,0.419826014672834,0.332963556421089,0.012282827949972342,0.5058282049509059,0.6437005960950362,0.5074804809788822,0.018832714974300464,0.730977965242244,0.8890758911313361,0.7325178237279781,0.02601164726236574,1.0,1.0,1.0,0.029256948165883003
Qwen3.5-35B-A3B-Base,Qwen3.5-35B-A3B-Instruct,2048,248320,0.9986870899262132,0.998713360923914,0.001312910073786729,0.020009746459619213,0.005124733794197004,0.0066758685923695195,0.005148390243093925,0.0001335824379310491,0.010035600716208572,0.011577042718774425,0.010059999583023525,0.00023165368955485694,0.017978612507954073,0.02034649425011541,0.018024028605332774,0.0004071281912869095,0.029666648454398516,0.03451759730925512,0.029734822933571728,0.0006906883705534293,0.04854907182550289,0.056734432347442944,0.048654967160396176,0.001135241606802752,0.08023172370539308,0.09413557763943928,0.0803974226299591,0.0018836290413949796,0.13193058810127098,0.1568165613130579,0.1321669184826297,0.0031378596325436197,0.20873525620253028,0.2560842566057398,0.20904792661154314,0.00512418104698092,0.3127087658213516,0.4068575258127768,0.3130879433622758,0.008141115936701642,0.4666108214017064,0.6221211155141759,0.4670220510748026,0.012448485788614136,0.6998598210195597,0.869891206972992,0.7001953331335927,0.017406302498981712,1.0,1.0000002285327738,0.9999999253399329,0.020009751032502073,1.0,1.0000002285327738,0.9999999253399329,0.020009751032502073
Qwen2.5-0.5B,Qwen2.5-0.5B-Instruct,896,151936,0.986895013765239,0.9902607088315583,0.013104986234760993,0.25682553236047584,0.12014422836083208,0.4037289570484628,0.02479656016264596,0.10368790432331114,0.14315258599936825,0.47983550835368666,0.03195619074295165,0.12323400987839513,0.16040637014898998,0.5273795625690497,0.039386072169757334,0.13544453691283107,0.18069604705909365,0.5795133400778012,0.04999738668649226,0.14883382207547877,0.20363520922883394,0.6281419555288411,0.06509971667088346,0.16132289212664497,0.23176174859700072,0.6717479036415894,0.0904375940441788,0.17252201296478484,0.2745168297295304,0.716820392561896,0.1371549431457665,0.1840977789265542,0.34994539156655846,0.7731401142044421,0.2247661578109593,0.19856212141979493,0.4858306813295688,0.8467785288876284,0.38547408447282483,0.21747434647298572,0.721536995626455,0.9374074999047591,0.6682509895045,0.24075018020174246,1.0000001739399058,0.999999915341407,0.9999998829750458,0.25682551061798764,1.0000001739399058,0.999999915341407,0.9999998829750458,0.25682551061798764,1.0000001739399058,0.999999915341407,0.9999998829750458,0.25682551061798764
Qwen2.5-1.5B,Qwen2.5-1.5B-Instruct,1536,151936,0.9992619361598801,0.9996813394217751,0.0007380638401198979,0.5682479469889921,0.5729875186266705,0.8150416737195413,0.2563942502616913,0.4631457578016013,0.6016871606553689,0.8385556495088456,0.2943850526614449,0.47650752626942233,0.6256941284327329,0.8597684854303023,0.324286130401607,0.4885616767316044,0.6541283689465949,0.8857999388488662,0.3570976480098448,0.503353996693843,0.6834786669080879,0.909652452620946,0.39309424497330203,0.5169081386753539,0.7142037034003432,0.9294710197327846,0.43794675347459766,0.5281699987489198,0.7474909173462198,0.9472585502844344,0.49121145246871245,0.5382777264668988,0.7846608289689287,0.962279164237225,0.557585061223599,0.5468131595080863,0.830697245985417,0.975880252967214,0.6466326390993286,0.5545419502557176,0.8878618981423562,0.9877970705877206,0.7628589704093633,0.5613136574032127,0.9571631154883293,0.9972845529098258,0.9083304722867415,0.5667048997548433,1.000000217453105,0.9999998724423577,1.0000001678853745,0.5682478745046237,1.000000217453105,0.9999998724423577,1.0000001678853745,0.5682478745046237
Qwen2.5-3B,Qwen2.5-3B-Instruct,2048,151936,0.99939970077849,0.9997321509660977,0.0006002992215099569,0.5538074608382879,0.5176088965397616,0.7835863208213488,0.18940905020690532,0.43395595068168724,0.5492800360300647,0.8133975477898593,0.22436798656159632,0.4504656305935919,0.5735724514316054,0.837548363242704,0.25212196971848516,0.4638405323767059,0.6014469645960039,0.8667866105818718,0.2797979352905111,0.4800328918949723,0.6307701791581849,0.8924670541760518,0.3133619523107071,0.494254913155066,0.66217871123792,0.9146849887345636,0.35596124514060706,0.5065593710779867,0.6965087228074052,0.9347075108584485,0.40775464722519683,0.5176479932149938,0.7355573191920398,0.952140385796862,0.4739255875960393,0.527302449419748,0.7839542325151208,0.9679766032645033,0.5634635464087687,0.5360726648047853,0.8434753239601197,0.9819350573285838,0.6793154416346605,0.5438029608072417,0.915908679409723,0.9937057709897197,0.8255810806521401,0.5503216698521699,1.0,0.9999998654029529,0.9999999164693952,0.5538073862974391,1.0,0.9999998654029529,0.9999999164693952,0.5538073862974391
Qwen2.5-7B,Qwen2.5-7B-Instruct,3584,152064,0.9997140644190229,0.999723155960061,0.00028593558097710867,0.03179576674935525,0.01878005556396454,0.017797723064446908,0.018824410940374826,0.000565892251226774,0.02827983802304339,0.027312545680487098,0.028341361545424538,0.000868423331787878,0.04225842027550488,0.042151955177091395,0.042313564533031194,0.0013402537348400753,0.059852212538675974,0.06071689369553116,0.059943606642541995,0.001930540189688507,0.08766850949651835,0.0901772079642215,0.08782433107573467,0.0028672534705384872,0.13430358699331205,0.1408116524620705,0.13455149356313303,0.004477214457275268,0.20946270448946255,0.2241720925986248,0.20985972303526124,0.0071277235679807404,0.3286292490080759,0.3547407529502607,0.3292538257821931,0.011279254237297143,0.5035625149750412,0.5407048077945343,0.5044537189986227,0.017192123948889974,0.7248294722366888,0.7508793901919456,0.7257708696341427,0.023874785947441208,0.8640640338412344,0.9063941841393169,0.8646271187720164,0.028819498061865872,0.9604319376650244,0.9876674439641807,0.9604131481045574,0.03140364367421698,1.0000000664449973,0.9999999346955152,0.9999999313730267,0.03179576467294908
Qwen2.5-14B,Qwen2.5-14B-Instruct,5120,152064,0.9998309539329064,0.9998389459322984,0.00016904606709352654,0.04727705015169363,0.012055815636816831,0.011261680887425319,0.012109649429108542,0.0005324190521071764,0.01847418097628235,0.01790887414314454,0.018530702254999837,0.0008466787410258137,0.026330452051107567,0.025920232664858642,0.0264093453067,0.0012254321396400895,0.039652405139926745,0.03946179328725386,0.03979240392627945,0.001865637180317268,0.06179750135110868,0.062368540599390974,0.0620276930605608,0.0029486006218053472,0.09935647676178987,0.1010787018519962,0.0997511128787305,0.0047787028567249125,0.16084919328715935,0.16514905334323246,0.16152381585284029,0.007807760077412728,0.25406546239707734,0.2648423466882028,0.25514624683000914,0.012520964906670394,0.389726601332292,0.4129641153994527,0.3913117562019992,0.01952372519458972,0.5848647688422739,0.6093000346866818,0.5869800628767464,0.028805908297310924,0.7654029074827793,0.8038275042527746,0.7672606679436815,0.03800259323186915,0.9092293396365023,0.9512586097299621,0.9097101036582507,0.044972700999433776,0.9834492408444666,0.9987904386296332,0.9834302592989405,0.04721986565812525
Qwen2.5-32B,Qwen2.5-32B-Instruct,5120,152064,0.9998697145588493,0.9998761121589204,0.00013028544115068803,0.049104489454442984,0.011465038984852509,0.010356196613987949,0.011539429717089817,0.0005085357474197094,0.018455244347401138,0.017081549717424763,0.01855834322311649,0.0008387807779648279,0.027821367709210322,0.0262921627127975,0.027966885162553582,0.0012910632266650637,0.043710419215018226,0.04174345071757164,0.043940802767179245,0.002049790835553057,0.0699814541996259,0.0679699720802845,0.07035527030354241,0.0033376307772351147,0.11402290382022427,0.11142192018231287,0.11465098898047399,0.00547131650458617,0.1851669189770763,0.18246116422595798,0.1861870511470702,0.008959662314578943,0.2895095686649684,0.2896264290023941,0.291055767756505,0.014221957928676041,0.43316519549910415,0.44070955830542957,0.4352993829371095,0.021640817858281192,0.6190513284598752,0.6303017244825228,0.6215679818923392,0.030950644382969267,0.7827374603861162,0.8178572061191689,0.7846587412839203,0.040160460553118935,0.9257488766726751,0.9597694942269315,0.9259490209147058,0.04712899100796243,0.9843549482808819,0.9989284196556929,0.9843266310759674,0.04905187004872637
Qwen2.5-72B-Base,Qwen2.5-72B-Instruct,8192,152064,0.9996624244489689,0.9996872173529736,0.000337575551031072,0.07344401550690643,0.004710702268324178,0.0045141721572314365,0.004743303126952848,0.0003315389299165509,0.00820795232641551,0.007319240190306084,0.008316433240343797,0.0005375543900356128,0.013111964274832516,0.012001686219528027,0.013265142377592666,0.0008814520288160417,0.021025075581988694,0.01993618482929074,0.021256455849863753,0.001464193467750982,0.03496118344588924,0.033531671826842045,0.03534330138531917,0.002462700625623085,0.05860901413000481,0.05693871440530941,0.059253179516191946,0.004181807823726861,0.09747483649029674,0.09649887954707091,0.09852846249006081,0.007087265205854172,0.15936890357302808,0.1616063819297773,0.16096879606901973,0.011869021620465608,0.25421697207314575,0.26378986552860195,0.2564907963229896,0.019373786974447405,0.3863817102341112,0.4086858002721888,0.3891098924906388,0.0300155262526431,0.525740416722544,0.5828958870131983,0.5283713476469782,0.04281021456470931,0.6768632241174124,0.775714814157874,0.6791043442957593,0.05697161083994794,0.8436471804512864,0.9436707844893104,0.8450915770755324,0.06930697172944747
Llama-3.2-1B,Llama-3.2-1B-Instruct,2048,128256,0.9582858963221983,0.9753091795753768,0.04171410367780169,0.4080941876317367,0.06828986763132078,0.11952967185512707,0.03587057080094499,0.04877936433360615,0.08901307586518115,0.16280255010618652,0.04238601044128638,0.0664387744299593,0.11789464308267711,0.22449441955935742,0.05276003230484282,0.09161486777793423,0.15830195553337645,0.3067777520161365,0.06744895493675138,0.1251942174925156,0.21197925996900502,0.4060808173139958,0.09006179589472015,0.1657192212545868,0.27632021492505693,0.5138729154367129,0.1245520125129556,0.20970854997109747,0.3481598136310133,0.6136645794798897,0.17474702694222052,0.2504329480412169,0.4283514522380802,0.7054639947317856,0.24814709607276603,0.2878957558335078,0.5234599374332342,0.7892797168556938,0.3536257224463756,0.3221004648644315,0.6425665977291177,0.8656631972402615,0.5044898083006296,0.3532721192404564,0.8007284845047105,0.9399799849331436,0.7209839397117905,0.38360036834138334,1.0,1.0,1.000000102143241,0.4080941876317367,1.0,1.0,1.000000102143241,0.4080941876317367
Llama-3.2-3B,Llama-3.2-3B-Instruct,3072,128256,0.9657056778564524,0.9795068252828063,0.03429432214354759,0.40243243090170117,0.05439969253157625,0.09776351107219798,0.028980675701020774,0.03934320741427001,0.07539685694829952,0.14079934787433285,0.03615884335400009,0.05666222383444204,0.10068328797285953,0.1952317454883026,0.04513657098480104,0.07856758592603985,0.13499254678112,0.26605272488118564,0.05693702829053803,0.10706824482195705,0.17979633913311321,0.3499438405993223,0.07537684354920907,0.1408287504514627,0.23669859653372496,0.450911609163049,0.10386149695211529,0.1814614549972836,0.30241441051497464,0.5477945594396509,0.14708224094073594,0.22045029619002515,0.3767630462371864,0.6410662572668911,0.20974115581212402,0.2579858522809704,0.46479516772628793,0.7306429371772526,0.29902768704884125,0.29403441332940067,0.5715665308974751,0.8142493315001461,0.4242225087069401,0.3276803378356889,0.708276405829783,0.8960277035000163,0.6007639670109587,0.3605906068747803,0.8847959780718742,0.9721465611501445,0.84118355330645,0.3912233037963819,1.0,1.0000000676619285,0.9999998177320472,0.40243245813105555
Llama-3.1-8B,Llama-3.1-8B-Instruct,4096,128256,0.9983613905763074,0.9984405299580954,0.0016386094236926546,0.048296671948622666,0.00741000577990145,0.007281639563611575,0.007441514564766385,0.00035167895725186015,0.01115436001947508,0.01138137254155519,0.011198080259686457,0.0005496824159645529,0.01527854038407431,0.01803775931448277,0.015253433013414017,0.0008711637442997872,0.021586781414145193,0.02688697652903033,0.02154989281353586,0.0012985514851128952,0.03111498502012992,0.039216048503270554,0.031072739972091038,0.0018940046296837328,0.046439546655527304,0.058752146700052944,0.04644842579778419,0.0028375331554498107,0.07052403593556911,0.0915419339981385,0.07061564637833054,0.004421170755850563,0.1069003310940967,0.14751014343804925,0.10717267098303122,0.007124249006721739,0.1648522854970695,0.24422899336794057,0.16547710679369268,0.011795447573033767,0.26104828383712597,0.4034388606892052,0.2622283775422805,0.019484754306032623,0.42159281398227594,0.6363702876896178,0.4234151570484521,0.0307345670223961,0.6744996293013077,0.8931839809294395,0.6764808999428712,0.043137813716713984,1.0000000805954326,1.0000001042973425,1.0,0.0482966769858372
Llama-3.1-70B-Base,Llama-3.1-70B-Instruct,8192,128256,0.9984301656151496,0.998559587945804,0.0015698343848503684,0.08244330223834276,0.004017640692747562,0.004025963271467154,0.004037618160334485,0.00033191370679003376,0.006610310522942054,0.006771176708353196,0.00663921220252979,0.0005582381678759893,0.009989732417938341,0.010910985441854513,0.010010635291061607,0.0008995376705009694,0.015576402321628886,0.01750985615529373,0.015584481164576055,0.0014435703631607874,0.024526616997817406,0.027855926415073676,0.024536074708645668,0.0022965345605669546,0.0384870653999201,0.044384602487332,0.03851173479591237,0.003659213197591812,0.06017837816639619,0.0711370304918301,0.06022553732388182,0.005864771705176153,0.0928853280999253,0.11370736966600015,0.09298551542726025,0.009374411044101017,0.14279211084051271,0.18200742558417207,0.1430855910316712,0.015005293197058577,0.21915439757499702,0.2914886998409036,0.21988216744452171,0.024031290980045188,0.33571524497179783,0.4592106195247503,0.33715542308828583,0.03785883989653561,0.509154194438112,0.6864788474286025,0.5113902897222032,0.056595583098785464,0.7461506124577081,0.9152106496398,0.748478625733936,0.07545298820000405
Gemma-2-2B,Gemma-2-2B-Instruct,2304,256000,0.9989458770714498,0.9993343739539696,0.0010541229285502397,0.36854988350754075,0.2320049962982513,0.35330016438406714,0.1661455117725692,0.13020873442694295,0.2752380636666777,0.4395574026740808,0.18988131082472767,0.16199882955040965,0.33935932122423756,0.5515472916989794,0.22572514830341778,0.20327269010455848,0.39636416877254094,0.6418446533087555,0.26312033540933777,0.23655177220687973,0.450157759944784,0.7145641631201952,0.3054173410994426,0.26335253907661127,0.50503688573709,0.7738474808761538,0.35637632510938716,0.28520139892951035,0.5639730601094289,0.8271201422086507,0.41755725221666806,0.30483503205773876,0.629873877044143,0.8766940178844791,0.4922238172963545,0.3231054781630826,0.7014131670053916,0.9183227981846833,0.5805148050347746,0.3384477602932839,0.7811988565804002,0.952671457310017,0.6863362437958298,0.35110695461256586,0.8744401689459409,0.980825702726031,0.8169405084163625,0.3614831984808805,0.9823037711936801,0.999055555587588,0.9737931167237768,0.36820180862936697,1.0,1.0,0.9999999326941386,0.36854988350754075
Gemma-2-9B,Gemma-2-9B-Instruct,3584,256000,0.987862728728957,0.9911235613751852,0.01213727127104302,0.2686627474503152,0.08386193765564165,0.28630994447439434,0.014886078843466558,0.07692081630483798,0.126892117961096,0.4408539169688083,0.022294623971211205,0.11844102455707319,0.1608917525588469,0.5540690085978865,0.029510019832886366,0.14885770212698052,0.19529303211584198,0.6568722312071924,0.03848089680501086,0.176477098359943,0.2253432762774355,0.736618183062853,0.050109456018071215,0.19790186488352532,0.25481272424754287,0.8017776524412189,0.0654370892726746,0.2154077869491218,0.28468591330378606,0.853850777011161,0.08741635211356936,0.22939789566440494,0.3187105830944932,0.8916066536095167,0.12127679187091121,0.23954149320371426,0.3664719838103273,0.9209545360508715,0.177846769479748,0.24742617593225752,0.44237912836417376,0.948153576043301,0.2729778703043323,0.2547335447446346,0.5660660992654022,0.9744621727721678,0.432161839163437,0.26180168462337433,0.7667709253135789,0.9951659224493884,0.6943719481199577,0.26736401089418,1.0000001352339931,1.0000000629199592,0.9999999075433016,0.2686627643545643
Gemma-2-27B,Gemma-2-27B-Instruct,4608,256000,0.9964781784501565,0.9976057423328897,0.003521821549843446,0.3201649676950068,0.08144690024304216,0.20104960697232346,0.04589514208556233,0.06436904092138776,0.1298321361911222,0.3164511251155078,0.05569941696321012,0.10131656424965511,0.18742996821497496,0.4704623093587436,0.06998918332867962,0.15062555007756045,0.2418322401146272,0.5968765201636811,0.08634402853006011,0.19109895179611303,0.28725622592605343,0.6938654544124472,0.10767615810277659,0.22215141079664236,0.3326211674788992,0.7766052326155697,0.13474422308883038,0.24864178921213712,0.37541391462803275,0.8368168010707647,0.16872132535142448,0.2679194240814603,0.42006771296552314,0.87851793664467,0.2149492890848115,0.2812706668053248,0.4743006708956474,0.9114158392486249,0.27921130462578897,0.2918034227297535,0.5441304291879472,0.9385956266595177,0.36909653846919527,0.3005054384881191,0.639851901291744,0.9638000363141848,0.4982695285709585,0.3085750074909773,0.7792268554044676,0.9873732644809382,0.6915648324140564,0.316122329325453,0.9691844368029736,0.9998620148590285,0.9574132698736029,0.32012078968680524
Gemma-3-4B,Gemma-3-4B-Instruct,2560,262208,0.9531678995608374,0.957897193533659,0.04683210043916268,0.10098402438654769,0.018168887969114294,0.14842631582390775,0.0056813007716841266,0.01498868669676693,0.030754968785519567,0.25117442474297286,0.008775334657573408,0.025364604233521458,0.046388811900722485,0.3753634138452599,0.012832710955196398,0.037905708137567516,0.06461799125632822,0.5033367115657402,0.018810269952340034,0.050828966755399434,0.08493389288130801,0.624030231942881,0.028131684700142368,0.06301708416046291,0.10734843491545668,0.7237527289261882,0.04241193925223772,0.07308746322771263,0.1349751784737563,0.7974755464905978,0.06547897176944857,0.08053229003448198,0.17493822387859648,0.8488757580577692,0.10513488315950242,0.08572289025285491,0.24168887050349078,0.8903037097039982,0.1756657095540217,0.08990645153218242,0.3572564654850259,0.9306819013567041,0.30027087417758036,0.09398400382272398,0.5548123352881078,0.9730766053896063,0.5152047618443953,0.09826519164864304,0.8747742418370085,0.9990544084195065,0.8641013953322593,0.10088853474332342,1.0,1.0,0.9999999081377632,0.10098402438654769
Gemma-3-12B,Gemma-3-12B-Instruct,3840,262208,0.962656724315314,0.9672602152602192,0.037343275684686005,0.12327496344390139,0.03402322551213375,0.26602859347609487,0.007099426232796693,0.032794665135798096,0.0418589734152993,0.31651166360219546,0.009736177271341497,0.03901796376012906,0.05577234127708332,0.38716155977177363,0.013718778445463188,0.047727327127749235,0.06979312709385646,0.4565549676794767,0.019788993825225563,0.056281796950819064,0.08547904221897878,0.5313891033664211,0.02887354708032385,0.0655069722919831,0.10422154389226593,0.596331602370506,0.04184337047948056,0.07351275648266727,0.12770158895976605,0.6506073259245146,0.06126904826619304,0.08020359431967898,0.16143602424277295,0.7003957338367757,0.09318873133626727,0.08634125848499301,0.21480082039392034,0.753324294130892,0.1473769561778603,0.09286602482038853,0.30223836149565125,0.8148110587147818,0.23935028134712075,0.1004458034767513,0.44843089717408885,0.890116487888122,0.39682483019802894,0.10972907750522214,0.6892043873611419,0.9679744908982015,0.6593749933908309,0.11932701998010485,1.0,0.9999996581526936,1.0,0.12327492130268719
Gemma-3-27B,Gemma-3-27B-Instruct,5376,262208,0.9675574083518943,0.9707730350302084,0.032442591648105645,0.09911744145452374,0.01943701742618237,0.1880360510803362,0.003251875654032376,0.018637652284295057,0.026580652389339838,0.24348123604787733,0.0058411803050178865,0.024133237159250556,0.03576241399806887,0.31485794429061986,0.010429196555500586,0.03120791385971721,0.04690252830416512,0.38612289858142723,0.01786838398685153,0.03827151379439562,0.06253429550488553,0.4664802415009223,0.028336294653030687,0.046236328026659765,0.08272946045971961,0.5297112386053641,0.04202795586157061,0.05250362268027043,0.10648152041789775,0.58719828628019,0.061725145904166875,0.058201591762573404,0.13872751729841318,0.6410319771535868,0.0915736286356101,0.06353744946599824,0.1861816072719949,0.6959521257589487,0.1380371844647349,0.06898099408006395,0.25927866764455965,0.7585458584203161,0.21265564007597565,0.07518512471254714,0.37833389067590023,0.8379799493321208,0.3375106911070392,0.08305842856799125,0.573081646193146,0.9304118466775114,0.5442998547480881,0.09222004174165356,0.8691516904523097,0.9957197744719556,0.8603333684087787,0.09869319645133563
DeepSeek-V3-Base,DeepSeek-V3,7168,129280,0.9999947955812982,0.9999951093241175,5.204418701775048e-06,0.06028393127065296,0.006841441635594504,0.006775705261902672,0.0068559183746722905,0.0004084661503187423,0.0108227774251461,0.010891652262901404,0.010839004154406692,0.0006565916164405999,0.016698079058402395,0.017006024048123423,0.016719370573822764,0.0010251899849041438,0.025236633777766065,0.026055567971480908,0.025265440109789705,0.0015707320688105816,0.037799124902592116,0.03986822008120076,0.03783400273728412,0.0024034130392583727,0.055734975320533085,0.060303233533273534,0.05578536093738929,0.0036353159857179965,0.08060988443104194,0.0904456057240488,0.08068435832317107,0.0054524166792011336,0.11422305062630517,0.13576327505652022,0.11432671760849379,0.008184343942586018,0.16192731209758576,0.20753384745558753,0.16210873432308157,0.012510956196346814,0.2333902302365559,0.3231081133322598,0.23376522008286438,0.019478227297112297,0.34425932371630114,0.49982480041344485,0.34503719946746025,0.03013140391549194,0.5163776660041272,0.7335248441879081,0.5177051191688203,0.04421976129234027,0.7662024404573078,0.9475704155551072,0.7676379923102454,0.057123269805428145
DeepSeek-V3.1-Base,DeepSeek-V3.1,7168,129280,0.9999847219928868,0.9999856466553142,1.5278007113195224e-05,0.060522450379373934,0.0042425279496469065,0.004296796763802754,0.004249908384591306,0.0002600526689275067,0.006790330691484041,0.0070585800486352,0.006795089414094012,0.00042720256074236276,0.010965929554595934,0.011601920365019789,0.010968668325499368,0.0007021766495973581,0.017221719647742377,0.018487614620504016,0.01722766047329538,0.0011189157385024424,0.026903078753969564,0.029599972367036858,0.026909347825533725,0.0017914628588148278,0.04128222249297514,0.04688386059654017,0.041296622063535286,0.0028375261265475875,0.06158573670115961,0.07327861478266744,0.06159682476262702,0.004435001327053247,0.09004426268295188,0.11476674243510598,0.09006422621880304,0.006945964474231091,0.13226068236621305,0.18359235038992303,0.1323590458764159,0.011111458916506748,0.1990170075125009,0.2982760112301626,0.19932558334839048,0.018052395089035098,0.3080037628492609,0.4778126465347,0.308762683008141,0.02891839219053372,0.48406637135896563,0.7195520892218803,0.4854452127131649,0.043549055615306094,0.7476345195180233,0.9443324180284641,0.7491491727892057,0.05715331191176192
