model_a,model_b,matrix_kind,hidden_dim,vocab,baseline_rank_w,baseline_w_params,baseline_w_gain,identity_R2,delta_over_Yc_energy,full_affine_gain_over_delta,residual_gain_over_delta,same_budget_hybrid_gain,same_budget_rank_affine,same_budget_rank_residual_w,same_budget_hybrid_params,same_budget_mode,same_budget_gain_over_w,same_budget_param_ratio,match_hybrid_params,match_rank_affine,match_rank_residual_w,match_hybrid_gain,match_mode,match_param_ratio_over_w,match_param_saving
Qwen3.5-0.8B-Base,Qwen3.5-0.8B-Instruct,lm_head,1024,248320,1,250368,0.02217266336083412,0.9975700738204689,0.0024299261795311103,0.11935755139071841,0.8806423300235259,0.09457601606845856,121,0,248832,decomposed_hybrid,4.265433273817615,0.9938650306748467,5120,2,0,0.023697353899478912,decomposed_hybrid,0.02044989775051125,0.9795501022494888
Qwen3.5-0.8B-Base,Qwen3.5-0.8B-Instruct,lm_head,1024,248320,2,499712,0.04020819440484047,0.9975700738204689,0.0024299261795311103,0.11935755139071841,0.8806423300235259,0.10604138858616352,121,1,498176,decomposed_hybrid,2.637307895959579,0.9969262295081968,13312,6,0,0.0405418835580349,decomposed_hybrid,0.02663934426229508,0.9733606557377049
Qwen3.5-0.8B-Base,Qwen3.5-0.8B-Instruct,lm_head,1024,248320,4,998400,0.06268264353275299,0.9975700738204689,0.0024299261795311103,0.11935755139071841,0.8806423300235259,0.12458578683435917,243,2,997376,decomposed_hybrid,1.9875643369964207,0.9989743589743589,44032,21,0,0.06323762238025665,decomposed_hybrid,0.0441025641025641,0.9558974358974359
Qwen3.5-0.8B-Base,Qwen3.5-0.8B-Instruct,lm_head,1024,248320,8,1995776,0.09485430270433426,0.9975700738204689,0.0024299261795311103,0.11935755139071841,0.8806423300235259,0.14966165274381638,365,5,1995264,decomposed_hybrid,1.5778056290215896,0.9997434581836839,254976,124,0,0.09493868052959442,decomposed_hybrid,0.12775782452539763,0.8722421754746024
Qwen3.5-0.8B-Base,Qwen3.5-0.8B-Instruct,lm_head,1024,248320,16,3990528,0.1374833881855011,0.9975700738204689,0.0024299261795311103,0.11935755139071841,0.8806423300235259,0.18454217910766602,365,13,3990016,decomposed_hybrid,1.342287104960421,0.999871696176546,1469440,230,4,0.1375301480293274,decomposed_hybrid,0.3682319733128047,0.6317680266871952
Qwen3.5-0.8B-Base,Qwen3.5-0.8B-Instruct,lm_head,1024,248320,32,7980032,0.19661562144756317,0.9975700738204689,0.0024299261795311103,0.11935755139071841,0.8806423300235259,0.23499920219182968,487,28,7980032,decomposed_hybrid,1.1952214196495232,1.0,4819968,405,16,0.19661827385425568,decomposed_hybrid,0.6040035929680483,0.3959964070319517
Qwen3.5-0.8B-Base,Qwen3.5-0.8B-Instruct,lm_head,1024,248320,64,15959040,0.2781764566898346,0.9975700738204689,0.0024299261795311103,0.11935755139071841,0.8806423300235259,0.3075069338083267,608,59,15957504,decomposed_hybrid,1.1054383878043117,0.9999037536092397,12403200,577,45,0.2781905010342598,decomposed_hybrid,0.7771896053897979,0.22281039461020213
Qwen3.5-4B-Base,Qwen3.5-4B-Instruct,lm_head,2560,248320,1,253440,0.01983749121427536,0.9967907101000678,0.0032092898999321936,0.12001924303107303,0.8799806927552831,0.060210250318050385,49,0,253440,decomposed_hybrid,3.0351746431888613,1.0,17920,3,0,0.022991374135017395,decomposed_hybrid,0.0707070707070707,0.9292929292929293
Qwen3.5-4B-Base,Qwen3.5-4B-Instruct,lm_head,2560,248320,2,504320,0.029521677643060684,0.9967907101000678,0.0032092898999321936,0.12001924303107303,0.8799806927552831,0.07232536375522614,98,0,504320,decomposed_hybrid,2.449906967676236,1.0,33280,6,0,0.029698755592107773,decomposed_hybrid,0.06598984771573604,0.934010152284264
Qwen3.5-4B-Base,Qwen3.5-4B-Instruct,lm_head,2560,248320,4,1006080,0.04110850393772125,0.9967907101000678,0.0032092898999321936,0.12001924303107303,0.8799806927552831,0.08734033722430468,147,1,1006080,decomposed_hybrid,2.124629428417632,1.0,79360,15,0,0.04122137278318405,decomposed_hybrid,0.07888040712468193,0.9211195928753181
Qwen3.5-4B-Base,Qwen3.5-4B-Instruct,lm_head,2560,248320,8,2009600,0.05819954723119736,0.9967907101000678,0.0032092898999321936,0.12001924303107303,0.8799806927552831,0.10374131519347429,245,3,2009600,decomposed_hybrid,1.7825106917303417,1.0,227840,44,0,0.05836855247616768,decomposed_hybrid,0.11337579617834395,0.8866242038216561
Qwen3.5-4B-Base,Qwen3.5-4B-Instruct,lm_head,2560,248320,16,4016640,0.08290769159793854,0.9967907101000678,0.0032092898999321936,0.12001924303107303,0.8799806927552831,0.12594714388251305,343,9,4016640,decomposed_hybrid,1.5191249624135557,1.0,847360,116,1,0.08302456606179476,decomposed_hybrid,0.2109623964308477,0.7890376035691523
Qwen3.5-4B-Base,Qwen3.5-4B-Instruct,lm_head,2560,248320,32,8030720,0.11989330500364304,0.9967907101000678,0.0032092898999321936,0.12001924303107303,0.8799806927552831,0.1574617549777031,490,22,8030720,decomposed_hybrid,1.3133490228909657,1.0,3397120,320,7,0.11990665085613728,decomposed_hybrid,0.42301562001912657,0.5769843799808734
Qwen3.5-4B-Base,Qwen3.5-4B-Instruct,lm_head,2560,248320,64,16058880,0.17367708683013916,0.9967907101000678,0.0032092898999321936,0.12001924303107303,0.8799806927552831,0.2046179249882698,637,51,16058880,decomposed_hybrid,1.178151526622459,1.0,10539520,539,31,0.17369024455547333,decomposed_hybrid,0.6563047983421011,0.3436952016578989
Qwen3.5-2B-Base,Qwen3.5-2B-Instruct,lm_head,2048,248320,1,252416,0.019254345446825027,0.9961489055099909,0.0038510944900091095,0.11506962626484923,0.8849303630809178,0.06651178002357483,61,0,251904,decomposed_hybrid,3.454377621262757,0.9979716024340771,14336,3,0,0.022083451971411705,decomposed_hybrid,0.056795131845841784,0.9432048681541583
Qwen3.5-2B-Base,Qwen3.5-2B-Instruct,lm_head,2048,248320,2,502784,0.029080094769597054,0.9961489055099909,0.0038510944900091095,0.11506962626484923,0.8849303630809178,0.07826688140630722,122,0,501760,decomposed_hybrid,2.6914245646865793,0.9979633401221996,26624,6,0,0.030040321871638298,decomposed_hybrid,0.05295315682281059,0.9470468431771895
Qwen3.5-2B-Base,Qwen3.5-2B-Instruct,lm_head,2048,248320,4,1003520,0.042321767657995224,0.9961489055099909,0.0038510944900091095,0.11506962626484923,0.8849303630809178,0.09357833955436945,183,1,1001984,decomposed_hybrid,2.2111160457800745,0.9984693877551021,63488,15,0,0.0426364466547966,decomposed_hybrid,0.06326530612244897,0.936734693877551
Qwen3.5-2B-Base,Qwen3.5-2B-Instruct,lm_head,2048,248320,8,2004992,0.061430998146533966,0.9961489055099909,0.0038510944900091095,0.11506962626484923,0.8849303630809178,0.10975146666169167,305,3,2002432,decomposed_hybrid,1.7865812044905545,0.9987231869254342,190464,46,0,0.06155024468898773,decomposed_hybrid,0.09499489274770173,0.9050051072522982
Qwen3.5-2B-Base,Qwen3.5-2B-Instruct,lm_head,2048,248320,16,4007936,0.08939649164676666,0.9961489055099909,0.0038510944900091095,0.11506962626484923,0.8849303630809178,0.1330740675330162,366,10,4004864,decomposed_hybrid,1.4885826622685958,0.9992335206949412,838144,143,1,0.089496367610991,decomposed_hybrid,0.2091211037301993,0.7908788962698007
Qwen3.5-2B-Base,Qwen3.5-2B-Instruct,lm_head,2048,248320,32,8013824,0.1305253654718399,0.9961489055099909,0.0038510944900091095,0.11506962626484923,0.8849303630809178,0.16758105158805847,489,24,8013824,decomposed_hybrid,1.2838964363919987,1.0,3754496,366,9,0.1305495873093605,decomposed_hybrid,0.4685024278047534,0.5314975721952466
Qwen3.5-2B-Base,Qwen3.5-2B-Instruct,lm_head,2048,248320,64,16025600,0.19006793200969696,0.9961489055099909,0.0038510944900091095,0.11506962626484923,0.8849303630809178,0.21969661861658096,611,54,16024576,decomposed_hybrid,1.1558847212867682,0.9999361022364217,11186176,530,36,0.1900930255651474,decomposed_hybrid,0.6980191693290735,0.3019808306709265
Qwen3-0.6B-Base,Qwen3-0.6B,lm_head,1024,151936,1,153984,0.03635311871767044,0.9821210165079378,0.017878983492062236,0.31145132777725315,0.6885485860623769,0.21818354725837708,74,0,152576,decomposed_hybrid,6.001783477034198,0.9908561928512053,5120,2,0,0.0450565405189991,decomposed_hybrid,0.03325020781379884,0.9667497921862012
Qwen3-0.6B-Base,Qwen3-0.6B,lm_head,1024,151936,2,306944,0.061082031577825546,0.9821210165079378,0.017878983492062236,0.31145132777725315,0.6885485860623769,0.24501045048236847,149,0,306176,decomposed_hybrid,4.011170620122497,0.9974979149291076,9216,4,0,0.07389568537473679,decomposed_hybrid,0.030025020850708923,0.9699749791492911
Qwen3-0.6B-Base,Qwen3-0.6B,lm_head,1024,151936,4,612864,0.10595373064279556,0.9821210165079378,0.017878983492062236,0.31145132777725315,0.6885485860623769,0.28589595668017864,224,1,612736,decomposed_hybrid,2.6983094879785474,0.9997911445279867,17408,8,0,0.1112007200717926,decomposed_hybrid,0.028404344193817876,0.9715956558061821
Qwen3-0.6B-Base,Qwen3-0.6B,lm_head,1024,151936,8,1224704,0.1643640249967575,0.9821210165079378,0.017878983492062236,0.31145132777725315,0.6885485860623769,0.3265378139913082,448,2,1224448,decomposed_hybrid,1.9866744806094276,0.9997909698996655,48128,23,0,0.16623511910438538,decomposed_hybrid,0.039297658862876256,0.9607023411371237
Qwen3-0.6B-Base,Qwen3-0.6B,lm_head,1024,151936,16,2448384,0.22846360504627228,0.9821210165079378,0.017878983492062236,0.31145132777725315,0.6885485860623769,0.36557916551828384,672,7,2448000,decomposed_hybrid,1.6001636910362182,0.9998431618569636,199680,97,0,0.2286185771226883,decomposed_hybrid,0.08155583437892096,0.918444165621079
Qwen3-0.6B-Base,Qwen3-0.6B,lm_head,1024,151936,32,4895744,0.29376721382141113,0.9821210165079378,0.017878983492062236,0.31145132777725315,0.6885485860623769,0.40907538682222366,896,20,4895232,decomposed_hybrid,1.3925154597779976,0.999895419368333,689920,187,2,0.2939118407666683,decomposed_hybrid,0.14092240117130309,0.8590775988286969
Qwen3-0.6B-Base,Qwen3-0.6B,lm_head,1024,151936,64,9790464,0.37092047929763794,0.9821210165079378,0.017878983492062236,0.31145132777725315,0.6885485860623769,0.46277399361133575,970,51,9788544,decomposed_hybrid,1.2476366753532413,0.999803890806401,2678784,710,8,0.3709278628230095,decomposed_hybrid,0.2736115469093191,0.7263884530906809
Qwen3-1.7B-Base,Qwen3-1.7B,lm_head,2048,151936,1,156032,0.040746837854385376,0.9912145794555884,0.008785420544411506,0.29601885246555293,0.7039811870124126,0.1703234612941742,37,0,153600,decomposed_hybrid,4.180041207193779,0.9844134536505332,10240,2,0,0.05575612187385559,decomposed_hybrid,0.06562756357670221,0.9343724364232978
Qwen3-1.7B-Base,Qwen3-1.7B,lm_head,2048,151936,2,310016,0.06920953840017319,0.9912145794555884,0.008785420544411506,0.29601885246555293,0.7039811870124126,0.1933753937482834,75,0,309248,decomposed_hybrid,2.79405697853635,0.9975227085053675,14336,3,0,0.07124865055084229,decomposed_hybrid,0.046242774566473986,0.953757225433526
Qwen3-1.7B-Base,Qwen3-1.7B,lm_head,2048,151936,4,617984,0.10648997873067856,0.9912145794555884,0.008785420544411506,0.29601885246555293,0.7039811870124126,0.22027536015957594,112,1,614784,decomposed_hybrid,2.068507880132735,0.9948218724109362,30720,7,0,0.10658089071512222,decomposed_hybrid,0.04971002485501243,0.9502899751449876
Qwen3-1.7B-Base,Qwen3-1.7B,lm_head,2048,151936,8,1233920,0.15244340896606445,0.9912145794555884,0.008785420544411506,0.29601885246555293,0.7039811870124126,0.2532489560544491,187,3,1229952,decomposed_hybrid,1.6612653690447516,0.9967842323651452,96256,23,0,0.15355254709720612,decomposed_hybrid,0.07800829875518672,0.9219917012448133
Qwen3-1.7B-Base,Qwen3-1.7B,lm_head,2048,151936,16,2465792,0.2019207775592804,0.9912145794555884,0.008785420544411506,0.29601885246555293,0.7039811870124126,0.2892216593027115,375,6,2461952,decomposed_hybrid,1.4323521472068474,0.9984426910299004,409984,62,1,0.20226995926350355,decomposed_hybrid,0.1662686877076412,0.8337313122923589
Qwen3-1.7B-Base,Qwen3-1.7B,lm_head,2048,151936,32,4929536,0.25145310163497925,0.9912145794555884,0.008785420544411506,0.29601885246555293,0.7039811870124126,0.3306431695818901,639,15,4929152,decomposed_hybrid,1.314929771921711,0.9999221022019111,1188992,177,3,0.25152207538485527,decomposed_hybrid,0.24119754881595346,0.7588024511840465
Qwen3-1.7B-Base,Qwen3-1.7B,lm_head,2048,151936,64,9857024,0.30988532304763794,0.9912145794555884,0.008785420544411506,0.29601885246555293,0.7039811870124126,0.3799144923686981,1015,37,9856896,decomposed_hybrid,1.2259841435287813,0.9999870143361729,3532544,486,10,0.309915266931057,decomposed_hybrid,0.3583783503012674,0.6416216496987326
Qwen3-4B-Base,Qwen3-4B,lm_head,2560,151936,1,157056,0.03096046671271324,0.9859308098198453,0.014069190180154734,0.29821138516231127,0.7017885897060341,0.154471293091774,30,0,156160,decomposed_hybrid,4.989307639485412,0.9942950285248574,12800,2,0,0.04331992194056511,decomposed_hybrid,0.08149959250203749,0.9185004074979625
Qwen3-4B-Base,Qwen3-4B,lm_head,2560,151936,2,311552,0.05140455812215805,0.9859308098198453,0.014069190180154734,0.29821138516231127,0.7017885897060341,0.1807314157485962,60,0,309760,decomposed_hybrid,3.5158636189247097,0.9942481511914544,17920,3,0,0.05801311880350113,decomposed_hybrid,0.05751848808545604,0.942481511914544
Qwen3-4B-Base,Qwen3-4B,lm_head,2560,151936,4,620544,0.08619537204504013,0.9859308098198453,0.014069190180154734,0.29821138516231127,0.7017885897060341,0.2062116852030158,90,1,617856,decomposed_hybrid,2.3923753713280904,0.9956683168316832,33280,6,0,0.0866243913769722,decomposed_hybrid,0.05363036303630363,0.9463696369636964
Qwen3-4B-Base,Qwen3-4B,lm_head,2560,151936,8,1238528,0.12820656597614288,0.9859308098198453,0.014069190180154734,0.29821138516231127,0.7017885897060341,0.23557206895202398,211,1,1237376,decomposed_hybrid,1.8374415316284194,0.9990698635799917,84480,16,0,0.1297527402639389,decomposed_hybrid,0.06821000413393964,0.9317899958660604
Qwen3-4B-Base,Qwen3-4B,lm_head,2560,151936,16,2474496,0.17364497482776642,0.9859308098198453,0.014069190180154734,0.29821138516231127,0.7017885897060341,0.2672639973461628,331,5,2469760,decomposed_hybrid,1.5391404076694672,0.9980860749017174,258560,50,0,0.1739872694015503,decomposed_hybrid,0.10448996482516036,0.8955100351748396
Qwen3-4B-Base,Qwen3-4B,lm_head,2560,151936,32,4946432,0.2219008207321167,0.9859308098198453,0.014069190180154734,0.29821138516231127,0.7017885897060341,0.3032209239900112,543,14,4945664,decomposed_hybrid,1.3664704933924776,0.9998447365697133,884096,142,1,0.22195619251579046,decomposed_hybrid,0.17873408549839562,0.8212659145016044
Qwen3-4B-Base,Qwen3-4B,lm_head,2560,151936,64,9890304,0.2800915539264679,0.9859308098198453,0.014069190180154734,0.29821138516231127,0.7017885897060341,0.34826888889074326,875,35,9889920,decomposed_hybrid,1.2434108919334779,0.9999611740953565,3213952,416,7,0.2801138609647751,decomposed_hybrid,0.324959879898535,0.6750401201014651
Qwen2.5-0.5B,Qwen2.5-0.5B-Instruct,lm_head,896,151936,1,153728,0.12014422565698624,0.986895013765239,0.013104986234760993,0.25682551061798764,0.7431745111245006,0.18956543505191803,85,0,153216,decomposed_hybrid,1.5778156129877643,0.9966694421315571,4480,2,0,0.12323401123285294,decomposed_hybrid,0.029142381348875937,0.9708576186511241
Qwen2.5-0.5B,Qwen2.5-0.5B-Instruct,lm_head,896,151936,2,306560,0.14315257966518402,0.986895013765239,0.013104986234760993,0.25682551061798764,0.7431745111245006,0.20799358934164047,85,1,306048,decomposed_hybrid,1.4529503403159865,0.998329853862213,11648,6,0,0.14348502457141876,decomposed_hybrid,0.037995824634655534,0.9620041753653444
Qwen2.5-0.5B,Qwen2.5-0.5B-Instruct,lm_head,896,151936,4,612224,0.16040636599063873,0.986895013765239,0.013104986234760993,0.25682551061798764,0.7431745111245006,0.23578187078237534,255,1,610688,decomposed_hybrid,1.4699034500671595,0.9974911143633702,29568,16,0,0.16132289171218872,decomposed_hybrid,0.048296048505122306,0.9517039514948777
Qwen2.5-0.5B,Qwen2.5-0.5B-Instruct,lm_head,896,151936,8,1223552,0.180696040391922,0.986895013765239,0.013104986234760993,0.25682551061798764,0.7431745111245006,0.2644312847405672,511,2,1222272,decomposed_hybrid,1.4634038696532976,0.9989538654670991,95872,53,0,0.1807653158903122,decomposed_hybrid,0.07835547651427974,0.9216445234857202
Qwen2.5-0.5B,Qwen2.5-0.5B-Instruct,lm_head,896,151936,16,2446208,0.20363521575927734,0.986895013765239,0.013104986234760993,0.25682551061798764,0.7431745111245006,0.2898448444902897,852,6,2444672,decomposed_hybrid,1.4233532417738741,0.9993720893726127,275584,68,1,0.2036414071917534,decomposed_hybrid,0.11265763173041704,0.8873423682695829
Qwen2.5-0.5B,Qwen2.5-0.5B-Instruct,lm_head,896,151936,32,4891520,0.23176175355911255,0.986895013765239,0.013104986234760993,0.25682551061798764,0.7431745111245006,0.3118528164923191,852,22,4889984,decomposed_hybrid,1.3455749781975082,0.9996859871778098,555136,224,1,0.2318735048174858,decomposed_hybrid,0.11348946748658903,0.8865105325134109
Qwen2.5-0.5B,Qwen2.5-0.5B-Instruct,lm_head,896,151936,64,9782144,0.2745168209075928,0.986895013765239,0.013104986234760993,0.25682551061798764,0.7431745111245006,0.3474431186914444,852,54,9780608,decomposed_hybrid,1.265653294187025,0.99984297920783,1548416,693,2,0.2745194900780916,decomposed_hybrid,0.15829004357326984,0.8417099564267302
Qwen3-14B-Base,Qwen3-14B,lm_head,5120,151936,1,162176,0.029341408982872963,0.9907810132168415,0.009218986783158512,0.31877861995417894,0.6812212991813605,0.12611006200313568,15,0,158720,decomposed_hybrid,4.298023386564295,0.978689818468824,25600,2,0,0.04693359136581421,decomposed_hybrid,0.15785319652722968,0.8421468034727704
Qwen3-14B-Base,Qwen3-14B,lm_head,5120,151936,2,319232,0.053874894976615906,0.9907810132168415,0.009218986783158512,0.31877861995417894,0.6812212991813605,0.1551535725593567,30,0,312320,decomposed_hybrid,2.8798863111788937,0.9783480352846833,35840,3,0,0.06027551367878914,decomposed_hybrid,0.11226944667201283,0.8877305533279871
Qwen3-14B-Base,Qwen3-14B,lm_head,5120,151936,4,633344,0.08349963277578354,0.9907810132168415,0.009218986783158512,0.31877861995417894,0.6812212991813605,0.18400712311267853,61,0,629760,decomposed_hybrid,2.2036878126971122,0.994341147938561,66560,6,0,0.0877997875213623,decomposed_hybrid,0.10509296685529507,0.8949070331447049
Qwen3-14B-Base,Qwen3-14B,lm_head,5120,151936,8,1261568,0.12036596238613129,0.9907810132168415,0.009218986783158512,0.31877861995417894,0.6812212991813605,0.2095328369177878,107,1,1257856,decomposed_hybrid,1.74079808580445,0.9970576298701299,148480,14,0,0.1233532577753067,decomposed_hybrid,0.1176948051948052,0.8823051948051948
Qwen3-14B-Base,Qwen3-14B,lm_head,5120,151936,16,2518016,0.16194021701812744,0.9907810132168415,0.009218986783158512,0.31877861995417894,0.6812212991813605,0.23893407732248306,184,4,2517504,decomposed_hybrid,1.4754461968871946,0.9997966653111021,373760,36,0,0.16262362897396088,decomposed_hybrid,0.14843432289548597,0.851565677104514
Qwen3-14B-Base,Qwen3-14B,lm_head,5120,151936,32,5030912,0.21002736687660217,0.9907810132168415,0.009218986783158512,0.31877861995417894,0.6812212991813605,0.27122750878334045,291,13,5026688,decomposed_hybrid,1.2913912735129196,0.9991603907999186,1278336,109,1,0.21016841614618897,decomposed_hybrid,0.254096275188276,0.745903724811724
Qwen3-14B-Base,Qwen3-14B,lm_head,5120,151936,64,10056704,0.26647821068763733,0.9907810132168415,0.009218986783158512,0.31877861995417894,0.6812212991813605,0.312158040702343,460,34,10055424,decomposed_hybrid,1.1714205071282584,0.999872721718766,4586240,294,10,0.26649777591228485,decomposed_hybrid,0.45603808166174525,0.5439619183382547
Qwen3-8B-Base,Qwen3-8B,lm_head,4096,151936,1,160128,0.03033672831952572,0.9916613926048998,0.008338607395100202,0.30820418696811974,0.6917957764290531,0.13491810858249664,19,0,159744,decomposed_hybrid,4.447351974196206,0.9976019184652278,20480,2,0,0.045977845788002014,decomposed_hybrid,0.1278976818545164,0.8721023181454837
Qwen3-8B-Base,Qwen3-8B,lm_head,4096,151936,2,316160,0.0553119033575058,0.9916613926048998,0.008338607395100202,0.30820418696811974,0.6917957764290531,0.15979637205600739,38,0,315392,decomposed_hybrid,2.889005121070799,0.9975708502024292,28672,3,0,0.061348993331193924,decomposed_hybrid,0.09068825910931175,0.9093117408906882
Qwen3-8B-Base,Qwen3-8B,lm_head,4096,151936,4,628224,0.09113317728042603,0.9916613926048998,0.008338607395100202,0.30820418696811974,0.6917957764290531,0.18501472007483244,57,1,627072,decomposed_hybrid,2.0301576834693624,0.9981662591687042,61440,7,0,0.09491144865751266,decomposed_hybrid,0.097799511002445,0.902200488997555
Qwen3-8B-Base,Qwen3-8B,lm_head,4096,151936,8,1252352,0.1283809244632721,0.9916613926048998,0.008338607395100202,0.30820418696811974,0.6917957764290531,0.21321284770965576,114,2,1250048,decomposed_hybrid,1.6607829286246716,0.9981602616516762,135168,16,0,0.12866665422916412,decomposed_hybrid,0.10793131643499591,0.8920686835650041
Qwen3-8B-Base,Qwen3-8B,lm_head,4096,151936,16,2500608,0.1697004735469818,0.9916613926048998,0.008338607395100202,0.30820418696811974,0.6917957764290531,0.24360605888068676,209,5,2496384,decomposed_hybrid,1.4355060642376114,0.9983108108108109,421888,51,0,0.17031486332416534,decomposed_hybrid,0.16871416871416872,0.8312858312858313
Qwen3-8B-Base,Qwen3-8B,lm_head,4096,151936,32,4997120,0.2133452445268631,0.9916613926048998,0.008338607395100202,0.30820418696811974,0.6917957764290531,0.2776997350156307,361,13,4989824,decomposed_hybrid,1.3016448322130962,0.9985399590163935,1258240,115,2,0.21349428594112396,decomposed_hybrid,0.25179303278688525,0.7482069672131147
Qwen3-8B-Base,Qwen3-8B,lm_head,4096,151936,64,9990144,0.2647053599357605,0.9916613926048998,0.008338607395100202,0.30820418696811974,0.6917957764290531,0.31926536560058594,609,32,9986048,decomposed_hybrid,1.2061159837415691,0.999589995899959,3881984,321,8,0.2648037150502205,decomposed_hybrid,0.38858138581385815,0.6114186141861419
Qwen2.5-1.5B,Qwen2.5-1.5B-Instruct,lm_head,1536,151936,1,155008,0.5729874968528748,0.9992619361598801,0.0007380638401198979,0.5682479107468079,0.4317491536362726,0.5729874968528748,0,1,155008,pure_W_fallback,1.0,1.0,155008,0,1,0.5729874968528748,pure_W_fallback,1.0,0.0
Qwen2.5-1.5B,Qwen2.5-1.5B-Instruct,lm_head,1536,151936,2,308480,0.6016871333122253,0.9992619361598801,0.0007380638401198979,0.5682479107468079,0.4317491536362726,0.6452847793698311,49,1,305536,decomposed_hybrid,1.0724589967839353,0.9904564315352697,170368,5,1,0.6034111753106117,decomposed_hybrid,0.5522821576763486,0.4477178423236514
Qwen2.5-1.5B,Qwen2.5-1.5B-Instruct,lm_head,1536,151936,4,615424,0.6256941556930542,0.9992619361598801,0.0007380638401198979,0.5682479107468079,0.4317491536362726,0.6708607226610184,99,2,612608,decomposed_hybrid,1.0721863334618096,0.9954242928452579,201088,15,1,0.6265633776783943,decomposed_hybrid,0.32674708818635606,0.6732529118136439
Qwen2.5-1.5B,Qwen2.5-1.5B-Instruct,lm_head,1536,151936,8,1229312,0.65412837266922,0.9992619361598801,0.0007380638401198979,0.5682479107468079,0.4317491536362726,0.6933507025241852,149,5,1226624,decomposed_hybrid,1.0599612117341977,0.9978134110787172,400640,30,2,0.6542756706476212,decomposed_hybrid,0.3259058725531029,0.6740941274468971
Qwen2.5-1.5B,Qwen2.5-1.5B-Instruct,lm_head,1536,151936,16,2457088,0.6834786534309387,0.9992619361598801,0.0007380638401198979,0.5682479107468079,0.4317491536362726,0.7153461426496506,249,11,2454656,decomposed_hybrid,1.0466254345453847,0.9990102104605126,913408,97,4,0.6835259199142456,decomposed_hybrid,0.37174411335694935,0.6282558866430507
Qwen2.5-1.5B,Qwen2.5-1.5B-Instruct,lm_head,1536,151936,32,4912640,0.7142037153244019,0.9992619361598801,0.0007380638401198979,0.5682479107468079,0.4317491536362726,0.7397281527519226,399,24,4910592,decomposed_hybrid,1.0357383151051338,0.9995831162063574,2377856,224,11,0.7142253965139389,decomposed_hybrid,0.4840281396560709,0.5159718603439292
Qwen2.5-1.5B,Qwen2.5-1.5B-Instruct,lm_head,1536,151936,64,9823744,0.7474909424781799,0.9992619361598801,0.0007380638401198979,0.5682479107468079,0.4317491536362726,0.7674442231655121,649,51,9822336,decomposed_hybrid,1.0266936755396399,0.999856673789545,6018816,460,30,0.7474927455186844,decomposed_hybrid,0.6126804607286184,0.38731953927138163
Qwen3.5-9B-Base,Qwen3.5-9B-Instruct,lm_head,4096,248320,1,256512,0.018759388476610184,0.9977631099964671,0.0022368900035329075,0.21015581346213347,0.7898442474789146,0.09449944645166397,30,0,249856,decomposed_hybrid,5.037448132677084,0.9740518962075848,20480,2,0,0.026743467897176743,decomposed_hybrid,0.07984031936127745,0.9201596806387226
Qwen3.5-9B-Base,Qwen3.5-9B-Instruct,lm_head,4096,248320,2,508928,0.03533560782670975,0.9977631099964671,0.0022368900035329075,0.21015581346213347,0.7898442474789146,0.1172695904970169,61,0,503808,decomposed_hybrid,3.318737039196317,0.9899396378269618,28672,3,0,0.03586002439260483,decomposed_hybrid,0.056338028169014086,0.9436619718309859
Qwen3.5-9B-Base,Qwen3.5-9B-Instruct,lm_head,4096,248320,4,1013760,0.056147798895835876,0.9977631099964671,0.0022368900035329075,0.21015581346213347,0.7898442474789146,0.13879764080047607,123,0,1011712,decomposed_hybrid,2.4720050212114337,0.997979797979798,69632,8,0,0.0574047677218914,decomposed_hybrid,0.06868686868686869,0.9313131313131313
Qwen3.5-9B-Base,Qwen3.5-9B-Instruct,lm_head,4096,248320,8,2023424,0.08134233951568604,0.9977631099964671,0.0022368900035329075,0.21015581346213347,0.7898442474789146,0.16045855358242989,184,2,2016256,decomposed_hybrid,1.9726326355721193,0.9964574898785425,167936,20,0,0.08241204917430878,decomposed_hybrid,0.08299595141700405,0.917004048582996
Qwen3.5-9B-Base,Qwen3.5-9B-Instruct,lm_head,4096,248320,16,4042752,0.11433898657560349,0.9977631099964671,0.0022368900035329075,0.21015581346213347,0.7898442474789146,0.18685120716691017,308,6,4041728,decomposed_hybrid,1.6341863152981506,0.9997467071935157,462848,56,0,0.11455075442790985,decomposed_hybrid,0.11448834853090173,0.8855116514690983
Qwen3.5-9B-Base,Qwen3.5-9B-Instruct,lm_head,4096,248320,32,8081408,0.15770293772220612,0.9977631099964671,0.0022368900035329075,0.21015581346213347,0.7898442474789146,0.21894004940986633,462,17,8079872,decomposed_hybrid,1.3883067276497376,0.9998099341104917,1862144,196,1,0.15773321082815528,decomposed_hybrid,0.23042321338063862,0.7695767866193614
Qwen3.5-9B-Base,Qwen3.5-9B-Instruct,lm_head,4096,248320,64,16158720,0.21400083601474762,0.9977631099964671,0.0022368900035329075,0.21015581346213347,0.7898442474789146,0.2618575990200043,616,44,16156672,decomposed_hybrid,1.2236288600384657,0.9998732572877059,7329280,432,15,0.2140214927494526,decomposed_hybrid,0.45358048162230674,0.5464195183776932
Qwen2.5-3B,Qwen2.5-3B-Instruct,lm_head,2048,151936,1,156032,0.5176088809967041,0.9993997007337432,0.0006002992662567704,0.5538074195570127,0.4461887415895566,0.5176088809967041,0,1,156032,pure_W_fallback,1.0,1.0,156032,0,1,0.5176088809967041,pure_W_fallback,1.0,0.0
Qwen2.5-3B,Qwen2.5-3B-Instruct,lm_head,2048,151936,2,310016,0.5492799878120422,0.9993997007337432,0.0006002992662567704,0.5538074195570127,0.4461887415895566,0.5934864059090614,37,1,307584,decomposed_hybrid,1.0804806639198845,0.9921552436003304,176512,5,1,0.5530237630009651,decomposed_hybrid,0.569364161849711,0.43063583815028905
Qwen2.5-3B,Qwen2.5-3B-Instruct,lm_head,2048,151936,4,617984,0.5735723972320557,0.9993997007337432,0.0006002992662567704,0.5538074195570127,0.4461887415895566,0.6200748905539513,75,2,617216,decomposed_hybrid,1.081075193901079,0.9987572493786246,209280,13,1,0.5748030915856361,decomposed_hybrid,0.3386495443247722,0.6613504556752279
Qwen2.5-3B,Qwen2.5-3B-Instruct,lm_head,2048,151936,8,1233920,0.6014469265937805,0.9993997007337432,0.0006002992662567704,0.5538074195570127,0.4461887415895566,0.6420575007796288,112,5,1230720,decomposed_hybrid,1.0675214593178506,0.9974066390041494,405888,61,1,0.6014476791024208,decomposed_hybrid,0.32894190871369294,0.6710580912863071
Qwen2.5-3B,Qwen2.5-3B-Instruct,lm_head,2048,151936,16,2465792,0.6307701468467712,0.9993997007337432,0.0006002992662567704,0.5538074195570127,0.4461887415895566,0.6638393551111221,225,10,2463488,decomposed_hybrid,1.0524267174495565,0.9990656146179402,857216,96,3,0.6307849213480949,decomposed_hybrid,0.3476432724252492,0.6523567275747508
Qwen2.5-3B,Qwen2.5-3B-Instruct,lm_head,2048,151936,32,4929536,0.662178635597229,0.9993997007337432,0.0006002992662567704,0.5538074195570127,0.4461887415895566,0.6885662376880646,338,23,4928128,decomposed_hybrid,1.039849672991996,0.9997143747403406,2348800,197,10,0.662208154797554,decomposed_hybrid,0.47647486497714997,0.52352513502285
Qwen2.5-3B,Qwen2.5-3B-Instruct,lm_head,2048,151936,64,9857024,0.6965086460113525,0.9993997007337432,0.0006002992662567704,0.5538074195570127,0.4461887415895566,0.7171845138072968,563,49,9853312,decomposed_hybrid,1.0296850124034314,0.9996234157490131,6013440,415,28,0.6965347677469254,decomposed_hybrid,0.6100664865987949,0.3899335134012051
Qwen2.5-14B,Qwen2.5-14B-Instruct,lm_head,5120,152064,1,162304,0.3190900385379791,0.9994339220724631,0.0005660779275369471,0.4864189580733371,0.5135730357984131,0.3767608106136322,15,0,158720,decomposed_hybrid,1.180735106429181,0.9779179810725552,35840,3,0,0.3217822313308716,decomposed_hybrid,0.22082018927444794,0.7791798107255521
Qwen2.5-14B,Qwen2.5-14B-Instruct,lm_head,5120,152064,2,319488,0.3518429696559906,0.9994339220724631,0.0005660779275369471,0.4864189580733371,0.5135730357984131,0.4157666228711605,15,1,315904,decomposed_hybrid,1.1816823376566834,0.9887820512820513,87040,8,0,0.3560733199119568,decomposed_hybrid,0.2724358974358974,0.7275641025641026
Qwen2.5-14B,Qwen2.5-14B-Instruct,lm_head,5120,152064,4,633856,0.3894403278827667,0.9994339220724631,0.0005660779275369471,0.4864189580733371,0.5135730357984131,0.4520147405564785,46,1,633344,decomposed_hybrid,1.1606777937300539,0.9991922455573505,233984,7,1,0.3902030251920223,decomposed_hybrid,0.3691437802907916,0.6308562197092085
Qwen2.5-14B,Qwen2.5-14B-Instruct,lm_head,5120,152064,8,1262592,0.42935627698898315,0.9994339220724631,0.0005660779275369471,0.4864189580733371,0.5135730357984131,0.48323947563767433,76,3,1254912,decomposed_hybrid,1.1254976380607888,0.9939172749391727,397824,23,1,0.429830189794302,decomposed_hybrid,0.3150851581508516,0.6849148418491484
Qwen2.5-14B,Qwen2.5-14B-Instruct,lm_head,5120,152064,16,2520064,0.471757709980011,0.9994339220724631,0.0005660779275369471,0.4864189580733371,0.5135730357984131,0.5164578258991241,107,9,2515456,decomposed_hybrid,1.0947522742574938,0.9981714750101585,964608,63,2,0.4719921685755253,decomposed_hybrid,0.3827712312068265,0.6172287687931735
Qwen2.5-14B,Qwen2.5-14B-Instruct,lm_head,5120,152064,32,5035008,0.5198909044265747,0.9994339220724631,0.0005660779275369471,0.4864189580733371,0.5135730357984131,0.5527538806200027,184,20,5032960,decomposed_hybrid,1.0632112928185866,0.9995932479153956,2699776,125,9,0.5199890732765198,decomposed_hybrid,0.5362009355297946,0.46379906447020536
Qwen2.5-14B,Qwen2.5-14B-Instruct,lm_head,5120,152064,64,10064896,0.5735979676246643,0.9994339220724631,0.0005660779275369471,0.4864189580733371,0.5135730357984131,0.5942766219377518,276,46,10061824,decomposed_hybrid,1.036050780303006,0.9996947807508394,7205888,212,32,0.5736172273755074,decomposed_hybrid,0.7159426187811578,0.28405738121884216
Llama-3.2-1B,Llama-3.2-1B-Instruct,lm_head,2048,128256,1,132352,0.0682898685336113,0.9582858963221983,0.04171410367780169,0.4080941876317367,0.5919057519091038,0.20771388709545135,31,0,129024,decomposed_hybrid,3.041650124032931,0.9748549323017408,14336,3,0,0.0798630639910698,decomposed_hybrid,0.10831721470019343,0.8916827852998066
Llama-3.2-1B,Llama-3.2-1B-Instruct,lm_head,2048,128256,2,262656,0.08901307731866837,0.9582858963221983,0.04171410367780169,0.4080941876317367,0.5919057519091038,0.24956464767456055,63,0,260096,decomposed_hybrid,2.803685202131758,0.9902534113060428,18432,4,0,0.09161486476659775,decomposed_hybrid,0.07017543859649122,0.9298245614035088
Llama-3.2-1B,Llama-3.2-1B-Instruct,lm_head,2048,128256,4,523264,0.11789464205503464,0.9582858963221983,0.04171410367780169,0.4080941876317367,0.5919057519091038,0.293211854994297,95,1,521472,decomposed_hybrid,2.4870668410649417,0.9965753424657534,30720,7,0,0.11830674111843109,decomposed_hybrid,0.05870841487279843,0.9412915851272016
Llama-3.2-1B,Llama-3.2-1B-Instruct,lm_head,2048,128256,8,1044480,0.1583019495010376,0.9582858963221983,0.04171410367780169,0.4080941876317367,0.5919057519091038,0.33662766963243484,222,1,1041664,decomposed_hybrid,2.1264909920154103,0.9973039215686275,63488,15,0,0.16157087683677673,decomposed_hybrid,0.060784313725490195,0.9392156862745098
Llama-3.2-1B,Llama-3.2-1B-Instruct,lm_head,2048,128256,16,2086912,0.21197925508022308,0.9582858963221983,0.04171410367780169,0.4080941876317367,0.5919057519091038,0.372514970600605,413,3,2084608,decomposed_hybrid,1.7573180472760297,0.9988959764474975,141312,34,0,0.2134820818901062,decomposed_hybrid,0.06771344455348381,0.9322865554465162
Llama-3.2-1B,Llama-3.2-1B-Instruct,lm_head,2048,128256,32,4171776,0.276320219039917,0.9582858963221983,0.04171410367780169,0.4080941876317367,0.5919057519091038,0.41073692589998245,763,8,4169728,decomposed_hybrid,1.4864526646913512,0.9995090819833088,419072,70,1,0.2766420915722847,decomposed_hybrid,0.10045409916543938,0.8995459008345607
Llama-3.2-1B,Llama-3.2-1B-Instruct,lm_head,2048,128256,64,8341504,0.3481598198413849,0.9582858963221983,0.04171410367780169,0.4080941876317367,0.5919057519091038,0.4574817195534706,1145,28,8340480,decomposed_hybrid,1.3139991850923256,0.9998772403633686,1299712,285,1,0.3483029380440712,decomposed_hybrid,0.15581266879450037,0.8441873312054996
Llama-3.1-8B,Llama-3.1-8B-Instruct,lm_head,4096,128256,1,136448,0.07218135893344879,0.9958805526042451,0.004119447395754818,0.41130562917143865,0.588694223289422,0.20343969762325287,16,0,135168,decomposed_hybrid,2.818452030126286,0.9906191369606003,20480,2,0,0.08056583255529404,decomposed_hybrid,0.150093808630394,0.849906191369606
Llama-3.1-8B,Llama-3.1-8B-Instruct,lm_head,4096,128256,2,268800,0.09772707521915436,0.9958805526042451,0.004119447395754818,0.41130562917143865,0.588694223289422,0.25147461891174316,32,0,266240,decomposed_hybrid,2.573233859171655,0.9904761904761905,28672,3,0,0.09889562427997589,decomposed_hybrid,0.10666666666666667,0.8933333333333333
Llama-3.1-8B,Llama-3.1-8B-Instruct,lm_head,4096,128256,4,533504,0.1421862691640854,0.9958805526042451,0.004119447395754818,0.41130562917143865,0.588694223289422,0.28901384118944407,48,1,529664,decomposed_hybrid,2.032642412580058,0.9928023032629558,61440,7,0,0.14620468020439148,decomposed_hybrid,0.11516314779270634,0.8848368522072937
Llama-3.1-8B,Llama-3.1-8B-Instruct,lm_head,4096,128256,8,1062912,0.1949736475944519,0.9958805526042451,0.004119447395754818,0.41130562917143865,0.588694223289422,0.3297135913744569,113,1,1062144,decomposed_hybrid,1.6910674618975488,0.9992774566473989,126976,15,0,0.19877612590789795,decomposed_hybrid,0.11946050096339114,0.8805394990366089
Llama-3.1-8B,Llama-3.1-8B-Instruct,lm_head,4096,128256,16,2121728,0.2642081379890442,0.9958805526042451,0.004119447395754818,0.41130562917143865,0.588694223289422,0.37092818319797516,161,6,2117120,decomposed_hybrid,1.4039241411002876,0.9978281853281853,331776,40,0,0.26465660333633423,decomposed_hybrid,0.15637065637065636,0.8436293436293436
Llama-3.1-8B,Llama-3.1-8B-Instruct,lm_head,4096,128256,32,4239360,0.34461215138435364,0.9958805526042451,0.004119447395754818,0.41130562917143865,0.588694223289422,0.42091917991638184,242,17,4236544,decomposed_hybrid,1.2214287227699097,0.9993357487922705,1382912,136,2,0.3448100667446852,decomposed_hybrid,0.32620772946859905,0.673792270531401
Llama-3.1-8B,Llama-3.1-8B-Instruct,lm_head,4096,128256,64,8474624,0.4260493218898773,0.9958805526042451,0.004119447395754818,0.41130562917143865,0.588694223289422,0.47982722520828247,371,41,8469760,decomposed_hybrid,1.126224595499545,0.9994260512324794,4509440,243,19,0.4260633960366249,decomposed_hybrid,0.5321109231512808,0.46788907684871917
Llama-3.2-3B,Llama-3.2-3B-Instruct,lm_head,3072,128256,1,134400,0.05439969152212143,0.9657056778564524,0.03429432214354759,0.40243243090170117,0.5975676235570075,0.15628676116466522,21,0,132096,decomposed_hybrid,2.8729346948798744,0.9828571428571429,15360,2,0,0.05666222423315048,decomposed_hybrid,0.11428571428571428,0.8857142857142857
Llama-3.2-3B,Llama-3.2-3B-Instruct,lm_head,3072,128256,2,265728,0.07539685815572739,0.9657056778564524,0.03429432214354759,0.40243243090170117,0.5975676235570075,0.1971421092748642,42,0,261120,decomposed_hybrid,2.61472578695096,0.9826589595375722,27648,4,0,0.07856758683919907,decomposed_hybrid,0.10404624277456648,0.8959537572254335
Llama-3.2-3B,Llama-3.2-3B-Instruct,lm_head,3072,128256,4,528384,0.1006832867860794,0.9657056778564524,0.03429432214354759,0.40243243090170117,0.5975676235570075,0.23776821233332157,64,1,527616,decomposed_hybrid,2.3615459916252526,0.998546511627907,46080,7,0,0.1010369285941124,decomposed_hybrid,0.0872093023255814,0.9127906976744186
Llama-3.2-3B,Llama-3.2-3B-Instruct,lm_head,3072,128256,8,1053696,0.1349925398826599,0.9657056778564524,0.03429432214354759,0.40243243090170117,0.5975676235570075,0.2834795657545328,149,1,1049856,decomposed_hybrid,2.099964679536683,0.9963556851311953,95232,15,0,0.1374070644378662,decomposed_hybrid,0.09037900874635568,0.9096209912536444
Llama-3.2-3B,Llama-3.2-3B-Instruct,lm_head,3072,128256,16,2104320,0.17979633808135986,0.9657056778564524,0.03429432214354759,0.40243243090170117,0.5975676235570075,0.32330928556621075,299,2,2102784,decomposed_hybrid,1.798197277076409,0.9992700729927008,199680,32,0,0.18146145343780518,decomposed_hybrid,0.0948905109489051,0.9051094890510949
Llama-3.2-3B,Llama-3.2-3B-Instruct,lm_head,3072,128256,32,4205568,0.23669859766960144,0.9657056778564524,0.03429432214354759,0.40243243090170117,0.5975676235570075,0.3622287083417177,577,5,4204800,decomposed_hybrid,1.5303373653583658,0.99981738495252,521472,63,1,0.2369105312973261,decomposed_hybrid,0.12399561723886048,0.8760043827611396
Llama-3.2-3B,Llama-3.2-3B-Instruct,lm_head,3072,128256,64,8408064,0.3024144172668457,0.9657056778564524,0.03429432214354759,0.40243243090170117,0.5975676235570075,0.4062833599746227,919,21,8407296,decomposed_hybrid,1.343465578283342,0.9999086591158203,1455360,215,1,0.3025436643511057,decomposed_hybrid,0.17309097552064304,0.826909024479357
Qwen2.5-7B,Qwen2.5-7B-Instruct,lm_head,3584,152064,1,159232,0.31860554218292236,0.9986040546735593,0.0013959453264406666,0.46217183491235747,0.5378246576297078,0.3690061867237091,21,0,154112,decomposed_hybrid,1.1581913616300183,0.9678456591639871,25088,3,0,0.32295116782188416,decomposed_hybrid,0.15755627009646303,0.842443729903537
Qwen2.5-7B,Qwen2.5-7B-Instruct,lm_head,3584,152064,2,314880,0.3639683425426483,0.9986040546735593,0.0013959453264406666,0.46217183491235747,0.5378246576297078,0.4070048965513706,21,1,309760,decomposed_hybrid,1.1182425749120735,0.983739837398374,125440,17,0,0.3644997179508209,decomposed_hybrid,0.3983739837398374,0.6016260162601625
Qwen2.5-7B,Qwen2.5-7B-Instruct,lm_head,3584,152064,4,626176,0.3887304365634918,0.9986040546735593,0.0013959453264406666,0.46217183491235747,0.5378246576297078,0.4355343393981457,43,2,623104,decomposed_hybrid,1.1204019506381238,0.9950940310711366,230912,10,1,0.3898921050131321,decomposed_hybrid,0.3687653311529027,0.6312346688470973
Qwen2.5-7B,Qwen2.5-7B-Instruct,lm_head,3584,152064,8,1248768,0.41822680830955505,0.9986040546735593,0.0013959453264406666,0.46217183491235747,0.5378246576297078,0.4637162759900093,108,3,1244672,decomposed_hybrid,1.1087674600877921,0.996719967199672,417280,36,1,0.41838691011071205,decomposed_hybrid,0.33415334153341536,0.6658466584665846
Qwen2.5-7B,Qwen2.5-7B-Instruct,lm_head,3584,152064,16,2493952,0.4509658217430115,0.9986040546735593,0.0013959453264406666,0.46217183491235747,0.5378246576297078,0.4933883845806122,195,7,2490880,decomposed_hybrid,1.0940704612017709,0.9987682200780127,916992,84,2,0.45114387199282646,decomposed_hybrid,0.3676863067132006,0.6323136932867994
Qwen2.5-7B,Qwen2.5-7B-Instruct,lm_head,3584,152064,32,4984320,0.48726600408554077,0.9986040546735593,0.0013959453264406666,0.46217183491235747,0.5378246576297078,0.5256833285093307,304,18,4984320,decomposed_hybrid,1.0788426118417358,1.0,2163200,171,6,0.4873380586504936,decomposed_hybrid,0.4340010272213662,0.5659989727786339
Qwen2.5-7B,Qwen2.5-7B-Instruct,lm_head,3584,152064,64,9965056,0.5320753455162048,0.9986040546735593,0.0013959453264406666,0.46217183491235747,0.5378246576297078,0.5630510300397873,434,44,9963008,decomposed_hybrid,1.0582167258539872,0.9997944818373323,5664256,312,22,0.5321282222867012,decomposed_hybrid,0.5684118583979859,0.4315881416020141
Llama-3.1-70B-Base,Llama-3.1-70B-Instruct,lm_head,8192,128256,1,144640,0.08102399855852127,0.9950256673885755,0.004974332611424567,0.4783828121684043,0.5216166012904332,0.17676673829555511,8,0,139264,decomposed_hybrid,2.181659032390035,0.9628318584070796,40960,2,0,0.10123936086893082,decomposed_hybrid,0.2831858407079646,0.7168141592920354
Llama-3.1-70B-Base,Llama-3.1-70B-Instruct,lm_head,8192,128256,2,281088,0.11186464875936508,0.9950256673885755,0.004974332611424567,0.4783828121684043,0.5216166012904332,0.22407343983650208,16,0,270336,decomposed_hybrid,2.0030764170950217,0.9617486338797814,57344,3,0,0.1234307661652565,decomposed_hybrid,0.2040072859744991,0.7959927140255009
Llama-3.1-70B-Base,Llama-3.1-70B-Instruct,lm_head,8192,128256,4,553984,0.1546747237443924,0.9950256673885755,0.004974332611424567,0.4783828121684043,0.5216166012904332,0.27737146615982056,33,0,548864,decomposed_hybrid,1.7932565802942086,0.9907578558225508,106496,6,0,0.1604164093732834,decomposed_hybrid,0.1922365988909427,0.8077634011090573
Llama-3.1-70B-Base,Llama-3.1-70B-Instruct,lm_head,8192,128256,8,1099776,0.20243412256240845,0.9950256673885755,0.004974332611424567,0.4783828121684043,0.5216166012904332,0.32082133274525404,58,1,1094912,decomposed_hybrid,1.5848184519699635,0.9955772811918063,204800,12,0,0.2036658674478531,decomposed_hybrid,0.186219739292365,0.813780260707635
Llama-3.1-70B-Base,Llama-3.1-70B-Instruct,lm_head,8192,128256,16,2191360,0.2652445137500763,0.9950256673885755,0.004974332611424567,0.4783828121684043,0.5216166012904332,0.36212478391826153,116,2,2181632,decomposed_hybrid,1.3652489124034044,0.9955607476635514,466944,28,0,0.2659127414226532,decomposed_hybrid,0.2130841121495327,0.7869158878504673
Llama-3.1-70B-Base,Llama-3.1-70B-Instruct,lm_head,8192,128256,32,4374528,0.339315265417099,0.9950256673885755,0.004974332611424567,0.4783828121684043,0.5216166012904332,0.4085838794708252,183,10,4370944,decomposed_hybrid,1.2041423452274647,0.9991807116104869,1488128,82,1,0.33939414005726576,decomposed_hybrid,0.34018024344569286,0.6598197565543071
Llama-3.1-70B-Base,Llama-3.1-70B-Instruct,lm_head,8192,128256,64,8740864,0.4127516448497772,0.9950256673885755,0.004974332611424567,0.4783828121684043,0.5216166012904332,0.4627363458275795,283,30,8738304,decomposed_hybrid,1.1211011551413548,0.9997071227741331,4638464,191,11,0.41294053941965103,decomposed_hybrid,0.5306642455482662,0.4693357544517338
Gemma-3-4B,Gemma-3-4B-Instruct,lm_head,2560,262208,1,267328,0.018168888986110687,0.9531679034284962,0.04683209657150381,0.1009840327263784,0.8990160085664437,0.07840780913829803,51,0,263680,decomposed_hybrid,4.315498278306249,0.9863538424706727,12800,2,0,0.025364605709910393,decomposed_hybrid,0.04788125448886761,0.9521187455111324
Gemma-3-4B,Gemma-3-4B-Instruct,lm_head,2560,262208,2,532096,0.030754972249269485,0.9531679034284962,0.04683209657150381,0.1009840327263784,0.8990160085664437,0.08426082879304886,103,0,529920,decomposed_hybrid,2.7397465395225735,0.9959105123887418,17920,3,0,0.03264305368065834,decomposed_hybrid,0.03367813326918451,0.9663218667308155
Gemma-3-4B,Gemma-3-4B-Instruct,lm_head,2560,262208,4,1061632,0.046388816088438034,0.9531679034284962,0.04683209657150381,0.1009840327263784,0.8990160085664437,0.09215002786368132,103,2,1059456,decomposed_hybrid,1.9864707839924551,0.9979503255365324,38400,7,0,0.048199594020843506,decomposed_hybrid,0.03617072582589824,0.9638292741741018
Gemma-3-4B,Gemma-3-4B-Instruct,lm_head,2560,262208,8,2120704,0.06461799889802933,0.9531679034284962,0.04683209657150381,0.1009840327263784,0.8990160085664437,0.10018487181514502,206,4,2116352,decomposed_hybrid,1.550417430493973,0.9979478512795751,94720,18,0,0.06488397717475891,decomposed_hybrid,0.04466441332689522,0.9553355866731048
Gemma-3-4B,Gemma-3-4B-Instruct,lm_head,2560,262208,16,4238848,0.08493389934301376,0.9531679034284962,0.04683209657150381,0.1009840327263784,0.8990160085664437,0.11029595695436001,258,11,4235968,decomposed_hybrid,1.2986093633699676,0.9993205701171639,574528,60,1,0.08505827514454722,decomposed_hybrid,0.13553871240487983,0.8644612875951202
Gemma-3-4B,Gemma-3-4B-Instruct,lm_head,2560,262208,32,8475136,0.10734844207763672,0.9531679034284962,0.04683209657150381,0.1009840327263784,0.8990160085664437,0.12474241107702255,361,25,8470080,decomposed_hybrid,1.1620328032968203,0.9994034314021627,3557952,229,9,0.10735402442514896,decomposed_hybrid,0.4198106083489398,0.5801893916510602
Gemma-3-4B,Gemma-3-4B-Instruct,lm_head,2560,262208,64,16947712,0.13497519493103027,0.9531679034284962,0.04683209657150381,0.1009840327263784,0.8990160085664437,0.1468222700059414,517,54,16947072,decomposed_hybrid,1.087772239047069,0.9999622367904293,12143936,458,37,0.1349821463227272,decomposed_hybrid,0.7165531252832241,0.2834468747167759
Gemma-2-9B,Gemma-2-9B-Instruct,lm_head,3584,256000,1,263168,0.08386193215847015,0.9878627279082711,0.01213727209172885,0.26866272928414836,0.7313366621629243,0.21806444227695465,36,0,261632,decomposed_hybrid,2.600279252627855,0.9941634241245136,17920,2,0,0.11844101548194885,decomposed_hybrid,0.06809338521400778,0.9319066147859922
Gemma-2-9B,Gemma-2-9B-Instruct,lm_head,3584,256000,2,522752,0.1268921047449112,0.9878627279082711,0.01213727209172885,0.26866272928414836,0.7313366621629243,0.23136429488658905,72,0,519680,decomposed_hybrid,1.8233151333701678,0.9941234084231146,25088,3,0,0.13676227629184723,decomposed_hybrid,0.047992164544564155,0.9520078354554359
Gemma-2-9B,Gemma-2-9B-Instruct,lm_head,3584,256000,4,1041920,0.16089174151420593,0.9878627279082711,0.01213727209172885,0.26866272928414836,0.7313366621629243,0.24822771828621626,108,1,1037312,decomposed_hybrid,1.5428244852722848,0.9955773955773956,46592,6,0,0.1657049059867859,decomposed_hybrid,0.04471744471744472,0.9552825552825552
Gemma-2-9B,Gemma-2-9B-Instruct,lm_head,3584,256000,8,2080256,0.19529302418231964,0.9878627279082711,0.01213727209172885,0.26866272928414836,0.7313366621629243,0.26276537775993347,181,3,2079744,decomposed_hybrid,1.3454929015519965,0.9997538764459759,111104,15,0,0.19597338140010834,decomposed_hybrid,0.053408811223234064,0.946591188776766
Gemma-2-9B,Gemma-2-9B-Instruct,lm_head,3584,256000,16,4156928,0.225343257188797,0.9878627279082711,0.01213727209172885,0.26866272928414836,0.7313366621629243,0.2768601309508085,253,9,4153344,decomposed_hybrid,1.2286151110297021,0.9991378248552777,376320,52,0,0.22565650939941406,decomposed_hybrid,0.09052839019583693,0.9094716098041631
Gemma-2-9B,Gemma-2-9B-Instruct,lm_head,3584,256000,32,8310272,0.25481271743774414,0.9878627279082711,0.01213727209172885,0.26866272928414836,0.7313366621629243,0.2929174192249775,507,18,8310272,decomposed_hybrid,1.1495400314803483,1.0,1375744,119,2,0.25491960532963276,decomposed_hybrid,0.16554740927854106,0.8344525907214589
Gemma-2-9B,Gemma-2-9B-Instruct,lm_head,3584,256000,64,16616960,0.284685879945755,0.9878627279082711,0.01213727209172885,0.26866272928414836,0.7313366621629243,0.3128402344882488,724,44,16614912,decomposed_hybrid,1.098896209913391,0.9998767524264366,5885440,386,12,0.28469984605908394,decomposed_hybrid,0.35418271452780775,0.6458172854721922
Qwen2.5-32B,Qwen2.5-32B-Instruct,lm_head,5120,152064,1,162304,0.3846670389175415,0.9994232718752262,0.0005767281247738047,0.5145947166327168,0.48539259079541425,0.4186153709888458,15,0,158720,decomposed_hybrid,1.0882538107939672,0.9779179810725552,46080,4,0,0.38765865564346313,decomposed_hybrid,0.28391167192429023,0.7160883280757098
Qwen2.5-32B,Qwen2.5-32B-Instruct,lm_head,5120,152064,2,319488,0.4138975143432617,0.9994232718752262,0.0005767281247738047,0.5145947166327168,0.48539259079541425,0.4564078152179718,15,1,315904,decomposed_hybrid,1.1027073113549906,0.9887820512820513,138240,13,0,0.41555255651474,decomposed_hybrid,0.4326923076923077,0.5673076923076923
Qwen2.5-32B,Qwen2.5-32B-Instruct,lm_head,5120,152064,4,633856,0.4426300823688507,0.9994232718752262,0.0005767281247738047,0.5145947166327168,0.48539259079541425,0.4826575741171837,30,2,626688,decomposed_hybrid,1.0904310243310065,0.9886914378029079,254464,9,1,0.4449484348297119,decomposed_hybrid,0.401453957996769,0.598546042003231
Qwen2.5-32B,Qwen2.5-32B-Instruct,lm_head,5120,152064,8,1262592,0.4723128378391266,0.9994232718752262,0.0005767281247738047,0.5145947166327168,0.48539259079541425,0.5101340934634209,76,3,1254912,decomposed_hybrid,1.080076704663227,0.9939172749391727,479744,31,1,0.47280487418174744,decomposed_hybrid,0.3799675587996756,0.6200324412003244
Qwen2.5-32B,Qwen2.5-32B-Instruct,lm_head,5120,152064,16,2520064,0.5036322474479675,0.9994232718752262,0.0005767281247738047,0.5145947166327168,0.48539259079541425,0.5378594845533371,122,8,2511872,decomposed_hybrid,1.067960773518391,0.9967492889069484,1070592,58,3,0.504009060561657,decomposed_hybrid,0.42482730597318163,0.5751726940268184
Qwen2.5-32B,Qwen2.5-32B-Instruct,lm_head,5120,152064,32,5035008,0.5411148071289062,0.9994232718752262,0.0005767281247738047,0.5145947166327168,0.48539259079541425,0.5686172693967819,199,19,5029376,decomposed_hybrid,1.0508255584684525,0.9988814317673378,2720256,127,9,0.5411449670791626,decomposed_hybrid,0.540268456375839,0.459731543624161
Qwen2.5-32B,Qwen2.5-32B-Instruct,lm_head,5120,152064,64,10064896,0.5865811109542847,0.9994232718752262,0.0005767281247738047,0.5145947166327168,0.48539259079541425,0.6060627549886703,291,45,10058240,decomposed_hybrid,1.0332121912393186,0.9993386916268185,7137280,236,30,0.5866069570183754,decomposed_hybrid,0.7091260555499034,0.2908739444500966
Gemma-2-2B,Gemma-2-2B-Instruct,lm_head,2304,256000,1,260608,0.23200497031211853,0.9989458769818493,0.0010541230181506573,0.3685498521808143,0.631449765319352,0.30116820335388184,56,0,260352,decomposed_hybrid,1.2981109971425067,0.9990176817288802,39168,8,0,0.23655174672603607,decomposed_hybrid,0.15029469548133595,0.849705304518664
Gemma-2-2B,Gemma-2-2B-Instruct,lm_head,2304,256000,2,518912,0.275238037109375,0.9989458769818493,0.0010541230181506573,0.3685498521808143,0.631449765319352,0.4060799926519394,56,1,518656,decomposed_hybrid,1.4753774475239771,0.9995066600888012,112896,24,0,0.2763844132423401,decomposed_hybrid,0.21756290083867785,0.7824370991613221
Gemma-2-2B,Gemma-2-2B-Instruct,lm_head,2304,256000,4,1035520,0.3393592834472656,0.9989458769818493,0.0010541230181506573,0.3685498521808143,0.631449765319352,0.4396860748529434,112,2,1035008,decomposed_hybrid,1.2956359124363486,0.9995055624227441,297472,8,1,0.34146353602409363,decomposed_hybrid,0.2872682323856613,0.7127317676143388
Gemma-2-2B,Gemma-2-2B-Instruct,lm_head,2304,256000,8,2068736,0.39636412262916565,0.9989458769818493,0.0010541230181506573,0.3685498521808143,0.631449765319352,0.4794476330280304,168,5,2067968,decomposed_hybrid,1.2096141039399695,0.9996287588169781,444928,40,1,0.3966112583875656,decomposed_hybrid,0.21507239203068926,0.7849276079693107
Gemma-2-2B,Gemma-2-2B-Instruct,lm_head,2304,256000,16,4135168,0.4501577317714691,0.9989458769818493,0.0010541230181506573,0.3685498521808143,0.631449765319352,0.5183803588151932,280,11,4133888,decomposed_hybrid,1.1515527163673345,0.999690459976475,1233408,99,3,0.4502362310886383,decomposed_hybrid,0.29827276666873026,0.7017272333312697
Gemma-2-2B,Gemma-2-2B-Instruct,lm_head,2304,256000,32,8268032,0.5050368309020996,0.9989458769818493,0.0010541230181506573,0.3685498521808143,0.631449765319352,0.5598621219396591,504,23,8265728,decomposed_hybrid,1.1085570154153515,0.9997213363470291,3276032,262,8,0.5050583183765411,decomposed_hybrid,0.39622875189646095,0.6037712481035391
Gemma-2-2B,Gemma-2-2B-Instruct,lm_head,2304,256000,64,16533760,0.5639730095863342,0.9989458769818493,0.0010541230181506573,0.3685498521808143,0.631449765319352,0.6068014204502106,728,51,16530432,decomposed_hybrid,1.0759405328550924,0.9997987148718743,8823808,513,25,0.5639996379613876,decomposed_hybrid,0.5336842920182705,0.4663157079817295
Qwen2.5-72B-Base,Qwen2.5-72B-Instruct,lm_head,8192,152064,1,168448,0.3458186984062195,0.9986657799103109,0.0013342200896891412,0.4805339112077239,0.5194366994475622,0.3737380802631378,9,0,155648,decomposed_hybrid,1.0807341592157709,0.9240121580547113,57344,3,0,0.35174500942230225,decomposed_hybrid,0.3404255319148936,0.6595744680851063
Qwen2.5-72B-Base,Qwen2.5-72B-Instruct,lm_head,8192,152064,2,328704,0.3838179111480713,0.9986657799103109,0.0013342200896891412,0.4805339112077239,0.5194366994475622,0.40411425195634365,9,1,315904,decomposed_hybrid,1.052880129401888,0.9610591900311527,233984,4,1,0.38797024451196194,decomposed_hybrid,0.7118380062305296,0.2881619937694704
Qwen2.5-72B-Base,Qwen2.5-72B-Instruct,lm_head,8192,152064,4,649216,0.40301981568336487,0.9986657799103109,0.0013342200896891412,0.4805339112077239,0.5194366994475622,0.4271574467420578,19,2,640000,decomposed_hybrid,1.0598919212390707,0.9858044164037855,315904,9,1,0.40411425195634365,decomposed_hybrid,0.4865930599369085,0.5134069400630915
Qwen2.5-72B-Base,Qwen2.5-72B-Instruct,lm_head,8192,152064,8,1290240,0.425934761762619,0.9986657799103109,0.0013342200896891412,0.4805339112077239,0.5194366994475622,0.4469987265765667,39,4,1288192,decomposed_hybrid,1.0494535001716694,0.9984126984126984,623616,18,2,0.42626212537288666,decomposed_hybrid,0.48333333333333334,0.5166666666666666
Qwen2.5-72B-Base,Qwen2.5-72B-Instruct,lm_head,8192,152064,16,2572288,0.45101431012153625,0.9986657799103109,0.0013342200896891412,0.4805339112077239,0.5194366994475622,0.46896130591630936,88,7,2571776,decomposed_hybrid,1.039792519642973,0.9998009554140127,1468416,50,4,0.45103610679507256,decomposed_hybrid,0.570859872611465,0.429140127388535
Qwen2.5-72B-Base,Qwen2.5-72B-Instruct,lm_head,8192,152064,32,5136384,0.477771520614624,0.9986657799103109,0.0013342200896891412,0.4805339112077239,0.5194366994475622,0.4941243305802345,156,16,5128192,decomposed_hybrid,1.0342272598094036,0.9984051036682615,3318272,114,9,0.47778037562966347,decomposed_hybrid,0.6460326953748007,0.3539673046251993
Qwen2.5-72B-Base,Qwen2.5-72B-Instruct,lm_head,8192,152064,64,10264576,0.5101701021194458,0.9986657799103109,0.0013342200896891412,0.4805339112077239,0.5194366994475622,0.5240159779787064,264,37,10263040,decomposed_hybrid,1.0271397241855988,0.9998503591380686,7562752,197,27,0.5101702660322189,decomposed_hybrid,0.7367817238627294,0.26321827613727056
Gemma-3-12B,Gemma-3-12B-Instruct,lm_head,3840,262208,1,269888,0.0340232253074646,0.962656724315314,0.037343275684686005,0.12327494939683,0.8767249241795274,0.07415088266134262,34,0,264960,decomposed_hybrid,2.179419558000403,0.9817405738676784,19200,2,0,0.03901796415448189,decomposed_hybrid,0.0711406212947593,0.9288593787052407
Gemma-3-12B,Gemma-3-12B-Instruct,lm_head,3840,262208,2,535936,0.0418589748442173,0.962656724315314,0.037343275684686005,0.12327494939683,0.8767249241795274,0.08088190853595734,69,0,533760,decomposed_hybrid,1.9322477159789053,0.9959398137090996,26880,3,0,0.04389967396855354,decomposed_hybrid,0.050155242417005017,0.949844757582995
Gemma-3-12B,Gemma-3-12B-Instruct,lm_head,3840,262208,4,1068032,0.055772341787815094,0.962656724315314,0.037343275684686005,0.12327494939683,0.8767249241795274,0.0906096687540412,103,1,1060928,decomposed_hybrid,1.6246344666459247,0.9933485139022051,65280,8,0,0.05628179758787155,decomposed_hybrid,0.06112176414189837,0.9388782358581016
Gemma-3-12B,Gemma-3-12B-Instruct,lm_head,3840,262208,8,2132224,0.06979312747716904,0.962656724315314,0.037343275684686005,0.12327494939683,0.8767249241795274,0.09956152178347111,173,3,2130624,decomposed_hybrid,1.4265232893602597,0.9992496097970945,180480,23,0,0.06999675184488297,decomposed_hybrid,0.08464401488774162,0.9153559851122584
Gemma-3-12B,Gemma-3-12B-Instruct,lm_head,3840,262208,16,4260608,0.08547904342412949,0.962656724315314,0.037343275684686005,0.12327494939683,0.8767249241795274,0.11100838705897331,277,8,4259584,decomposed_hybrid,1.2986620183402435,0.9997596587153759,715328,58,1,0.08553761150687933,decomposed_hybrid,0.1678934086402692,0.8321065913597308
Gemma-3-12B,Gemma-3-12B-Instruct,lm_head,3840,262208,32,8517376,0.10422154515981674,0.962656724315314,0.037343275684686005,0.12327494939683,0.8767249241795274,0.12674136087298393,519,17,8512576,decomposed_hybrid,1.2160763945557953,0.9994364461543086,2908480,205,5,0.10424109641462564,decomposed_hybrid,0.34147606023263505,0.658523939767365
Gemma-3-12B,Gemma-3-12B-Instruct,lm_head,3840,262208,64,17030912,0.12770159542560577,0.962656724315314,0.037343275684686005,0.12327494939683,0.8767249241795274,0.1481262370944023,866,39,17030592,decomposed_hybrid,1.1599403797636592,0.999981210636283,8832384,526,18,0.12771500274538994,decomposed_hybrid,0.518608985825304,0.481391014174696
Gemma-3-27B,Gemma-3-27B-Instruct,lm_head,5376,262208,1,272960,0.019437016919255257,0.9675574083518943,0.032442591648105645,0.09911744841666441,0.9008825098104917,0.05005786567926407,24,0,263424,decomposed_hybrid,2.575388285517944,0.9650644783118406,26880,2,0,0.024133237078785896,decomposed_hybrid,0.0984759671746776,0.9015240328253225
Gemma-3-27B,Gemma-3-27B-Instruct,lm_head,5376,262208,2,540544,0.026580652222037315,0.9675574083518943,0.032442591648105645,0.09911744841666441,0.9008825098104917,0.056052058935165405,49,0,532224,decomposed_hybrid,2.1087540842468164,0.9846080985081695,37632,3,0,0.02818588726222515,decomposed_hybrid,0.06961875443997158,0.9303812455600284
Gemma-3-27B,Gemma-3-27B-Instruct,lm_head,5376,262208,4,1075712,0.03576241433620453,0.9675574083518943,0.032442591648105645,0.09911744841666441,0.9008825098104917,0.062269343761727214,74,1,1068608,decomposed_hybrid,1.7411951882311274,0.9933960019038554,80640,7,0,0.03685138374567032,decomposed_hybrid,0.07496430271299381,0.9250356972870062
Gemma-3-27B,Gemma-3-27B-Instruct,lm_head,5376,262208,8,2146048,0.046902529895305634,0.9675574083518943,0.032442591648105645,0.09911744841666441,0.9008825098104917,0.07098057307302952,99,4,2140160,decomposed_hybrid,1.5133634205120734,0.9972563521412382,198912,18,0,0.04739405959844589,decomposed_hybrid,0.09268758201121317,0.9073124179887868
Gemma-3-27B,Gemma-3-27B-Instruct,lm_head,5376,262208,16,4286720,0.06253429502248764,0.9675574083518943,0.032442591648105645,0.09911744841666441,0.9008825098104917,0.0835447870194912,149,10,4283264,decomposed_hybrid,1.335983510959036,0.9991937891908033,1100864,77,1,0.06258402648381889,decomposed_hybrid,0.25680800238877277,0.7431919976112272
Gemma-3-27B,Gemma-3-27B-Instruct,lm_head,5376,262208,32,8568064,0.08272945880889893,0.9675574083518943,0.032442591648105645,0.09911744841666441,0.9008825098104917,0.09943755529820919,248,22,8558720,decomposed_hybrid,1.2019606646757495,0.9989094385849592,4132736,135,10,0.08278502151370049,decomposed_hybrid,0.4823418685948191,0.5176581314051809
Gemma-3-27B,Gemma-3-27B-Instruct,lm_head,5376,262208,64,17130752,0.10648152232170105,0.9675574083518943,0.032442591648105645,0.09911744841666441,0.9008825098104917,0.1201905757188797,423,47,17129920,decomposed_hybrid,1.1287458433939457,0.9999514323714452,11130688,313,29,0.10650074481964111,decomposed_hybrid,0.6497489427200861,0.3502510572799139
Gemma-2-27B,Gemma-2-27B-Instruct,lm_head,4608,256000,1,265216,0.08144690096378326,0.9964781784501565,0.003521821549843446,0.32016493263309553,0.6798346816858805,0.24408675730228424,28,0,262656,decomposed_hybrid,2.9968820718030944,0.9903474903474904,23040,2,0,0.10131656378507614,decomposed_hybrid,0.08687258687258688,0.9131274131274131
Gemma-2-27B,Gemma-2-27B-Instruct,lm_head,4608,256000,2,525824,0.12983213365077972,0.9964781784501565,0.003521821549843446,0.32016493263309553,0.6798346816858805,0.2752876188606024,28,1,523264,decomposed_hybrid,2.1203350135265153,0.9951314508276533,32256,3,0,0.1310308575630188,decomposed_hybrid,0.06134371957156767,0.9386562804284323
Gemma-2-27B,Gemma-2-27B-Instruct,lm_head,4608,256000,4,1047040,0.18742996454238892,0.9964781784501565,0.003521821549843446,0.32016493263309553,0.6798346816858805,0.3048767503350973,84,1,1039360,decomposed_hybrid,1.6266169130397865,0.9926650366748166,78336,8,0,0.19109895825386047,decomposed_hybrid,0.07481662591687041,0.9251833740831296
Gemma-2-27B,Gemma-2-27B-Instruct,lm_head,4608,256000,8,2089472,0.24183224141597748,0.9964781784501565,0.003521821549843446,0.32016493263309553,0.6798346816858805,0.3267351984977722,113,4,2088448,decomposed_hybrid,1.351082041768585,0.9995099240382259,253440,27,0,0.24275392293930054,decomposed_hybrid,0.12129380053908356,0.8787061994609164
Gemma-2-27B,Gemma-2-27B-Instruct,lm_head,4608,256000,16,4174336,0.2872562110424042,0.9964781784501565,0.003521821549843446,0.32016493263309553,0.6798346816858805,0.34894583001732826,197,9,4165632,decomposed_hybrid,1.214754691468856,0.9979148779590334,643072,41,1,0.2878140565007925,decomposed_hybrid,0.15405372255611433,0.8459462774438857
Gemma-2-27B,Gemma-2-27B-Instruct,lm_head,4608,256000,32,8344064,0.33262115716934204,0.9964781784501565,0.003521821549843446,0.32016493263309553,0.6798346816858805,0.3743128031492233,311,21,8343552,decomposed_hybrid,1.1253427362669401,0.9999386390133154,2524160,132,5,0.33270206302404404,decomposed_hybrid,0.30250966435540283,0.6974903356445972
Gemma-2-27B,Gemma-2-27B-Instruct,lm_head,4608,256000,64,16683520,0.3754139244556427,0.9964781784501565,0.003521821549843446,0.32016493263309553,0.6798346816858805,0.4035028889775276,480,47,16676864,decomposed_hybrid,1.074821317729795,0.9996010434248888,8576512,308,22,0.3754193037748337,decomposed_hybrid,0.5140708915145006,0.4859291084854994
